match_id,period_id,timestamp,carrier_id,opponent_id,distance_m,approach_angle_deg,carrier_speed_mps,opponent_speed_mps,closing_speed_mps,second_nearest_dist_m,n_supporting_teammates,dist_to_sideline_m,dist_to_goal_line_m,carrier_x,carrier_y,sync_error_suspect,label
J03WPY,1,0:00:31.090000,DFL-OBJ-0028T3,DFL-OBJ-J01H9X,1.2965338406690352,87.96248725288375,12.62,7.02,3.970331294637364,2.02607995893548,4,19.67,56.02,-3.52,14.33,False,1
J03WPY,1,0:00:26.490000,DFL-OBJ-002595,DFL-OBJ-00028V,1.16,161.51201591344093,1.71,2.65,-1.3054781280898053,4.548955924165456,2,11.75,55.19,-2.69,22.25,False,1
J03WPY,1,0:00:28.890000,DFL-OBJ-0028BZ,DFL-OBJ-0000NZ,0.9718538984847465,85.21507656468152,9.61,3.96,2.2770094935836163,1.6854969593564972,4,11.440000000000001,50.88,1.62,22.56,False,1
J03WPY,1,0:00:30.730000,DFL-OBJ-0028T3,DFL-OBJ-0026RH,1.1332254850646448,4.0877632061147855,15.24,8.37,-0.7957554394736762,2.6401704490430165,5,21.07,55.85,-3.35,12.93,False,1
J03WPY,1,0:00:32.530000,DFL-OBJ-0000EJ,DFL-OBJ-002G5J,0.8861715409558117,84.44952104290527,5.52,4.67,3.6354791967939426,3.600013888862098,2,16.63,61.99,-9.49,17.37,False,1
J03WPY,1,0:01:07.410000,DFL-OBJ-002GG4,DFL-OBJ-J01KJ5,0.6711929677819916,116.64398502753394,16.19,20.59,1.1936460384065202,4.478236259957707,1,22.09,28.93,23.57,-11.91,False,1
J03WPY,1,0:01:08.930000,DFL-OBJ-002GG4,DFL-OBJ-00028V,0.9929753269845123,48.153341088227286,8.51,15.49,1.8187243160600297,1.6542369842317024,1,24.72,26.39,26.11,-9.28,False,1
J03WPY,1,0:03:58.562000,DFL-OBJ-J0178P,DFL-OBJ-002GM9,1.5536408851468837,58.68247932227092,11.62,8.27,2.2149243488063823,4.759033515326403,2,23.18,23.72,28.78,10.82,False,1
J03WPY,1,0:04:02.066000,DFL-OBJ-002G68,DFL-OBJ-002FXT,5.540036100965408,144.95543731246275,13.83,18.38,-5.900050944334596,5.540036100965408,1,11.5,46.95,5.55,22.5,False,1
J03WPY,1,0:03:54.130000,DFL-OBJ-0028BZ,DFL-OBJ-00028V,0.5903388857258175,89.59835189770929,14.63,15.35,0.2580068741254232,4.076530387474132,1,4.77,33.91,18.59,29.23,False,1
J03WPY,1,0:04:03.434000,DFL-OBJ-002FXT,DFL-OBJ-0000EJ,0.9323089616645336,17.065770281181212,19.48,8.37,1.0695952230225243,4.518783022009354,5,22.439999999999998,63.9,11.4,11.56,False,1
J03WPY,1,0:04:31.083000,DFL-OBJ-002GM9,DFL-OBJ-J0178P,4.5358350940041925,37.55038591722898,21.05,26.89,5.217736928110665,15.687590637188364,0,10.129999999999999,52.73,0.23,-23.87,False,1
J03WPY,1,0:04:34.211000,DFL-OBJ-002GM9,DFL-OBJ-002GG4,1.0304368005850735,39.09994042670402,17.24,2.69,7.31411780419867,6.566947540524439,1,3.5100000000000016,35.05,-17.45,-30.49,False,1
J03WPY,1,0:05:14.597000,DFL-OBJ-002GMO,DFL-OBJ-00008F,1.5211837495845133,168.22425844321472,11.47,12.18,-1.3472262858590758,1.9789138435010207,5,30.18,3.9399999999999977,-48.56,3.82,False,1
J03WPY,1,0:07:42.610000,DFL-OBJ-0028BZ,DFL-OBJ-0028FW,1.6720047846821497,65.44042669337594,7.48,1.92,-1.3898506760446394,7.633740891594371,1,26.78,4.579999999999998,47.92,7.22,False,1
J03WPY,1,0:09:07.450000,DFL-OBJ-0028BZ,DFL-OBJ-002GMO,3.1680909077865818,43.79747359052274,16.7,11.68,-0.7063517507178774,4.724923279800423,2,15.55,52.22,0.28,18.45,False,1
J03WPY,1,0:10:41.101000,DFL-OBJ-002G5J,DFL-OBJ-0000EJ,0.8115417426109396,49.61321877055136,4.37,3.38,-0.2538543565273513,7.580303424006193,2,21.35,34.760000000000005,-17.74,12.65,False,1
J03WPY,1,0:11:13.470000,DFL-OBJ-002GMO,DFL-OBJ-0001LJ,1.1597413504743186,150.1382122254857,13.68,6.3,0.10948776285760631,3.354906854146626,3,33.46,15.75,-36.75,0.54,False,1
J03WPY,1,0:11:39.238000,DFL-OBJ-002GG4,DFL-OBJ-J01KJ5,7.049687936355765,5.257893413805567,6.22,8.32,0.5086577575503859,12.44159555684077,2,1.2800000000000011,54.4,-1.9,-32.72,False,1
J03WPY,1,0:12:19.990000,DFL-OBJ-0026RH,DFL-OBJ-0000EJ,4.522167621838006,100.7344986992319,24.14,21.19,0.16718418093962573,5.7328265279877435,1,12.39,25.11,-27.39,-21.61,False,1
J03WPY,1,0:12:40.270000,DFL-OBJ-00028V,DFL-OBJ-J0178P,8.50685018088364,151.45906169104208,1.66,2.99,-0.9840968322026722,12.532334180032066,0,3.969999999999999,55.05,2.55,-30.03,False,1
J03WPY,1,0:12:27.890000,DFL-OBJ-0000F8,DFL-OBJ-002G68,1.8983413813115901,152.96288251094663,11.94,13.09,-0.2255520252766402,2.990016722361265,2,28.9,14.119999999999997,-38.38,-5.1,False,1
J03WPY,1,0:12:29.970000,DFL-OBJ-J01KJ5,DFL-OBJ-002GG4,0.4,17.187990482773234,14.72,15.55,1.057304061144098,14.881871522090226,1,7.27,38.2,-14.3,-26.73,False,1
J03WPY,1,0:13:29.470000,DFL-OBJ-J0178P,DFL-OBJ-002GM9,1.585339080449353,119.58326227291573,15.82,13.86,-1.5260079628021097,4.9453513525330015,2,21.65,62.33,-9.83,-12.35,False,1
J03WPY,1,0:13:51.335000,DFL-OBJ-0000F8,DFL-OBJ-0000EJ,0.9963934965664929,26.598031229071733,15.0,17.68,-0.5788514238189391,10.482237356595205,2,19.35,48.26,-4.24,14.65,False,1
J03WPY,1,0:14:45.050000,DFL-OBJ-002G5J,DFL-OBJ-002G68,1.2795311641378648,8.425723745304541,11.73,8.93,1.428266210159047,2.4397130978867176,2,12.16,23.53,-28.97,21.84,False,1
J03WPY,1,0:16:58.010000,DFL-OBJ-0028T3,DFL-OBJ-0000NZ,2.2073513539987197,44.79340297661333,19.24,18.49,-1.5714650340350527,6.004040306327065,2,29.71,15.479999999999997,37.02,4.29,False,1
J03WPY,1,0:19:18.170000,DFL-OBJ-002GG4,DFL-OBJ-002GM9,6.7472809338280895,60.31317045509953,14.54,19.62,3.2194960154150176,11.251177716132656,0,4.539999999999999,13.079999999999998,39.42,-29.46,False,1
J03WPY,1,0:20:49.410000,DFL-OBJ-0000NZ,DFL-OBJ-002FYC,1.280039061903972,38.67456189854654,0.52,10.95,3.055000266136266,6.884199299845988,2,2.280000000000001,41.230000000000004,-11.27,31.72,False,1
J03WPY,1,0:21:05.930000,DFL-OBJ-J01KJ5,DFL-OBJ-002GG4,0.8261961026293929,35.732332338974054,8.13,14.1,5.152759184946262,7.279629111431434,0,2.9400000000000013,41.51,-10.99,-31.06,False,1
J03WPY,1,0:20:50.530000,DFL-OBJ-0000F8,DFL-OBJ-002G68,0.9080198235721514,112.32277763236019,12.86,19.69,3.4853826576802893,5.839880135756214,2,5.75,34.45,-18.05,28.25,False,1
J03WPY,1,0:21:09.930000,DFL-OBJ-0026RH,DFL-OBJ-0001LJ,1.268463637634127,128.64072066708127,17.61,22.26,-0.0017742957372196555,5.940210433982958,1,16.95,12.840000000000003,-39.66,-17.05,False,1
J03WPY,1,0:21:51.835000,DFL-OBJ-0026RH,DFL-OBJ-002GG4,1.3298120167903442,109.4525605490268,4.65,5.76,-1.621591405383218,2.2193918085818027,2,4.25,80.18,27.68,-29.75,False,1
J03WPY,1,0:22:42.586000,DFL-OBJ-0000EJ,DFL-OBJ-002G5J,2.063904067538023,118.85447317609972,2.68,3.6,-0.26971926922059686,5.170880002475401,3,22.77,46.85,5.65,-11.23,False,1
J03WPY,1,0:22:50.219000,DFL-OBJ-002G68,DFL-OBJ-002FXT,3.8225645841502796,35.608230274774314,15.52,8.25,-2.0854259162858146,3.8225645841502796,2,28.35,56.09,-3.59,-5.65,False,1
J03WPY,1,0:22:59.018000,DFL-OBJ-J01H9X,DFL-OBJ-002G68,0.6735725647619585,151.9137630123314,6.46,6.94,-0.018848831370222863,5.331735177219515,2,4.77,42.7,-9.8,29.23,False,1
J03WPY,1,0:22:56.730000,DFL-OBJ-J01H9X,DFL-OBJ-002G68,1.3280060240827216,12.693119432594104,7.95,13.38,1.1171152060801826,6.937759004174187,1,3.75,42.21,-10.29,30.25,False,1
J03WPY,1,0:23:32.530000,DFL-OBJ-J0178P,DFL-OBJ-002GMO,0.5841232746604097,58.075460060106884,13.27,18.24,1.6167236623879166,5.75835045824757,2,24.53,25.96,26.54,-9.47,False,1
J03WPY,1,0:25:44.875000,DFL-OBJ-0000F8,DFL-OBJ-002595,2.828462479864282,6.633056752428714,4.66,1.13,-2.0626634124042487,2.828462479864282,2,10.39,66.23,13.73,23.61,False,1
J03WPY,1,0:26:38.890000,DFL-OBJ-J01KJ5,DFL-OBJ-002GG4,0.9689685237405791,58.93483511450131,2.39,9.09,2.5397480751012833,6.934529544244512,1,7.640000000000001,52.63,0.13,-26.36,False,1
J03WPY,1,0:26:56.644000,DFL-OBJ-J0178P,DFL-OBJ-002GM9,1.3792751719653304,154.0064128728515,10.94,16.09,-1.54014573960411,5.169777558077329,3,7.739999999999998,58.980000000000004,-6.48,-26.26,False,1
J03WPY,1,0:26:43.410000,DFL-OBJ-J01KJ5,DFL-OBJ-002GG4,0.9277930803794566,69.56768247474876,13.4,13.92,1.750068871399349,4.141026442803762,3,1.2700000000000031,37.26,-15.24,-32.73,False,1
J03WPY,1,0:28:25.205000,DFL-OBJ-0028T3,DFL-OBJ-00028V,7.981603848851432,36.83068630017537,22.9,9.28,-4.600976534168401,7.981603848851432,2,30.67,29.32,23.18,-3.33,False,1
J03WPY,1,0:28:27.973000,DFL-OBJ-J0178P,DFL-OBJ-002GMO,1.264001582277489,168.14648061487298,11.21,14.98,-1.0616414989193936,4.724510556660868,1,32.85,21.53,30.97,-1.15,False,1
J03WPY,1,0:28:51.590000,DFL-OBJ-002595,DFL-OBJ-00028V,0.5108815909777901,112.19117068167,9.82,6.15,0.14582096963129315,2.8260396317107785,0,8.89,22.72,29.78,25.11,False,1
J03WPY,1,0:30:19.730000,DFL-OBJ-0026RH,DFL-OBJ-0028T3,1.082589488217949,162.67554864831436,19.4,17.64,-0.49330291827949596,5.480228097442661,1,2.1400000000000006,69.44,16.94,-31.86,False,1
J03WPY,1,0:32:07.950000,DFL-OBJ-002595,DFL-OBJ-0000F8,3.611343240402385,78.47557290674679,2.99,3.74,-0.2019063790511033,6.350763733599289,1,10.920000000000002,44.74,7.76,23.08,False,1
J03WPY,1,0:32:21.056000,DFL-OBJ-0026RH,DFL-OBJ-0001LJ,5.028369517050234,130.85003876367676,17.8,18.37,-1.9341362136617213,5.81055074842308,1,25.79,33.64,-18.86,-8.21,False,1
J03WPY,1,0:32:25.750000,DFL-OBJ-J01KJ5,DFL-OBJ-002GG4,2.898309852310482,98.07527387375067,1.57,3.06,-0.6207274611328095,7.557195246915351,1,19.880000000000003,35.71,-16.79,-14.12,False,1
J03WPY,1,0:32:58.359000,DFL-OBJ-002595,DFL-OBJ-00028V,1.2083045973594553,177.49778430531723,22.89,15.56,1.3812976838501216,9.912360970021217,2,15.02,73.15,-20.65,-18.98,False,1
J03WPY,1,0:33:00.970000,DFL-OBJ-J01KJ5,DFL-OBJ-002595,0.3858756276314929,38.215169121480734,20.55,19.0,1.595218155802675,8.688642011269653,2,5.510000000000002,20.57,-31.93,-28.49,False,1
J03WPY,1,0:33:29.456000,DFL-OBJ-0000NZ,DFL-OBJ-002FYC,6.899637671646244,152.74614589404905,2.61,8.65,-2.4414736747941856,15.241010465188984,1,-3.5600000000000023,30.62,-21.88,37.56,False,1
J03WPY,1,0:33:10.650000,DFL-OBJ-0026RH,DFL-OBJ-002GG4,3.001216420053706,156.9377493412021,11.09,6.19,-4.433737383176568,4.761774879181081,3,23.53,20.83,-31.67,-10.47,False,1
J03WPY,1,0:34:33.431000,DFL-OBJ-002FXT,DFL-OBJ-00008F,2.1910727965998764,23.86306213512034,11.69,5.82,-2.027591412978598,5.526554080075576,3,24.43,45.41,-7.09,9.57,False,1
J03WPY,1,0:34:27.650000,DFL-OBJ-002G5J,DFL-OBJ-0028T3,1.5065191668213185,62.45024684882224,6.82,1.6,-1.2461292719027417,3.840117185711916,1,25.96,63.5,11.0,8.04,False,1
J03WPY,1,0:34:29.410000,DFL-OBJ-0028T3,DFL-OBJ-002G5J,1.3418271125595875,82.7307410783323,3.69,9.07,1.2174257662780157,4.458564791499614,1,26.52,43.980000000000004,8.52,7.48,False,1
J03WPY,1,0:34:30.930000,DFL-OBJ-0000EJ,DFL-OBJ-0000F8,1.112205017071942,165.11071238000991,9.34,14.07,2.658696958709111,3.6310053704173995,2,22.990000000000002,50.01,2.49,11.01,False,1
J03WPY,1,0:35:51.521000,DFL-OBJ-0000F8,DFL-OBJ-002G68,0.9144397191723448,135.17944593660783,7.14,20.35,-0.34557746089835834,4.01473535865068,1,3.6900000000000013,41.019999999999996,-11.48,30.31,False,1
J03WPY,1,0:39:54.362000,DFL-OBJ-0028T3,DFL-OBJ-002G5J,5.2242989960376525,82.60306671875932,14.73,0.24,-1.6118119500537342,4.340057603304363,3,8.739999999999998,58.49,-5.99,-25.26,False,1
J03WPY,1,0:40:03.771000,DFL-OBJ-002GG4,DFL-OBJ-J01H9X,3.9489365657098108,74.3829578218223,3.76,5.87,-0.04928180944671401,9.17877987534291,2,16.85,48.03,4.47,-17.15,False,1
J03WPY,1,0:39:54.490000,DFL-OBJ-0028T3,DFL-OBJ-0026RH,2.791146717748818,155.40097797355105,14.79,1.96,-4.1369822490235375,3.9293765408776986,3,8.350000000000001,58.18,-5.68,-25.65,False,1
J03WPY,1,0:41:20.459000,DFL-OBJ-0000F8,DFL-OBJ-002G68,2.0568179306880814,176.2412144175031,11.88,7.39,-1.6814632282024071,3.4358259560111595,1,2.620000000000001,41.94,-10.56,31.38,False,1
J03WPY,1,0:42:05.036000,DFL-OBJ-002595,DFL-OBJ-0000NZ,1.642010962204577,8.410486852653886,10.35,19.37,2.087306564810248,6.941217472461155,1,5.27,72.86,-20.36,28.73,False,1
J03WPY,1,0:42:16.410000,DFL-OBJ-0028T3,DFL-OBJ-002G5J,1.0846197490365,69.51207675977537,23.61,21.95,0.02991465234141344,1.0846197490365,0,33.68,21.82,30.68,-0.32,False,1
J03WPY,1,0:43:12.564000,DFL-OBJ-J01H9X,DFL-OBJ-002595,3.3041186419376642,11.90186591848881,11.76,12.75,-0.42667515624198904,4.119538809138712,1,28.32,38.14,-14.36,5.68,False,1
J03WPY,1,0:43:27.412000,DFL-OBJ-002GM9,DFL-OBJ-0028BZ,4.412029011690652,170.7657905644953,0.84,5.94,-2.600066598030617,11.789698893525653,1,13.969999999999999,52.04,-0.46,-20.03,False,1
J03WPY,2,0:01:14.910000,DFL-OBJ-002FYC,DFL-OBJ-002FXT,0.6648308055437866,112.72513957373876,3.59,14.98,1.4251952449476517,6.4101950048340965,1,21.46,60.29,7.79,-12.54,False,1
J03WPY,2,0:01:18.910000,DFL-OBJ-0028BZ,DFL-OBJ-002GMO,3.0143821920917717,132.91331019249188,19.52,22.07,-4.1084016877996135,8.962170496034988,1,28.9,24.0,-28.5,-5.1,False,1
J03WPY,2,0:03:17.435000,DFL-OBJ-002FYC,DFL-OBJ-0000F8,3.518465574650404,127.73019069163661,8.76,4.78,-2.9900787667374327,11.204516946303396,0,1.3200000000000003,70.25,17.75,-32.68,False,1
J03WPY,2,0:03:35.810000,DFL-OBJ-J0178P,DFL-OBJ-002GM9,0.70213958726168,168.12733296735655,7.49,8.36,-0.2922614793142522,4.468165171521752,3,16.45,37.91,-14.59,-17.55,False,1
J03WPY,2,0:03:44.467000,DFL-OBJ-0026RH,DFL-OBJ-0001LJ,5.357770058522482,88.23735250424905,15.67,10.5,-2.8960621786812046,5.357770058522482,2,29.6,56.27,-3.77,-4.4,False,1
J03WPY,2,0:03:33.710000,DFL-OBJ-0000EJ,DFL-OBJ-J01H9X,1.1054863183232975,65.81169129888501,2.88,14.36,3.089755396569832,2.1847654336335505,0,7.34,67.51,15.01,-26.66,False,1
J03WPY,2,0:04:13.747000,DFL-OBJ-0001LJ,DFL-OBJ-0026RH,4.6724083725633365,134.06483017942242,9.92,18.04,-1.9850810594825707,8.21833316433448,1,3.9400000000000013,11.350000000000001,-41.15,30.06,False,1
J03WPY,2,0:04:40.819000,DFL-OBJ-0000NZ,DFL-OBJ-002595,4.920010162591132,127.79732096608777,7.02,10.54,-0.9646548787888509,8.696027828842315,1,3.969999999999999,70.17,-17.67,-30.03,False,1
J03WPY,2,0:05:09.508000,DFL-OBJ-J0178P,DFL-OBJ-002GM9,0.6209669878504033,71.14586993135164,20.02,17.27,0.19060433172932878,8.38971394029618,1,1.3999999999999986,15.61,-36.89,-32.6,False,1
J03WPY,2,0:05:13.556000,DFL-OBJ-0028BZ,DFL-OBJ-002GMO,0.5093132631298768,162.18866603320225,4.43,5.07,0.25683121698524186,1.6710774967068405,2,25.45,5.670000000000002,-46.83,-8.55,False,1
J03WPY,2,0:05:19.164000,DFL-OBJ-002595,DFL-OBJ-0000F8,1.3928388277184125,117.57647310838314,1.15,4.2,-0.5884618123916718,11.364809721240388,1,3.9800000000000004,4.159999999999997,-48.34,-30.02,False,1
J03WPY,2,0:04:58.390000,DFL-OBJ-002GMO,DFL-OBJ-0028BZ,0.9700515450222243,80.58706184689069,12.73,26.74,3.869710293451525,9.955666728049911,0,4.149999999999999,73.48,-20.98,-29.85,False,1
J03WPY,2,0:07:15.110000,DFL-OBJ-0028BZ,DFL-OBJ-0000NZ,20.78542999314664,,21.18,0.0,-5.453226671979916,7.834296394699399,2,31.34,26.34,-26.16,2.66,True,1
J03WPY,2,0:08:10.813000,DFL-OBJ-J0178P,DFL-OBJ-0000NZ,8.724792261137223,100.4212655623267,9.22,3.65,-1.8079029435358818,7.0787357628322285,1,10.68,33.11,-19.39,-23.32,False,1
J03WPY,2,0:08:22.141000,DFL-OBJ-002FYC,DFL-OBJ-0000F8,3.0319960422137733,27.38051034732455,2.77,16.27,4.175779754410939,6.919602589744586,1,5.329999999999998,36.15,-16.35,-28.67,False,1
J03WPY,2,0:08:28.958000,DFL-OBJ-002FYC,DFL-OBJ-0000F8,1.2226201372462338,55.80147861690573,2.72,3.98,0.29242338028088677,1.2226201372462338,1,17.34,17.32,-35.18,-16.66,False,1
J03WPY,2,0:08:30.173000,DFL-OBJ-002FYC,DFL-OBJ-002GMO,0.4455333881989111,168.9151087077574,2.21,1.05,0.35437121550532164,0.9479451460923252,2,16.98,18.11,-34.39,-17.02,False,1
J03WPY,2,0:08:35.837000,DFL-OBJ-002FXT,DFL-OBJ-002G68,1.0941663493271936,25.409522567817547,1.87,1.5,0.8445631769000478,1.2888754788574421,2,4.41,75.32,-22.82,-29.59,False,1
J03WPY,2,0:09:17.366000,DFL-OBJ-J01KJ5,DFL-OBJ-0028BZ,1.7681911661356073,17.60371268343665,10.98,16.31,0.9816050162717183,6.330908307660126,1,20.78,61.480000000000004,-8.98,13.22,False,1
J03WPY,2,0:09:04.070000,DFL-OBJ-J01KJ5,DFL-OBJ-002GG4,3.580516722485735,157.24206873033066,10.16,15.73,-2.670268800365688,3.580516722485735,2,12.149999999999999,61.0,-8.5,21.85,False,1
J03WPY,2,0:10:08.438000,DFL-OBJ-0000F8,DFL-OBJ-002G68,0.8486459803710851,27.75962232703092,14.72,9.12,-1.175240289390334,11.631925893849221,1,-0.5799999999999983,36.489999999999995,16.01,-34.58,False,1
J03WPY,2,0:11:38.270000,DFL-OBJ-002595,DFL-OBJ-0000F8,1.4000357138301853,163.14499261250177,9.61,12.68,-1.770566228932667,2.9160246912534875,3,21.740000000000002,42.8,-9.7,12.26,False,1
J03WPY,2,0:11:40.430000,DFL-OBJ-0000F8,DFL-OBJ-002595,0.5547071299343465,94.04583747291144,19.75,22.4,1.0619563327613084,1.5074813431681335,5,26.12,51.88,0.62,7.88,False,1
J03WPY,2,0:12:29.902000,DFL-OBJ-002FXT,DFL-OBJ-002G68,2.3566925976885487,96.82346239903355,15.76,17.81,-2.4404636112543,4.08814138698749,0,16.38,25.68,26.82,-17.62,False,1
J03WPY,2,0:12:45.207000,DFL-OBJ-0028T3,DFL-OBJ-0026RH,1.0507616285342731,38.18885578076711,17.11,12.44,-1.240136246499806,6.546518158532825,0,15.52,16.35,-36.15,18.48,False,1
J03WPY,2,0:12:50.263000,DFL-OBJ-0028T3,DFL-OBJ-0026RH,4.308746917608413,,10.96,0.0,-2.9073901976083327,8.631483070712703,1,16.52,2.1799999999999997,-54.68,17.48,False,1
J03WPY,2,0:13:27.950000,DFL-OBJ-002FXT,DFL-OBJ-00008F,1.324122350842249,49.43217065045491,5.92,12.27,1.8476976126179034,1.97144616969371,3,28.21,11.020000000000003,41.48,-5.79,False,1
J03WPY,2,0:16:21.608000,DFL-OBJ-002FYC,DFL-OBJ-0000F8,2.045605044968359,173.60295594142,3.12,14.07,-3.470464621031538,2.045605044968359,1,13.68,71.41,18.91,-20.32,False,1
J03WPY,2,0:16:29.710000,DFL-OBJ-00028V,DFL-OBJ-002FYC,0.6053098380168637,84.70416273884004,17.4,18.19,0.03692700475059291,6.656973786939528,2,27.78,25.87,26.63,-6.22,False,1
J03WPY,2,0:16:40.830000,DFL-OBJ-0000NZ,DFL-OBJ-002595,0.5920304046246269,98.44260209645128,3.35,7.03,-0.19896321402967182,8.00582912633039,2,20.16,47.26,5.24,-13.84,False,1
J03WPY,2,0:18:42.029000,DFL-OBJ-0028BZ,DFL-OBJ-002GM9,0.4477722635447622,34.67459530480602,9.72,10.54,0.15360704678549136,5.206169417143473,4,14.7,43.92,-8.58,19.3,False,1
J03WPY,2,0:20:03.499000,DFL-OBJ-0028BZ,DFL-OBJ-002GM9,0.33060550509633085,62.35266359439395,5.05,4.09,1.0984862372591717,5.2031144519412615,3,13.059999999999999,43.03,-9.47,20.94,False,1
J03WPY,2,0:20:36.419000,DFL-OBJ-0000F8,DFL-OBJ-002G78,5.880246593468679,159.3322554014869,10.14,17.62,-2.308557534489768,5.165510623355644,4,28.37,48.62,3.88,-5.63,False,1
J03WPY,2,0:20:37.228000,DFL-OBJ-002FYC,DFL-OBJ-J01NQ8,0.9758073580374352,152.92791976200724,5.05,10.73,-1.0617938217481029,3.1950743340335603,2,23.67,53.27,0.77,-10.33,False,1
J03WPY,2,0:20:24.670000,DFL-OBJ-002G78,DFL-OBJ-J01KJ5,0.6503076195155629,66.66630178508484,11.43,13.23,1.3794347712539226,3.973524883525962,4,9.66,40.37,-12.13,24.34,False,1
J03WPY,2,0:20:26.030000,DFL-OBJ-0026IA,DFL-OBJ-J01KJ5,2.672695268825088,8.613924646074043,9.89,15.95,7.42599463657808,5.787296432704997,5,16.89,42.9,-9.6,17.11,False,1
J03WPY,2,0:22:20.836000,DFL-OBJ-0000EJ,DFL-OBJ-J01KJ5,3.162182790415508,137.52789196815976,11.6,18.59,-1.3445881311372077,3.162182790415508,4,10.55,21.7,-30.8,23.45,False,1
J03WPY,2,0:20:28.110000,DFL-OBJ-002G78,DFL-OBJ-002GMO,0.8273451516749208,57.584452670141104,11.76,1.96,2.6704397121853343,1.166747616239261,3,19.85,35.129999999999995,-17.37,14.15,False,1
J03WPY,2,0:22:31.500000,DFL-OBJ-J01NQ8,DFL-OBJ-0028T3,3.2565165437933814,146.9234657507357,3.28,3.39,-1.4405451323830687,2.798231584411841,2,12.61,72.08,-19.58,21.39,False,1
J03WPY,2,0:22:47.292000,DFL-OBJ-J01KJ5,DFL-OBJ-0026IA,2.352126697267813,61.484810953073726,30.39,29.9,0.22541826581996327,10.2314466230343,2,14.690000000000001,55.6,-3.1,-19.31,False,1
J03WPY,2,0:23:28.843000,DFL-OBJ-J01KJ5,DFL-OBJ-002GG4,8.147815658199443,7.267277200754247,6.35,22.42,4.348230272472753,14.812926787100517,0,13.579999999999998,18.67,33.83,20.42,False,1
J03WPY,2,0:22:55.430000,DFL-OBJ-0000F8,DFL-OBJ-0028T3,1.5,154.4059707540012,8.4,21.41,-1.6546181732199705,2.933018922543797,2,21.25,11.799999999999997,40.7,-12.75,False,1
J03WPY,2,0:23:50.710000,DFL-OBJ-002FXT,DFL-OBJ-0001LJ,9.631308322341262,152.68122142060085,3.05,4.44,-0.4559826017015567,17.0383244481375,1,3.469999999999999,15.259999999999998,37.24,-30.53,False,1
J03WPY,2,0:26:45.833000,DFL-OBJ-J01KJ5,DFL-OBJ-002FYC,1.3845215780189175,35.07026169532207,20.17,14.57,4.936500827629911,1.4500000000000028,1,4.829999999999998,32.03,20.47,-29.17,False,1
J03WPY,2,0:28:10.647000,DFL-OBJ-0028BZ,DFL-OBJ-002GMO,0.44011362169330903,170.76276894395065,3.81,4.08,-0.15887553504513513,4.151204644437559,1,10.399999999999999,24.26,-28.24,-23.6,False,1
J03WPY,2,0:28:16.535000,DFL-OBJ-0000F8,DFL-OBJ-0000EJ,1.1552056094046617,98.92060137058019,30.67,28.25,2.972020106081789,9.301494503573068,1,2.9400000000000013,52.18,0.32,-31.06,False,1
J03WPY,2,0:28:49.231000,DFL-OBJ-002FXT,DFL-OBJ-00008F,9.203314620287628,164.8650870184988,3.83,13.58,-5.473606627777792,9.203314620287628,0,-2.3200000000000003,37.39,15.11,36.32,False,1
J03WPY,2,0:29:15.023000,DFL-OBJ-0026IA,DFL-OBJ-0000F8,2.8160255680657413,107.5267484230835,14.91,12.43,0.30917073386595995,4.23415871218829,3,5.579999999999998,66.28,13.78,-28.42,False,1
J03WPY,2,0:28:42.590000,DFL-OBJ-J01CP5,DFL-OBJ-002GG4,1.2980754985747165,77.36872252352116,17.79,22.53,1.6829194098438693,13.6283711425834,0,9.29,93.69,-41.19,24.71,False,1
J03WPY,2,0:29:23.984000,DFL-OBJ-J01KJ5,DFL-OBJ-002GG4,1.79888854574151,34.700112439696944,31.09,26.93,-1.482155030091799,1.79888854574151,2,20.130000000000003,8.530000000000001,43.97,13.87,False,1
J03WPY,2,0:29:32.344000,DFL-OBJ-002GG4,DFL-OBJ-J01CP5,1.084665847162156,65.8010845579764,14.8,9.97,-0.970616083257374,4.28631543402956,1,6.02,75.0,22.5,27.98,False,1
J03WPY,2,0:29:49.671000,DFL-OBJ-002G78,DFL-OBJ-002GMO,6.756130549360337,94.64773408195056,21.73,12.96,3.8613151279358604,4.955855122983319,1,17.29,22.52,-29.98,-16.71,False,1
J03WPY,2,0:31:02.128000,DFL-OBJ-002G78,DFL-OBJ-002GMO,0.7716216689544174,137.66169673991408,0.91,7.46,-0.17174799530704776,0.7716216689544174,1,29.73,6.68,-45.82,-4.27,False,1
J03WPY,2,0:31:52.344000,DFL-OBJ-J01NQ8,DFL-OBJ-0000EJ,7.012310603502958,130.34927479211666,5.62,2.11,-2.341121311880807,4.090990100208015,1,20.6,30.08,22.42,-13.4,False,1
J03WPY,2,0:32:31.777000,DFL-OBJ-0028BZ,DFL-OBJ-002GM9,4.940212546034836,87.295618496138,8.27,4.49,1.9376193200085856,4.940212546034836,3,22.95,40.68,-11.82,11.05,False,1
J03WPY,2,0:35:50.786000,DFL-OBJ-002GG4,DFL-OBJ-002GMO,2.8485083815920222,60.89625138052109,12.6,15.33,5.99420177863618,4.862314263804839,1,23.97,59.84,7.34,-10.03,False,1
J03WPY,2,0:35:54.802000,DFL-OBJ-002GG4,DFL-OBJ-J01CP5,2.0125854019146607,91.47603210967571,16.79,8.13,-2.7559141205719255,2.115325034125961,0,8.629999999999999,47.97,-4.53,-25.37,False,1
J03WPY,2,0:35:57.514000,DFL-OBJ-00028V,DFL-OBJ-002G78,2.4803225596683998,80.06763200471042,14.36,3.87,-3.522887431016809,8.997338495355168,1,2.6499999999999986,41.46,11.04,-31.35,False,1
J03WPY,2,0:34:52.870000,DFL-OBJ-0026IA,DFL-OBJ-002GM1,1.7510282693320516,25.66972258268957,15.58,12.19,0.6583006514755407,20.881496593874687,1,0.3299999999999983,68.5,16.0,-33.67,False,1
J03WPY,2,0:36:49.876000,DFL-OBJ-002GM1,DFL-OBJ-0000EJ,2.8756390594092296,21.210881308235585,20.83,5.79,6.869796333579502,2.8756390594092296,1,12.780000000000001,22.85,29.65,-21.22,False,1
J03WPY,2,0:37:00.779000,DFL-OBJ-J01KJ5,DFL-OBJ-002GG4,2.171474153656912,3.568512390420468,16.72,18.43,0.22734016389054368,5.022917478916014,1,18.34,31.07,21.43,15.66,False,1
J03WPY,2,0:35:52.830000,DFL-OBJ-002GG4,DFL-OBJ-J01NQ8,1.16619037896906,2.6865695757261316,19.02,15.8,-0.8999115103480082,5.785265767447508,1,15.010000000000002,57.36,4.86,-18.99,False,1
J03WPY,2,0:39:33.724000,DFL-OBJ-J01NQ8,DFL-OBJ-002G68,5.436625791794023,5.610348681885803,15.03,6.53,5.852023795316474,5.492877205982307,2,24.45,16.29,36.21,-9.55,False,1
J03WPY,2,0:40:06.813000,DFL-OBJ-0000NZ,DFL-OBJ-002G78,3.717324306540928,124.69791026863182,5.67,0.85,-2.015519205720746,6.6463975204617425,1,1.0700000000000003,10.950000000000003,41.55,-32.93,False,1
J03WPY,2,0:40:12.117000,DFL-OBJ-002GM1,DFL-OBJ-00286U,1.1988327656516597,76.33671598848288,11.72,5.51,0.6602736879418253,5.234137942393187,0,0.6099999999999994,19.21,33.29,-33.39,False,1
J03WPY,2,0:40:15.599000,DFL-OBJ-002GM1,DFL-OBJ-0026IA,5.993805135304285,177.03993620795836,17.92,12.6,-7.8721556340702525,5.993805135304285,4,14.170000000000002,11.799999999999997,40.7,-19.83,False,1
J03WPY,2,0:40:20.724000,DFL-OBJ-0026IA,DFL-OBJ-J01KJ5,4.6846344574577,157.0350197728786,0.0,0.09,-0.07275029120608068,7.732334705637102,0,-2.0,67.53,15.03,-36.0,False,1
J03WPY,2,0:40:31.405000,DFL-OBJ-002GG4,DFL-OBJ-J01KJ5,9.90050503762308,141.1497865281608,0.74,4.75,-1.1716501078441022,6.2802627333575805,3,7.879999999999999,61.87,9.37,-26.12,False,1
J03WPY,2,0:41:42.173000,DFL-OBJ-0028BZ,DFL-OBJ-0000NZ,1.2705904139414912,112.63703641953228,19.4,11.57,0.28446675577427083,2.20719278722997,2,24.32,7.280000000000001,-45.22,-9.68,False,1
J03WPY,2,0:38:27.230000,DFL-OBJ-002FXT,DFL-OBJ-0028T3,1.1738824472663343,88.80912139734718,16.22,18.28,0.30267322321508305,2.084250464795438,3,16.77,6.630000000000003,45.87,17.23,False,1
J03WPY,2,0:42:12.541000,DFL-OBJ-00008K,DFL-OBJ-00008F,4.754292797041427,133.38654742708633,4.27,4.65,-1.7234241838428033,3.1515393064342376,3,26.33,5.07,47.43,7.67,False,1
J03WPY,2,0:42:26.479000,DFL-OBJ-J01CP5,DFL-OBJ-0001BX,2.5757329054076994,175.2166040640539,8.04,6.42,-2.9938642256468877,6.42112139738846,1,0.990000000000002,4.560000000000002,47.94,33.01,False,1
J03WPY,2,0:39:31.830000,DFL-OBJ-0000NZ,DFL-OBJ-002G78,1.5100000000000016,77.9052429229879,27.03,27.8,1.475059523472091,6.5947327466698775,1,1.8999999999999986,22.19,30.31,-32.1,False,1
J03WPY,2,0:43:37.870000,DFL-OBJ-002G78,DFL-OBJ-0000NZ,0.58523499553598,47.29021559844992,11.58,12.2,0.6495234549923523,2.5187298386289867,3,6.34,67.71000000000001,15.21,-27.66,False,1
J03WPY,2,0:40:13.110000,DFL-OBJ-002GM1,DFL-OBJ-002G78,0.9235799911215038,22.33502377630339,15.55,10.91,3.0087680478158805,1.7044940598312452,1,3.2600000000000016,17.369999999999997,35.13,-30.74,False,1
J03WPY,2,0:44:33.167000,DFL-OBJ-002G78,DFL-OBJ-002FXT,11.313575915686426,11.04402550855887,5.58,5.31,0.0522671729022095,10.359657330240223,5,29.94,65.71000000000001,13.21,-4.06,True,1
J03WPY,2,0:40:23.430000,DFL-OBJ-00286U,DFL-OBJ-00028V,0.5557877292636109,23.084269866117587,9.09,8.34,0.8838817276028174,5.5506846424562815,4,14.579999999999998,62.08,9.58,-19.42,False,1
J03WPY,2,0:40:25.030000,DFL-OBJ-00286U,DFL-OBJ-00028V,0.5656854249492368,22.356066252907706,5.93,4.96,-0.034902139959720746,2.485558287387364,5,10.96,60.44,7.94,-23.04,False,1
J03WPY,2,0:41:29.550000,DFL-OBJ-002FXT,DFL-OBJ-0001BX,10.24894628730193,115.47105871891964,8.87,12.09,-4.068755231842109,6.201886809673328,1,7.109999999999999,61.21,-8.71,26.89,True,1
J03WPY,2,0:46:07.456000,DFL-OBJ-0026IA,DFL-OBJ-002GM1,7.452496226097668,59.33250121487223,10.66,3.28,-1.2863565933059307,13.4695582704111,0,0.759999999999998,13.729999999999997,-38.77,-33.24,False,1
J03WPY,2,0:41:37.710000,DFL-OBJ-002GG4,DFL-OBJ-002FXT,2.082138323935276,14.594118678661982,18.25,18.73,0.10090050935959716,2.082138323935276,3,15.39,23.96,-28.54,18.61,False,1
J03WPY,2,0:42:08.270000,DFL-OBJ-J01KJ5,DFL-OBJ-J01K2L,0.4951767361255962,21.89303921614027,20.29,20.01,2.327955662419365,3.3805325024321267,2,23.45,19.42,33.08,10.55,False,1
J03WPY,2,0:48:06.401000,DFL-OBJ-J01NQ8,DFL-OBJ-002G78,1.8711493793922491,166.61998791612083,9.43,5.88,-1.8678467582159175,4.476751054056949,1,30.73,26.53,25.97,-3.27,False,1
J03WPY,2,0:48:11.817000,DFL-OBJ-00286U,DFL-OBJ-0000NZ,3.1368296096536707,33.9392580254031,21.24,9.44,-3.7149533571315723,5.607503901024053,1,4.670000000000002,53.62,1.12,-29.33,False,1
J03WPY,2,0:48:18.272000,DFL-OBJ-002G78,DFL-OBJ-002GMO,3.383858744096742,81.26008216873306,25.09,14.82,-4.210749944570679,5.559721216032328,1,13.96,34.44,-18.06,-20.04,False,1
J03WPY,2,0:48:21.257000,DFL-OBJ-002G78,DFL-OBJ-002GMO,1.1168258592994706,66.32149826244735,9.61,9.34,5.078966097466906,3.134278226322611,0,19.759999999999998,20.130000000000003,-32.37,-14.24,False,1
J03WPY,2,0:43:38.510000,DFL-OBJ-002G78,DFL-OBJ-00028V,0.9871676655968838,123.04348375910982,11.84,3.43,2.383111654297861,0.9871676655968838,3,8.079999999999998,67.36,14.86,-25.92,False,1
J03WPY,2,0:44:22.070000,DFL-OBJ-00008K,DFL-OBJ-002G68,1.6175598906995692,15.952209145423964,10.27,10.87,3.8271310189666585,2.9449617994126838,2,33.66,23.85,28.65,-0.34,False,1
J03WPY,2,0:44:24.630000,DFL-OBJ-002GM9,DFL-OBJ-0026IA,0.9213576938409985,133.15097688539547,13.01,13.82,-0.677625185813589,2.377393530739077,2,30.6,15.969999999999999,36.53,-3.4,False,1
J03WPY,2,0:44:59.110000,DFL-OBJ-002FXT,DFL-OBJ-J01K2L,14.419493749781925,164.43223236618175,0.0,5.33,-1.3474645850076294,9.925049118266369,1,24.2,30.59,21.91,9.8,True,1
J03WPY,2,0:45:34.870000,DFL-OBJ-002GG4,DFL-OBJ-J01CP5,4.310046403462497,132.5477247432113,3.89,4.98,-1.0151851687373392,9.105800349227957,2,4.920000000000002,76.58,24.08,29.08,False,1
J03WPY,2,0:45:38.230000,DFL-OBJ-J01KJ5,DFL-OBJ-0028T3,2.4126748641290217,149.0823753255207,4.18,14.42,-3.1148181197243954,2.4126748641290217,2,13.649999999999999,37.75,14.75,20.35,False,1
J03WPY,2,0:48:11.270000,DFL-OBJ-00286U,DFL-OBJ-002FXT,4.341808379005226,39.74110883416666,21.91,13.94,-2.8574511716514106,4.341808379005226,1,7.780000000000001,54.21,1.71,-26.22,False,1
J03WPY,2,0:49:42.070000,DFL-OBJ-J01CP5,DFL-OBJ-0001BX,15.65038338188557,140.81861863359111,12.96,5.95,-3.926064988966047,15.894936300595857,0,9.86,7.100000000000001,45.4,24.14,True,1
J03WPY,2,0:50:44.070000,DFL-OBJ-002GM9,DFL-OBJ-002G68,1.545477272560163,179.7625540974171,8.54,15.5,-1.6017802741469003,3.687302537085885,2,28.09,33.519999999999996,18.98,-5.91,False,1
J03WPY,2,0:50:47.750000,DFL-OBJ-00028V,DFL-OBJ-00286U,1.3835100288758309,76.57898957802627,8.1,5.51,0.14677620327441077,5.73689811657833,3,25.240000000000002,46.54,5.96,-8.76,False,1
J03WPY,1,0:00:03.400000,DFL-OBJ-0028FW,DFL-OBJ-0028BZ,4.828022369459364,32.000340872477175,8.71,22.79,6.1466946098578275,18.34300956768,0,32.58,75.57,23.07,-1.42,False,0
J03WPY,1,0:00:17.360000,DFL-OBJ-002FYC,DFL-OBJ-0000F8,4.904538714293121,8.678752866445377,4.36,11.34,4.674192768707135,12.68315812406358,1,4.100000000000001,86.02000000000001,-33.52,29.9,False,0
J03WPY,1,0:00:20.720000,DFL-OBJ-002G68,DFL-OBJ-002G5J,4.9109265928132135,16.212580986560802,13.19,19.21,4.942094802909329,15.243096798223124,0,9.559999999999999,99.1,-46.6,24.44,False,0
J03WPY,1,0:00:55.800000,DFL-OBJ-0000NZ,DFL-OBJ-002595,4.873048327279344,10.56018552180497,5.37,20.72,6.709209426645561,23.45589264982256,1,0.6899999999999977,71.27,18.77,33.31,False,0
J03WPY,1,0:01:03.280000,DFL-OBJ-002GG4,DFL-OBJ-J01KJ5,3.6587429535292584,5.198245048731231,18.81,22.93,0.7608731837690108,7.269896835581644,1,9.14,48.9,3.6,-24.86,False,0
J03WPY,1,0:01:05.960000,DFL-OBJ-0028T3,DFL-OBJ-J01H9X,4.367161549565118,6.325267618490549,11.04,17.69,3.158339410429798,6.240400628164829,1,22.98,36.31,16.19,-11.02,False,0
J03WPY,1,0:01:15.760000,DFL-OBJ-002FYC,DFL-OBJ-0000NZ,1.9299999999999997,2.3158467666766382,18.88,21.73,2.7318677373631393,18.45243886319638,0,4.84,2.229999999999997,50.27,29.16,False,0
J03WPY,1,0:01:17.040000,DFL-OBJ-002595,DFL-OBJ-0000F8,1.8042172818150237,23.474601768416154,21.01,17.65,-0.7498916652428095,10.283428416632265,0,13.5,7.590000000000003,44.91,20.5,False,0
J03WPY,1,0:01:21.280000,DFL-OBJ-002FYC,DFL-OBJ-0000NZ,4.952595279245012,84.87114831290943,7.85,5.14,1.631229239986336,5.738022307380827,0,4.620000000000001,16.36,36.14,29.38,False,0
J03WPY,1,0:01:25.400000,DFL-OBJ-002595,DFL-OBJ-0000F8,4.724785709426404,7.17114820649601,2.37,9.04,1.5994580969359395,7.616068539607555,2,1.1300000000000026,15.969999999999999,36.53,32.87,False,0
J03WPY,1,0:01:58.880000,DFL-OBJ-002GM9,DFL-OBJ-J0178P,4.831117883057708,0.5677171843752101,7.73,23.06,5.54720529235573,16.137351083743575,0,21.48,62.18,9.68,-12.52,False,0
J03WPY,1,0:02:01.560000,DFL-OBJ-J01KJ5,DFL-OBJ-002GG4,4.887739763939974,27.760441116177105,15.19,25.9,4.117208520142539,11.240698376880326,0,6.030000000000001,65.32,12.82,-27.97,False,0
J03WPY,1,0:02:14.360000,DFL-OBJ-J01H9X,DFL-OBJ-002595,4.939028244503164,7.636459571916609,2.92,21.03,4.935893306603003,6.136521816143082,2,23.39,60.25,7.75,10.61,False,0
J03WPY,1,0:02:18.680000,DFL-OBJ-002GM9,DFL-OBJ-J0178P,4.93315314986267,19.556591033737682,11.62,26.02,5.357863293891443,16.011808142742655,0,12.030000000000001,63.39,10.89,-21.97,False,0
J03WPY,1,0:02:27,DFL-OBJ-002GMO,DFL-OBJ-0028BZ,4.91350180624776,25.993623823788248,15.51,25.57,4.312197551074452,18.21531498492409,0,7.489999999999998,67.17,14.67,26.51,False,0
J03WPY,1,0:02:30.960000,DFL-OBJ-0000NZ,DFL-OBJ-002595,4.986391480820575,87.58410634335098,12.76,11.68,1.0819454931896932,6.763578934262543,2,1.2199999999999989,48.1,-4.4,32.78,False,0
J03WPY,1,0:02:32.400000,DFL-OBJ-J01H9X,DFL-OBJ-0028T3,2.4194627502815593,46.520018533983134,19.08,22.23,4.881948093830036,5.706951900971307,0,12.629999999999999,47.85,-4.65,21.37,False,0
J03WPY,1,0:02:40.160000,DFL-OBJ-002FXT,DFL-OBJ-0028T3,4.977750495956984,42.0601867027195,17.24,21.49,1.139621698858857,8.783763430329849,1,20.54,46.61,-5.89,-13.46,False,0
J03WPY,1,0:02:43.080000,DFL-OBJ-J01KJ5,DFL-OBJ-002GG4,4.954048849173776,17.040225927628505,4.8,15.21,4.685503231750148,11.560389266802396,1,0.4799999999999969,30.23,-22.27,-33.52,False,0
J03WPY,1,0:02:46.200000,DFL-OBJ-002FXT,DFL-OBJ-0028T3,4.867042222952252,36.192309546594,11.15,18.18,3.873610886517882,8.96814919590436,2,6.73,41.269999999999996,-11.23,-27.27,False,0
J03WPY,1,0:02:53.360000,DFL-OBJ-002595,DFL-OBJ-J01H9X,4.901724186447051,17.292153693235328,3.13,17.53,5.462648217584267,8.964758780915414,2,27.93,56.0,-3.5,6.07,False,0
J03WPY,1,0:03:20.840000,DFL-OBJ-0000NZ,DFL-OBJ-002595,4.956793318265348,45.1643122743337,10.76,21.98,3.384046781640626,10.696620961780406,1,0.6700000000000017,41.86,-10.64,33.33,False,0
J03WPY,1,0:03:22.600000,DFL-OBJ-0000F8,DFL-OBJ-002FYC,2.2279362647975356,30.040679358900505,16.23,15.14,-0.8379673543069177,8.331296417725154,2,1.75,24.36,-28.14,32.25,False,0
J03WPY,1,0:03:35.560000,DFL-OBJ-002G68,DFL-OBJ-002FXT,4.927413114403947,14.792685360904231,6.82,18.91,4.333982039084867,15.231313141026282,0,7.91,101.75,-49.25,26.09,False,0
J03WPY,1,0:03:54.960000,DFL-OBJ-0028BZ,DFL-OBJ-00028V,1.4990663761154839,94.32506043473853,14.55,14.9,-1.649303483514384,2.2343902971504335,2,2.8500000000000014,31.88,20.62,31.15,False,0
J03WPY,1,0:03:56.040000,DFL-OBJ-002FYC,DFL-OBJ-J01H9X,4.418382056816727,44.42034499043148,14.93,21.77,4.5752043859829845,8.320991527456329,3,11.530000000000001,32.29,20.21,22.47,False,0
J03WPY,1,0:03:57.240000,DFL-OBJ-J0178P,DFL-OBJ-002GM9,3.181587653986607,105.51201421123604,11.42,4.63,2.578184016217716,8.342241904907816,2,24.490000000000002,25.19,27.31,9.51,False,0
J03WPY,1,0:04:00.520000,DFL-OBJ-002FXT,DFL-OBJ-002G68,0.5883026432033089,61.62945573456056,17.19,18.71,0.227772167138032,8.918234130140338,2,10.73,57.89,5.39,23.27,False,0
J03WPY,1,0:04:21.360000,DFL-OBJ-00028V,DFL-OBJ-0028T3,4.98712341936712,41.54441784401244,10.64,18.34,1.3927695419794417,7.915030006260242,2,14.39,54.25,1.75,19.61,False,0
J03WPY,1,0:06:01.040000,DFL-OBJ-J0178P,DFL-OBJ-J01KJ5,1.5911316727411342,70.19885396163173,32.7,31.75,1.7147097947374879,10.258235715755417,0,15.469999999999999,58.68,-6.18,-18.53,False,0
J03WPY,1,0:06:01.440000,DFL-OBJ-J0178P,DFL-OBJ-J01KJ5,1.1462111498323506,70.2128646052171,33.47,32.5,1.112301307271959,10.703574169407151,0,12.719999999999999,56.21,-3.71,-21.28,False,0
J03WPY,1,0:06:04.040000,DFL-OBJ-J0178P,DFL-OBJ-J01KJ5,1.7807021087200394,90.81127412824875,33.36,32.82,-0.2928792217115722,14.90449932067495,0,3.59,34.7,17.8,-30.41,False,0
J03WPY,1,0:06:12,DFL-OBJ-0001LJ,DFL-OBJ-0026RH,4.976836344506418,9.087963330324103,5.62,7.68,2.5262089753887507,5.516747230026042,0,15.95,47.68,4.82,-18.05,False,0
J03WPY,1,0:07:35.720000,DFL-OBJ-J0178P,DFL-OBJ-002GM9,4.016217125604641,121.87661365120849,18.18,18.42,-0.29782117167777344,4.687216658103186,1,21.5,35.65,16.85,12.5,False,0
J03WPY,1,0:07:40.600000,DFL-OBJ-0028BZ,DFL-OBJ-002GM9,3.9621458832304524,35.240078329607464,21.31,20.31,-1.154471896482565,5.0535729934374105,1,28.89,10.549999999999997,41.95,5.11,False,0
J03WPY,1,0:07:41.160000,DFL-OBJ-0028FW,DFL-OBJ-0028BZ,2.6300190113381263,10.09568991495265,7.94,15.38,3.9815262529532434,13.508978495800486,0,29.490000000000002,99.97,47.47,4.51,False,0
J03WPY,1,0:07:41.520000,DFL-OBJ-0028FW,DFL-OBJ-0028BZ,1.9474342094150425,8.112431260936988,5.08,9.81,2.008050645404299,12.63230778599065,0,29.02,100.44,47.94,4.98,False,0
J03WPY,1,0:07:43.600000,DFL-OBJ-0028FW,DFL-OBJ-0028BZ,2.287050502284549,111.4322261946184,6.57,5.25,-0.4810959158775585,13.216913406692198,0,28.11,99.75999999999999,47.26,5.89,False,0
J03WPY,1,0:07:44.400000,DFL-OBJ-0028FW,DFL-OBJ-0028BZ,3.390250728191058,79.90791778688839,13.63,10.83,-1.741525172893168,13.714842325014166,1,28.78,97.4,44.9,5.22,False,0
J03WPY,1,0:08:12.080000,DFL-OBJ-00028V,DFL-OBJ-J0178P,4.890695247099333,35.138422230878966,11.76,14.61,5.07680198247393,6.67557488161132,1,28.09,73.4,20.9,-5.91,False,0
J03WPY,1,0:08:21.440000,DFL-OBJ-002GMO,DFL-OBJ-0028BZ,4.944946915791918,45.84627839312969,21.75,26.0,1.881161943122629,14.388502354310543,0,10.329999999999998,64.75,12.25,23.67,False,0
J03WPY,1,0:08:28.280000,DFL-OBJ-0000EJ,DFL-OBJ-002FXT,4.753830034824553,36.298771262801566,12.23,18.89,1.9825172541614178,6.197096094139577,4,18.119999999999997,76.22,-23.72,15.88,False,0
J03WPY,1,0:08:28.640000,DFL-OBJ-0000EJ,DFL-OBJ-002FXT,4.00176211187022,21.68815186451121,14.44,20.82,2.1078302695531748,7.047077408401303,4,19.23,75.49,-22.99,14.77,False,0
J03WPY,1,0:09:02.360000,DFL-OBJ-002G68,DFL-OBJ-002FXT,4.870831551183023,17.394776612921355,16.53,21.9,4.6274220072219885,12.252367118234744,0,7.25,86.0,-33.5,26.75,False,0
J03WPY,1,0:09:05.240000,DFL-OBJ-0028BZ,DFL-OBJ-002GMO,0.6596969000988262,68.65160166677535,13.33,18.8,1.2430967686094718,5.278882457490412,1,12.850000000000001,54.82,-2.32,21.15,False,0
J03WPY,1,0:09:07.120000,DFL-OBJ-0000NZ,DFL-OBJ-002595,4.825453346577916,12.3912869997914,21.52,18.86,2.034992453116493,11.915745885172274,1,7.690000000000001,60.1,7.6,26.31,False,0
J03WPY,1,0:09:17.560000,DFL-OBJ-J01H9X,DFL-OBJ-002595,4.95800363049484,4.207978837774843,10.9,12.49,1.638099096936796,10.587657909093966,1,3.9499999999999993,59.38,6.88,30.05,False,0
J03WPY,1,0:09:26.280000,DFL-OBJ-J01KJ5,DFL-OBJ-002GG4,4.809261897630447,15.275321927705361,8.31,22.54,6.3358519011648,14.7342933322233,0,3.6799999999999997,65.55,13.05,-30.32,False,0
J03WPY,1,0:09:28.160000,DFL-OBJ-002GM9,DFL-OBJ-J0178P,4.85239116312772,6.116484599147348,7.3,19.14,7.622629357690462,17.540820961403146,0,16.73,78.22,25.72,-17.27,False,0
J03WPY,1,0:09:32.480000,DFL-OBJ-0028FW,DFL-OBJ-J0178P,4.99379615122604,19.645132343994995,15.2,24.21,2.9642150693178593,13.484606037997555,0,25.55,89.81,37.31,8.45,False,0
J03WPY,1,0:09:53.240000,DFL-OBJ-J01KJ5,DFL-OBJ-002GG4,4.7922646003742315,12.82474695516439,5.42,20.08,5.288114512436064,19.51250880845413,0,3.0,70.06,17.56,-31.0,False,0
J03WPY,1,0:10:03.520000,DFL-OBJ-002GM9,DFL-OBJ-J0178P,4.808846015417837,1.120114518674931,2.1,19.13,5.580672382770251,17.029753374608806,0,19.58,76.19,23.69,-14.42,False,0
J03WPY,1,0:10:07.080000,DFL-OBJ-00028V,DFL-OBJ-0028BZ,4.6027817675836,1.1240421232211257,13.96,17.81,1.8065960090823507,13.96702545282996,1,25.53,73.42,20.92,-8.47,False,0
J03WPY,1,0:10:12.040000,DFL-OBJ-00028V,DFL-OBJ-0028BZ,4.950161613523341,49.22228743928999,11.55,15.77,2.2016541399110667,9.860517227813153,1,9.71,67.67,15.17,-24.29,False,0
J03WPY,1,0:10:14.040000,DFL-OBJ-0026RH,DFL-OBJ-002GG4,4.962358310319803,20.745168749846936,9.04,16.02,4.620260572595744,5.882941441149996,2,8.280000000000001,50.82,-1.68,-25.72,False,0
J03WPY,1,0:10:18.160000,DFL-OBJ-00028V,DFL-OBJ-0028T3,4.915862081059637,44.91571231428402,12.37,15.22,5.751582282623362,8.842267808656329,0,5.100000000000001,47.56,-4.94,-28.9,False,0
J03WPY,1,0:10:36.760000,DFL-OBJ-002G5J,DFL-OBJ-0000EJ,4.944896358873461,25.694302057840986,4.75,11.34,3.642153030735018,7.692658838139123,2,16.36,31.59,-20.91,17.64,False,0
J03WPY,1,0:10:38.600000,DFL-OBJ-00028V,DFL-OBJ-0028T3,3.5184655746504045,10.761029229191559,2.62,14.95,3.7294099025240346,9.357478292788073,0,29.98,32.980000000000004,-19.52,4.02,False,0
J03WPY,1,0:10:39.920000,DFL-OBJ-002G5J,DFL-OBJ-0000EJ,3.376640342115222,31.496299345968502,10.38,17.57,4.663980016996857,8.631135498878464,2,21.04,34.44,-18.06,12.96,False,0
J03WPY,1,0:11:16,DFL-OBJ-002595,DFL-OBJ-002G5J,2.39908315820857,25.46608581912151,5.66,4.24,2.7118414613626607,4.557905220602989,3,25.009999999999998,74.19,-21.69,8.99,False,0
J03WPY,1,0:11:16.520000,DFL-OBJ-J0178P,DFL-OBJ-0000F8,4.823712263392168,111.71135620078331,12.15,21.09,-1.3544628179004103,5.3218417864495,6,31.33,77.83,-25.33,2.67,False,0
J03WPY,1,0:11:19.160000,DFL-OBJ-002595,DFL-OBJ-002G5J,0.855862138431183,29.71763118004765,25.87,22.34,0.3221783201147879,11.729867859443258,0,11.96,70.44,-17.94,22.04,False,0
J03WPY,1,0:11:28.120000,DFL-OBJ-002FYC,DFL-OBJ-0026RH,4.885898075072792,111.89333644541796,19.41,15.43,3.636220871205411,18.456925529459127,1,17.46,72.82,-20.32,-16.54,False,0
J03WPY,1,0:11:28.760000,DFL-OBJ-002FYC,DFL-OBJ-0026RH,3.843761178845533,172.38061014934027,21.81,12.59,0.9236402978367897,14.919262716367724,1,20.4,70.64,-18.14,-13.6,False,0
J03WPY,1,0:11:34.520000,DFL-OBJ-002GG4,DFL-OBJ-J01KJ5,2.0703864373589775,35.16029591593572,21.99,17.15,-1.8948649062957712,12.745791462282755,2,6.18,52.06,0.44,-27.82,False,0
J03WPY,1,0:11:35.920000,DFL-OBJ-0028T3,DFL-OBJ-0026RH,4.973469613861132,28.33751198205658,9.14,10.33,1.6780453857438182,5.337686764882332,1,8.48,59.230000000000004,-6.73,-25.52,False,0
J03WPY,1,0:11:38.040000,DFL-OBJ-0001LJ,DFL-OBJ-002G5J,4.908003667480292,9.274970828937073,2.88,12.3,4.1289427795184,9.602510088513315,0,12.48,69.72,-17.22,-21.52,False,0
J03WPY,1,0:11:44.480000,DFL-OBJ-J01H9X,DFL-OBJ-0028T3,4.416525783916584,34.722567006154634,16.33,8.49,3.378160218573212,9.21225813793773,3,14.2,48.230000000000004,-4.27,-19.8,False,0
J03WPY,1,0:11:45.880000,DFL-OBJ-J01KJ5,DFL-OBJ-002GG4,4.89780563109644,22.465786755187327,2.11,14.1,3.042837720395817,10.849944700319906,0,5.0,54.68,2.18,-29.0,False,0
J03WPY,1,0:11:47,DFL-OBJ-J01H9X,DFL-OBJ-0028T3,4.9268651290653365,4.6333762898115305,11.55,18.46,1.4001619894128092,6.0282750434929575,0,11.39,56.3,3.8,-22.61,False,0
J03WPY,1,0:12:03.720000,DFL-OBJ-0000NZ,DFL-OBJ-002595,4.90404934722317,4.038147884773387,5.51,16.15,4.992738713347582,8.967747766301194,1,1.3299999999999983,54.05,1.55,32.67,False,0
J03WPY,1,0:12:09.200000,DFL-OBJ-002GMO,DFL-OBJ-0028BZ,4.954291069366031,29.685175266378383,18.68,20.55,4.086445832227705,14.890164539050602,1,24.41,69.76,17.26,9.59,False,0
J03WPY,1,0:12:13.480000,DFL-OBJ-0026RH,DFL-OBJ-0001LJ,4.840506171879135,3.03074387606747,8.66,22.7,3.79264063520641,6.518688518406138,2,16.46,54.04,1.54,-17.54,False,0
J03WPY,1,0:12:14.640000,DFL-OBJ-0026RH,DFL-OBJ-0001LJ,1.4702720836634302,11.339820723532945,20.16,17.37,1.569913179582109,6.670119938951623,2,11.649999999999999,54.58,2.08,-22.35,False,0
J03WPY,1,0:12:19.560000,DFL-OBJ-J01KJ5,DFL-OBJ-002GG4,4.25,39.00940528207521,10.56,18.5,5.055760504516362,8.587258002412645,1,1.8500000000000014,20.14,-32.36,-32.15,False,0
J03WPY,1,0:12:21.920000,DFL-OBJ-0026RH,DFL-OBJ-0000EJ,0.7206941098690868,6.874259797060236,25.69,25.04,2.18519650302301,6.479274650761458,1,12.0,11.100000000000001,-41.4,-22.0,False,0
J03WPY,1,0:12:23.400000,DFL-OBJ-002FXT,DFL-OBJ-00008F,1.8056023925549043,72.552497525712,15.17,7.63,-1.2873591150568202,3.1400636936215167,2,25.68,8.119999999999997,-44.38,-8.32,False,0
J03WPY,1,0:12:24.040000,DFL-OBJ-0000F8,DFL-OBJ-002G68,4.1677811842753965,7.895243051347162,7.86,9.04,2.584512780576753,5.31116747994262,0,29.9,10.840000000000003,-41.66,-4.1,False,0
J03WPY,1,0:12:49.680000,DFL-OBJ-00028V,DFL-OBJ-J0178P,4.9931553150287655,140.9889883092148,4.19,0.77,-0.9121007171426609,12.17630896454258,2,5.07,53.94,1.44,-28.93,False,0
J03WPY,1,0:12:56,DFL-OBJ-002GMO,DFL-OBJ-0028BZ,4.82613717169332,21.673932938789548,8.27,16.89,5.122588883524159,17.336023188724685,0,23.4,60.96,8.46,10.6,False,0
J03WPY,1,0:12:56.880000,DFL-OBJ-002G5J,DFL-OBJ-0000EJ,3.222995501082805,23.0405167683603,16.81,16.92,0.204963970304477,9.403323880415902,1,32.76,46.45,-6.05,1.24,False,0
J03WPY,1,0:13:03.200000,DFL-OBJ-J01H9X,DFL-OBJ-0028BZ,4.854770849381049,28.419685766262,8.15,12.58,3.7829503886389837,9.430954352556268,0,28.15,55.66,3.16,-5.85,False,0
J03WPY,1,0:13:08.400000,DFL-OBJ-0000F8,DFL-OBJ-002595,4.970362159843084,25.724788228773214,4.3,13.97,3.8052760114911077,15.728725313896229,1,0.9399999999999977,47.7,-4.8,33.06,False,0
J03WPY,1,0:13:10.320000,DFL-OBJ-002GMO,DFL-OBJ-0028BZ,4.873458730716819,12.015578494109938,12.75,23.13,3.976682687175168,14.798016759012,0,5.300000000000001,63.58,11.08,28.7,False,0
J03WPY,1,0:13:16.560000,DFL-OBJ-00028V,DFL-OBJ-0028BZ,4.952342879890285,24.326633384201415,6.33,11.74,3.1795091198697256,7.441679917868009,2,26.38,52.82,0.32,7.62,False,0
J03WPY,1,0:13:17.800000,DFL-OBJ-J01H9X,DFL-OBJ-0028T3,4.9616227184258985,3.959847175075902,5.48,13.31,4.307185677192593,9.364806458224322,0,33.63,55.85,3.35,0.37,False,0
J03WPY,1,0:13:21.320000,DFL-OBJ-0000NZ,DFL-OBJ-002FYC,3.7259361239828017,18.010955017248943,12.83,15.81,8.13179260301506,9.538998899255622,0,5.57,39.54,-12.96,28.43,False,0
J03WPY,1,0:13:22,DFL-OBJ-0000NZ,DFL-OBJ-002FYC,1.7961069010501571,29.564755824041875,9.59,13.54,1.774166081683467,5.366721531810648,0,7.329999999999998,40.17,-12.33,26.67,False,0
J03WPY,1,0:13:23.760000,DFL-OBJ-002GMO,DFL-OBJ-0028BZ,4.764630101067656,4.700347691609091,17.86,16.73,5.240829826502702,5.897329904287193,0,7.780000000000001,51.75,-0.75,26.22,False,0
J03WPY,1,0:13:41.120000,DFL-OBJ-0000EJ,DFL-OBJ-002FXT,2.596247291765559,19.986935301974704,9.86,21.97,3.102380519673896,5.653220321197469,2,21.0,62.59,-10.09,-13.0,False,0
J03WPY,1,0:13:41.480000,DFL-OBJ-0000EJ,DFL-OBJ-002FXT,1.3682470537150804,24.513769939524977,10.01,22.67,3.372807495939321,4.101609440207587,2,20.619999999999997,61.64,-9.14,-13.38,False,0
J03WPY,1,0:13:42.720000,DFL-OBJ-002595,DFL-OBJ-00028V,4.964483860382668,4.581537952832905,13.32,10.65,1.7408661685123583,6.885303188676589,2,27.259999999999998,47.94,4.56,-6.74,False,0
J03WPY,1,0:13:49.840000,DFL-OBJ-0000F8,DFL-OBJ-0000EJ,4.929310296583083,77.79829535492803,25.19,22.02,4.759628724703779,14.340686873368375,2,26.12,55.91,3.41,7.88,False,0
J03WPY,1,0:14:35.720000,DFL-OBJ-J01H9X,DFL-OBJ-0028T3,4.758371570190794,2.0374011585063876,6.9,18.0,2.918190184345242,7.69089071564536,1,31.59,43.41,-9.09,2.41,False,0
J03WPY,1,0:14:41,DFL-OBJ-J01H9X,DFL-OBJ-0028T3,4.96263035093286,65.7001916217434,9.72,17.5,1.151170985624097,7.558736666930525,1,27.54,42.63,-9.87,6.46,False,0
J03WPY,1,0:14:43.960000,DFL-OBJ-0000NZ,DFL-OBJ-002595,4.991392591251463,48.43448236421066,9.16,20.47,5.545738338551343,9.274119904335937,0,3.0199999999999996,30.74,-21.76,30.98,False,0
J03WPY,1,0:14:45.600000,DFL-OBJ-0000F8,DFL-OBJ-002FYC,1.1389907813498776,25.632706136266226,4.75,7.2,-0.11686346919205948,8.948944071788583,1,7.390000000000001,14.649999999999999,-37.85,26.61,False,0
J03WPY,1,0:14:47.720000,DFL-OBJ-002FYC,DFL-OBJ-0000F8,1.9376274151652566,31.780915092983395,7.14,14.09,1.7922425608826402,10.227516805168301,0,1.9200000000000017,94.0,-41.5,32.08,False,0
J03WPY,1,0:14:51.040000,DFL-OBJ-002FYC,DFL-OBJ-0000F8,4.93,6.068009828825122,6.22,10.83,2.1180779268132466,8.296559527900706,0,2.2300000000000004,99.75,-47.25,31.77,False,0
J03WPY,1,0:15:06.560000,DFL-OBJ-0000NZ,DFL-OBJ-002595,4.86675456541626,34.646307514080085,5.42,11.37,4.063505602673858,11.58520176777254,2,0.9699999999999989,45.04,-7.46,33.03,False,0
J03WPY,1,0:15:10.680000,DFL-OBJ-002G5J,DFL-OBJ-00008F,0.7158910531638166,132.43399522252648,20.01,27.14,-0.8189032409621625,8.694279728649176,1,18.869999999999997,1.8699999999999974,-50.63,15.13,False,0
J03WPY,1,0:15:39.880000,DFL-OBJ-002FYC,DFL-OBJ-0000F8,4.829958591955006,52.58805695860224,13.69,16.0,4.810193096422106,17.06584014925723,0,12.55,72.47,-19.97,21.45,False,0
J03WPY,1,0:15:44.840000,DFL-OBJ-002595,DFL-OBJ-0000NZ,2.1137644144984566,11.7594012213338,24.22,21.59,1.7807322744022769,11.046687286241067,1,4.739999999999998,48.55,3.95,29.26,False,0
J03WPY,1,0:15:57.880000,DFL-OBJ-002G68,DFL-OBJ-002G5J,4.896621284110099,24.097709324553154,1.11,18.3,4.7822720061677355,15.688906909023332,0,3.629999999999999,94.27000000000001,-41.77,30.37,False,0
J03WPY,1,0:16:08.440000,DFL-OBJ-0028T3,DFL-OBJ-J01H9X,4.001512214151044,12.64691006410926,0.59,18.88,5.333755120652666,6.3656657153828,3,26.509999999999998,51.15,1.35,7.49,False,0
J03WPY,1,0:16:13.960000,DFL-OBJ-002GG4,DFL-OBJ-J01KJ5,3.8908225351460057,67.02409240813536,30.07,30.06,0.515532446226632,17.564373031793647,0,16.21,15.469999999999999,37.03,-17.79,False,0
J03WPY,1,0:17:12.960000,DFL-OBJ-002FYC,DFL-OBJ-0000F8,4.842984616948519,22.936129838569663,7.08,13.22,5.150761135529224,5.538393268810006,1,9.89,54.02,-1.52,24.11,False,0
J03WPY,1,0:17:18.640000,DFL-OBJ-002595,DFL-OBJ-0000F8,4.853720222674561,11.415008242945541,15.08,14.56,3.756046355826239,7.68485523611213,1,8.14,44.730000000000004,7.77,25.86,False,0
J03WPY,1,0:17:22.880000,DFL-OBJ-002G68,DFL-OBJ-002G5J,4.898693703427477,39.79797328853516,9.42,14.91,3.7682782297186646,13.904405776587506,0,9.18,61.97,-9.47,24.82,False,0
J03WPY,1,0:17:24.240000,DFL-OBJ-002595,DFL-OBJ-0000F8,4.974102934198284,15.295096149215578,9.11,13.16,2.5689087526279453,9.925986097108941,1,0.6700000000000017,51.45,1.05,33.33,False,0
J03WPY,1,0:17:37.080000,DFL-OBJ-0001LJ,DFL-OBJ-0026RH,4.963244906308773,17.050815905667978,9.33,10.89,4.173296751558282,12.659612948269784,1,7.850000000000001,83.71000000000001,-31.21,-26.15,False,0
J03WPY,1,0:17:39.640000,DFL-OBJ-0028BZ,DFL-OBJ-002GMO,1.387155362603627,77.13820923075039,16.41,19.87,0.15504203720635157,11.014944393867815,3,23.130000000000003,45.55,6.95,-10.87,False,0
J03WPY,1,0:18:40.320000,DFL-OBJ-00028V,DFL-OBJ-0028BZ,4.993846213090667,48.28260764370141,5.88,13.94,3.7330445944310076,12.41708500413845,0,26.85,76.39,23.89,-7.15,False,0
J03WPY,1,0:18:44.880000,DFL-OBJ-002GMO,DFL-OBJ-002595,4.99124233032218,37.79824709669923,18.17,21.2,3.428575160497125,23.865896170058228,0,1.9200000000000017,71.57,19.07,32.08,False,0
J03WPY,1,0:18:50.120000,DFL-OBJ-0001LJ,DFL-OBJ-002G5J,2.1043051109570587,68.30553194562813,15.45,10.06,2.6443384237305887,4.340933079419677,2,31.09,78.47,-25.97,2.91,False,0
J03WPY,1,0:18:53.520000,DFL-OBJ-J01H9X,DFL-OBJ-0028T3,3.297711327572503,70.58180299744147,28.24,24.4,5.268724678182301,7.869390065310019,1,25.380000000000003,39.71,-12.79,-8.62,False,0
J03WPY,1,0:18:53.960000,DFL-OBJ-J01H9X,DFL-OBJ-0028T3,2.1080085388821366,92.38646517313238,22.07,22.76,2.537987361806192,9.170387123780543,1,22.36,40.269999999999996,-12.23,-11.64,False,0
J03WPY,1,0:19:18.520000,DFL-OBJ-002GG4,DFL-OBJ-002GM9,4.972926703662543,71.80285050246528,14.94,18.21,4.8625524221933425,11.992818684529507,1,5.960000000000001,13.07,39.43,-28.04,False,0
J03WPY,1,0:19:22.520000,DFL-OBJ-00028V,DFL-OBJ-0028T3,4.9782125306177925,86.3000293131403,19.21,15.96,1.6785836899795648,8.532338483674918,6,28.92,81.73,29.23,-5.08,False,0
J03WPY,1,0:19:27.320000,DFL-OBJ-002FXT,DFL-OBJ-00008F,2.145157336886969,81.08847759101859,21.87,24.18,-0.1825820581342008,10.457136319279766,0,13.46,41.07,-11.43,20.54,False,0
J03WPY,1,0:19:27.840000,DFL-OBJ-002FXT,DFL-OBJ-00008F,2.627736668694182,82.98572464997153,16.88,17.65,-0.9546288562835392,9.272863635360979,0,10.870000000000001,40.37,-12.13,23.13,False,0
J03WPY,1,0:19:33.640000,DFL-OBJ-00028V,DFL-OBJ-002595,4.895079161770523,48.4901797647195,16.6,18.55,3.4830089817159315,8.5203579737004,1,21.93,52.18,-0.32,12.07,False,0
J03WPY,1,0:19:35.040000,DFL-OBJ-002G5J,DFL-OBJ-002G68,4.954614011202083,67.79530515062585,9.58,11.03,1.1607894310900257,6.241354019762058,3,26.9,41.17,-11.33,7.1,False,0
J03WPY,1,0:19:35.320000,DFL-OBJ-0000F8,DFL-OBJ-002595,4.986150820021392,73.06051823423886,4.55,14.24,3.164262261203834,5.244244464172127,3,20.939999999999998,42.6,-9.9,13.06,False,0
J03WPY,1,0:19:48.080000,DFL-OBJ-J01H9X,DFL-OBJ-0028T3,4.996018414697848,34.76721692697769,3.83,11.83,2.608236150312291,14.385242437998743,0,5.18,47.25,-5.25,-28.82,False,0
J03WPY,1,0:19:54.880000,DFL-OBJ-002GMO,DFL-OBJ-0028BZ,4.941710230274534,36.02866185725218,15.47,22.86,5.2510680733311395,15.934318309861894,0,15.55,64.82,12.32,18.45,False,0
J03WPY,1,0:19:57.040000,DFL-OBJ-0000NZ,DFL-OBJ-002FYC,4.904079934095692,15.673237544436688,2.89,17.36,3.925229569011992,12.209479923403784,0,0.6899999999999977,51.07,-1.43,33.31,False,0
J03WPY,1,0:20:15.440000,DFL-OBJ-002G68,DFL-OBJ-002G5J,4.935838327984416,27.818733716397087,13.64,22.25,4.685752928302535,16.18242256276853,0,9.559999999999999,79.76,-27.26,24.44,False,0
J03WPY,1,0:20:36,DFL-OBJ-J01H9X,DFL-OBJ-002595,4.939999999999999,34.86262443691406,5.46,16.36,4.668960015230074,5.89308917292111,1,25.04,62.06,9.56,8.96,False,0
J03WPY,1,0:20:38.400000,DFL-OBJ-002GMO,DFL-OBJ-002595,4.972051890316513,30.299828172839316,14.44,19.79,4.698154630792708,15.83343929789103,0,6.84,69.68,17.18,27.16,False,0
J03WPY,1,0:20:40.320000,DFL-OBJ-0000F8,DFL-OBJ-002595,4.921717180009432,9.772998681653885,2.99,17.44,6.130066952072286,6.8438950897862245,2,6.390000000000001,55.72,3.22,27.61,False,0
J03WPY,1,0:20:41.880000,DFL-OBJ-002G5J,DFL-OBJ-00008F,2.429917694079369,1.2091200450039714,5.96,16.3,2.962074691592538,8.337721511300312,1,20.2,48.16,-4.34,13.8,False,0
J03WPY,1,0:20:42.680000,DFL-OBJ-J01H9X,DFL-OBJ-0028T3,2.7202941017470907,74.67407251264117,10.83,19.57,0.46923723526385963,4.176625432092277,1,13.879999999999999,50.9,-1.6,20.12,False,0
J03WPY,1,0:20:43.240000,DFL-OBJ-J01H9X,DFL-OBJ-0028T3,2.2837250272307323,100.59985273427124,1.38,6.95,0.40951084823451556,3.5958031091815914,1,13.969999999999999,50.18,-2.32,20.03,False,0
J03WPY,1,0:21:02.600000,DFL-OBJ-0026RH,DFL-OBJ-0028T3,4.768920213213888,15.260567926937572,8.92,21.76,3.485205754486309,8.116415464969743,1,15.96,51.05,-1.45,-18.04,False,0
J03WPY,1,0:21:49.840000,DFL-OBJ-0026RH,DFL-OBJ-0001LJ,3.466713140714125,1.229660830469313,9.56,18.3,1.4130546965088042,8.108711364945727,0,3.6499999999999986,74.33,21.83,-30.35,False,0
J03WPY,1,0:21:50.480000,DFL-OBJ-0026RH,DFL-OBJ-0001LJ,2.0066140635408702,9.468033628400647,14.84,17.62,1.991495948384725,6.737128468420353,2,4.02,76.01,23.51,-29.98,False,0
J03WPY,1,0:21:53.240000,DFL-OBJ-002GM9,DFL-OBJ-J0178P,4.876822736167472,0.3846620466080632,9.6,19.64,5.81997039140617,10.785773036736867,0,14.16,89.07,36.57,-19.84,False,0
J03WPY,1,0:21:57.480000,DFL-OBJ-0000NZ,DFL-OBJ-002595,4.938522046118656,41.894549257975875,18.7,22.23,2.1718085707164247,15.839359204210252,0,11.02,87.89,35.39,22.98,False,0
J03WPY,1,0:22:03.680000,DFL-OBJ-002FXT,DFL-OBJ-0000EJ,3.1696845268890717,38.907102727907564,8.29,12.41,5.681118520748908,11.441022681561295,2,33.23,46.24,-6.26,-0.77,False,0
J03WPY,1,0:22:53.560000,DFL-OBJ-0000NZ,DFL-OBJ-002FYC,4.8863585623652295,63.38521291569812,15.7,24.93,4.608490655730512,14.112338573036007,0,9.98,68.07,15.57,24.02,False,0
J03WPY,1,0:22:55.720000,DFL-OBJ-J01H9X,DFL-OBJ-002G68,0.7707788269017266,17.658018549255488,21.33,14.42,-0.399490030215304,10.5725115275416,1,7.699999999999999,40.81,-11.69,26.3,False,0
J03WPY,1,0:22:56.920000,DFL-OBJ-002G68,DFL-OBJ-J01H9X,0.9044335243676037,156.71191168160797,11.24,5.04,1.9109960061506517,2.4809070921741503,1,4.260000000000002,63.16,-10.66,29.74,False,0
J03WPY,1,0:22:57.360000,DFL-OBJ-002595,DFL-OBJ-0000F8,4.406835599384211,170.53092068301368,14.12,11.58,-0.4347629309080814,4.4898663677218735,2,7.32,61.18,-8.68,26.68,False,0
J03WPY,1,0:22:58.160000,DFL-OBJ-002FYC,DFL-OBJ-0000NZ,4.820840175737006,139.43617456271386,12.28,6.14,-4.5760553618968185,7.482786913977973,2,4.960000000000001,55.26,-2.76,29.04,False,0
J03WPY,1,0:23:01.800000,DFL-OBJ-0028T3,DFL-OBJ-002G5J,4.858199254868,25.754298014584826,4.76,23.62,5.1450339541220425,6.434384197419361,0,26.75,47.95,4.55,7.25,False,0
J03WPY,1,0:23:07.280000,DFL-OBJ-002GG4,DFL-OBJ-J01KJ5,4.841487374764082,18.84888332159038,2.53,15.62,4.212780115168908,12.997799813814646,1,4.129999999999999,35.95,16.55,-29.87,False,0
J03WPY,1,0:23:09.680000,DFL-OBJ-0001LJ,DFL-OBJ-0026RH,4.877509610446709,23.0515477820302,6.1,16.74,3.142620595827459,12.27690922015798,0,12.899999999999999,46.92,5.58,-21.1,False,0
J03WPY,1,0:23:13.360000,DFL-OBJ-00008F,DFL-OBJ-002FXT,4.914183553755395,31.2039631656068,15.35,18.51,2.327313782015381,18.272178304734222,0,31.16,61.76,-9.26,-2.84,False,0
J03WPY,1,0:23:19,DFL-OBJ-002FYC,DFL-OBJ-J01H9X,4.991592932120968,8.225621929560397,9.71,10.42,0.4722000481524513,7.505577925782929,1,18.85,54.72,-2.22,15.15,False,0
J03WPY,1,0:23:22.120000,DFL-OBJ-0001LJ,DFL-OBJ-0026RH,4.882058991859889,27.255105549481137,5.73,15.1,4.4539341276898625,15.702643089620294,0,18.9,57.21,-4.71,-15.1,False,0
J03WPY,1,0:23:23.600000,DFL-OBJ-0028T3,DFL-OBJ-00028V,4.009114615473096,28.815045897364243,19.86,23.15,0.29603727995085594,9.760251021362103,1,20.47,40.94,11.56,-13.53,False,0
J03WPY,1,0:23:29.760000,DFL-OBJ-0001LJ,DFL-OBJ-0026RH,4.92107711786759,24.996378602523272,3.01,13.11,3.5346049546315705,10.502613960343396,0,8.510000000000002,56.17,-3.67,-25.49,False,0
J03WPY,1,0:23:35.240000,DFL-OBJ-0028BZ,DFL-OBJ-002GM9,3.83938797206013,18.867140151558505,26.81,23.12,-1.1808915966864808,7.469672014218567,1,8.0,12.369999999999997,40.13,-26.0,False,0
J03WPY,1,0:23:38.520000,DFL-OBJ-002GG4,DFL-OBJ-0026RH,4.914977110831746,55.260362176840104,11.49,20.72,4.953279365568834,5.192234586379934,1,4.640000000000001,19.560000000000002,32.94,-29.36,False,0
J03WPY,1,0:23:43.920000,DFL-OBJ-0000F8,DFL-OBJ-002FYC,4.910244393103056,62.71729845116029,18.65,28.52,3.7962977402285603,5.236458727040633,1,31.67,66.93,14.43,2.33,False,0
J03WPY,1,0:23:44.440000,DFL-OBJ-002G5J,DFL-OBJ-002FYC,3.0969824022748336,37.40081459721343,25.91,28.0,1.9386144413244477,7.002985077807891,2,25.23,62.41,9.91,8.77,False,0
J03WPY,1,0:23:52.680000,DFL-OBJ-002G5J,DFL-OBJ-0000EJ,4.893597858426863,73.00917670801377,17.09,15.58,5.390030149648488,5.3869657507728785,0,14.530000000000001,22.09,-30.41,19.47,False,0
J03WPY,1,0:24:40.040000,DFL-OBJ-0026RH,DFL-OBJ-0001LJ,1.0060318086422515,31.294191967697643,20.58,19.92,-0.13324724371535063,8.338758900459949,2,19.89,1.740000000000002,-50.76,-14.11,False,0
J03WPY,1,0:24:41.360000,DFL-OBJ-002G5J,DFL-OBJ-002595,4.27375712927162,15.134369083063342,22.17,22.76,10.87461051649322,8.841413914075057,0,8.46,10.200000000000003,-42.3,-25.54,False,0
J03WPY,1,0:24:43.600000,DFL-OBJ-0000F8,DFL-OBJ-0000EJ,4.774452848232978,21.942986271280564,12.85,22.15,7.372479947611367,10.495089327871394,0,20.990000000000002,23.55,-28.95,-13.01,False,0
J03WPY,1,0:24:51.760000,DFL-OBJ-0000EJ,DFL-OBJ-0000F8,1.4707821048680185,56.07020257793946,16.76,18.95,2.4387008759724447,6.312947013875532,7,30.12,89.65,-37.15,3.88,False,0
J03WPY,1,0:24:52.200000,DFL-OBJ-0028T3,DFL-OBJ-J01H9X,4.34430661901298,1.9105063990027926,12.93,9.1,-0.885140000793645,5.694146116846671,3,23.92,93.77000000000001,-41.27,10.08,False,0
J03WPY,1,0:25:22.520000,DFL-OBJ-002GMO,DFL-OBJ-0028BZ,4.97919672236396,26.60162480709102,13.32,12.7,2.5550078941500876,13.85003249093662,1,27.98,67.6,15.1,6.02,False,0
J03WPY,1,0:25:33,DFL-OBJ-J01H9X,DFL-OBJ-002595,4.8825608035128445,12.267585172670932,7.61,22.81,5.550744439901583,8.472697327297842,0,14.09,66.36,13.86,19.91,False,0
J03WPY,1,0:25:40.720000,DFL-OBJ-002GMO,DFL-OBJ-002595,4.979015967036056,19.997563489527554,4.01,14.96,3.3438540994053256,14.26168643604255,1,3.4499999999999993,76.45,23.95,30.55,False,0
J03WPY,1,0:25:42.800000,DFL-OBJ-0000F8,DFL-OBJ-0000EJ,4.362717043311426,5.617580590126665,12.66,16.39,1.406741612244804,6.761893226012962,2,5.800000000000001,62.05,9.55,28.2,False,0
J03WPY,1,0:25:44.920000,DFL-OBJ-0000EJ,DFL-OBJ-0000F8,1.7123375835389474,76.54373411108004,18.96,3.86,1.2793943453982308,10.0787003130364,1,11.420000000000002,40.13,12.37,22.58,False,0
J03WPY,1,0:26:41.440000,DFL-OBJ-J01H9X,DFL-OBJ-002GG4,1.3736083866954243,51.28711581121982,18.02,20.58,1.857127301832258,3.0302640149003506,2,8.510000000000002,44.65,-7.85,-25.49,False,0
J03WPY,1,0:26:41.800000,DFL-OBJ-0026RH,DFL-OBJ-0001LJ,3.0677679182102398,117.18111108547706,5.27,9.93,-0.4938971664762004,4.957741421252225,3,4.899999999999999,39.19,-13.31,-29.1,False,0
J03WPY,1,0:26:43.520000,DFL-OBJ-J01KJ5,DFL-OBJ-002GG4,1.086324076875772,74.45022334216799,12.86,12.97,0.0753589176998315,3.615660382281501,3,1.2899999999999991,36.82,-15.68,-32.71,False,0
J03WPY,1,0:26:45.240000,DFL-OBJ-J01H9X,DFL-OBJ-002GG4,4.340840932354005,29.016916488008192,7.55,13.01,1.155109043951359,4.5833830300336,1,8.07,38.87,-13.63,-25.93,False,0
J03WPY,1,0:26:51.280000,DFL-OBJ-0001LJ,DFL-OBJ-0026RH,3.479324647111849,19.32317079293878,7.45,15.29,1.0462381409316712,18.7805963696577,0,5.170000000000002,100.07,-47.57,-28.83,False,0
J03WPY,1,0:27:03.120000,DFL-OBJ-00028V,DFL-OBJ-J0178P,3.654216742340278,13.824232675959205,21.49,14.75,-1.5039872959985523,8.459834513747891,2,4.84,54.42,1.92,-29.16,False,0
J03WPY,1,0:27:17.080000,DFL-OBJ-0000NZ,DFL-OBJ-002595,4.923951665075521,31.697206690010113,1.14,13.88,3.7222175498438403,18.136000110277898,0,3.8000000000000007,63.46,10.96,30.2,False,0
J03WPY,1,0:27:29.080000,DFL-OBJ-002GMO,DFL-OBJ-002595,4.0162171256046415,9.646365837287995,15.81,21.82,1.988848276147528,16.790431799093195,0,15.86,77.95,25.45,18.14,False,0
J03WPY,1,0:27:42.080000,DFL-OBJ-J01H9X,DFL-OBJ-0028T3,1.8706683297688014,1.5316077920108997,12.52,21.07,2.7329512981966664,7.285307131480458,1,28.85,59.269999999999996,6.77,-5.15,False,0
J03WPY,1,0:27:52.600000,DFL-OBJ-00028V,DFL-OBJ-0028BZ,3.489312253152474,27.79496026196794,11.17,17.51,2.995321032846685,6.455912019227028,1,19.65,51.02,-1.48,14.35,False,0
J03WPY,1,0:27:55.280000,DFL-OBJ-00028V,DFL-OBJ-002595,4.881936091347366,14.645210595454486,4.03,10.82,2.274994888096138,6.360015723251006,1,14.370000000000001,51.41,-1.09,19.63,False,0
J03WPY,1,0:28:12.440000,DFL-OBJ-00028V,DFL-OBJ-002595,4.909144528326704,15.85546453522413,1.1,14.51,4.631317156707668,12.108001486620326,1,30.5,72.35,19.85,-3.5,False,0
J03WPY,1,0:28:18.600000,DFL-OBJ-002FXT,DFL-OBJ-0028BZ,4.93,2.7120760179225036,6.32,18.97,5.814459749397171,9.928086421863982,0,26.69,66.63,14.13,7.31,False,0
J03WPY,1,0:28:22.960000,DFL-OBJ-0028T3,DFL-OBJ-002FXT,3.208254977398149,13.201341524801487,22.01,4.23,-4.521173198785904,9.475062005074165,2,28.18,42.82,9.68,-5.82,False,0
J03WPY,1,0:28:25.560000,DFL-OBJ-J0178P,DFL-OBJ-002GMO,3.8862964374838938,63.24538339221524,17.5,17.68,7.125966806619138,6.2573157184211174,2,33.72,27.09,25.41,-0.28,False,0
J03WPY,1,0:28:26.800000,DFL-OBJ-002GMO,DFL-OBJ-J0178P,1.448999654934397,62.50915422788473,8.73,9.49,-0.8684112665519156,7.656219693817571,1,32.73,83.78,31.28,1.27,False,0
J03WPY,1,0:28:29.760000,DFL-OBJ-002FXT,DFL-OBJ-002595,4.930821432580984,43.100274903291236,6.47,8.18,1.657960719577054,5.366311582455869,4,32.87,73.73,21.23,-1.13,False,0
J03WPY,1,0:28:30.080000,DFL-OBJ-00028V,DFL-OBJ-J0178P,1.0151354589413186,140.85273256440212,4.16,14.42,-0.20104062441678283,1.344618905117729,2,30.98,78.0,25.5,-3.02,False,0
J03WPY,1,0:28:36.600000,DFL-OBJ-0000F8,DFL-OBJ-002FYC,4.9776500479644,106.51880836120363,18.36,20.22,2.1445048705987335,12.729591509549707,1,5.27,36.82,-15.68,28.73,False,0
J03WPY,1,0:28:39.360000,DFL-OBJ-0000NZ,DFL-OBJ-002G68,2.837904156239248,81.81891229865607,25.41,8.09,4.547028561276935,6.318457090144714,2,19.66,22.23,-30.27,14.34,False,0
J03WPY,1,0:28:39.640000,DFL-OBJ-002G68,DFL-OBJ-0000NZ,1.7628386199536268,98.51548880450741,7.86,21.53,4.212394444368436,10.502618721061904,2,19.04,85.06,-32.56,14.96,False,0
J03WPY,1,0:28:46.320000,DFL-OBJ-002595,DFL-OBJ-0000F8,4.998409747109574,55.73625487803144,24.63,25.6,0.6782877584814684,14.64137971640651,0,1.4600000000000009,49.63,2.87,32.54,False,0
J03WPY,1,0:28:49.160000,DFL-OBJ-002595,DFL-OBJ-0000F8,4.972051890316513,42.75182948198405,19.48,24.07,1.068435012728144,5.138764442937623,0,2.719999999999999,28.68,23.82,31.28,False,0
J03WPY,1,0:28:50.960000,DFL-OBJ-0000F8,DFL-OBJ-002595,0.9128526715741168,145.93788718681697,13.32,13.03,-0.35388765910792375,18.80733101745168,1,6.239999999999998,82.34,29.84,27.76,False,0
J03WPY,1,0:28:58,DFL-OBJ-J01H9X,DFL-OBJ-002GG4,4.965168677900077,42.54065266619339,8.09,16.47,3.5309250807303116,6.330387033981413,1,24.32,61.28,8.78,9.68,False,0
J03WPY,1,0:29:05.560000,DFL-OBJ-0026RH,DFL-OBJ-0001LJ,4.126330088589618,45.49158216772961,24.55,24.6,0.8953856854708464,16.426165103273497,1,4.68,25.72,-26.78,-29.32,False,0
J03WPY,1,0:29:06,DFL-OBJ-0026RH,DFL-OBJ-0001LJ,3.8486491136501395,46.50496551988542,21.8,23.36,0.6158085343255826,17.221803041493658,1,2.5799999999999983,23.75,-28.75,-31.42,False,0
J03WPY,1,0:29:12.280000,DFL-OBJ-002G5J,DFL-OBJ-002GG4,4.953624935337758,28.629563474376237,1.22,18.06,4.953072661418396,8.114406940744345,0,28.33,28.51,-23.99,-5.67,False,0
J03WPY,1,0:29:13.600000,DFL-OBJ-002FXT,DFL-OBJ-00008F,2.3426907606425518,16.982106453545363,13.68,14.73,-0.0843790257416499,2.8702787321094796,2,33.31,18.259999999999998,-34.24,0.69,False,0
J03WPY,1,0:29:15.440000,DFL-OBJ-0000F8,DFL-OBJ-002595,4.911506897073444,37.84109433191928,10.14,17.94,3.1319635965725223,7.4519393448953934,0,24.03,25.7,-26.8,9.97,False,0
J03WPY,1,0:29:55.320000,DFL-OBJ-002FYC,DFL-OBJ-002G5J,2.2165062598603233,47.779574332454594,6.32,12.88,3.8965903039013536,8.382887330747085,2,33.18,50.34,2.16,0.82,False,0
J03WPY,1,0:29:58.440000,DFL-OBJ-002G68,DFL-OBJ-002G5J,4.942762385549198,42.00411353549682,22.3,21.46,3.2857640447924075,10.671054305924976,0,24.560000000000002,58.769999999999996,-6.27,9.44,False,0
J03WPY,1,0:30:02.680000,DFL-OBJ-002595,DFL-OBJ-0000F8,4.997689466143331,17.060331380192427,5.4,8.54,0.5017612915427816,7.501799784051827,1,6.829999999999998,47.39,5.11,27.17,False,0
J03WPY,1,0:30:09.480000,DFL-OBJ-0000EJ,DFL-OBJ-002G5J,4.370743643820807,53.44189005610398,6.96,9.56,0.7924892085073099,8.720624977603382,1,20.82,54.99,-2.49,13.18,False,0
J03WPY,1,0:30:16.480000,DFL-OBJ-0026RH,DFL-OBJ-0028T3,2.2340322289528403,4.827682040280031,16.64,21.79,1.4693506591205507,8.49174304839707,2,9.73,72.27,19.77,-24.27,False,0
J03WPY,1,0:30:18.720000,DFL-OBJ-0028T3,DFL-OBJ-0026RH,1.0000499987500588,131.21757498452453,17.33,14.46,-0.017057337708369924,11.264213243720134,1,2.3099999999999987,31.61,20.89,-31.69,False,0
J03WPY,1,0:30:19.920000,DFL-OBJ-0001LJ,DFL-OBJ-0026RH,4.91564848214353,26.836454068668072,9.53,20.29,3.1111425910831048,14.262654030719528,0,3.8999999999999986,41.22,11.28,-30.1,False,0
J03WPY,1,0:30:21.600000,DFL-OBJ-0026RH,DFL-OBJ-0001LJ,2.185772174770279,123.49899488341168,18.95,11.16,1.3795906764257226,6.861231667856727,1,7.27,59.42,6.92,-26.73,False,0
J03WPY,1,0:30:22.120000,DFL-OBJ-0001LJ,DFL-OBJ-0026RH,1.361653406708183,62.770194354088574,4.77,9.51,1.4841816326445245,10.060899562166398,1,6.02,48.19,4.31,-27.98,False,0
J03WPY,1,0:30:23.640000,DFL-OBJ-0028T3,DFL-OBJ-0026RH,4.920162598939186,53.59591143692098,2.11,15.25,2.4339496134564675,7.054034306692875,2,1.259999999999998,41.37,11.13,-32.74,False,0
J03WPY,1,0:30:24.520000,DFL-OBJ-0000EJ,DFL-OBJ-002G5J,2.1705759604307775,41.021169911834754,12.93,20.23,1.3463918552861176,6.693952494602872,2,11.82,41.03,11.47,-22.18,False,0
J03WPY,1,0:30:25.960000,DFL-OBJ-0001LJ,DFL-OBJ-0026RH,4.954048849173775,37.43857157233315,7.71,15.57,1.49618275088776,10.182033195781674,1,5.050000000000001,48.62,3.88,-28.95,False,0
J03WPY,1,0:30:35.040000,DFL-OBJ-002FYC,DFL-OBJ-0000F8,4.8322768960397955,27.65941004744732,6.86,8.73,4.588215942502036,19.34737708321208,0,6.34,51.52,0.98,27.66,False,0
J03WPY,1,0:30:37.080000,DFL-OBJ-002FYC,DFL-OBJ-0000F8,3.2073197533142843,92.38354941608267,21.4,19.02,-1.0673552028164135,12.012297865104745,2,12.809999999999999,48.9,3.6,21.19,False,0
J03WPY,1,0:30:43.600000,DFL-OBJ-0001LJ,DFL-OBJ-0026RH,4.9380562977754705,35.6825693754341,7.52,15.4,4.762240703345788,17.713906965997083,0,10.280000000000001,47.54,4.96,-23.72,False,0
J03WPY,1,0:30:44.720000,DFL-OBJ-J0178P,DFL-OBJ-002GM9,0.4609772228646436,93.35936872392978,19.97,20.44,0.5578200804870981,5.408807632001716,0,19.08,26.04,26.46,-14.92,False,0
J03WPY,1,0:30:46.200000,DFL-OBJ-00028V,DFL-OBJ-0028T3,0.8438009243891593,50.62222278350269,19.65,19.35,1.186707633797001,11.293613239349044,3,26.16,74.71000000000001,22.21,-7.84,False,0
J03WPY,1,0:30:46.840000,DFL-OBJ-J01H9X,DFL-OBJ-0028T3,4.804633180587254,6.357357764215936,5.8,15.06,5.1718574782013516,7.016159918359898,2,18.9,76.28999999999999,23.79,-15.1,False,0
J03WPY,1,0:30:48.280000,DFL-OBJ-002FYC,DFL-OBJ-00028V,4.878206637689717,55.66931990835896,10.44,13.5,3.693197954158791,5.350140185079266,1,25.4,34.769999999999996,17.73,-8.6,False,0
J03WPY,1,0:31:17.720000,DFL-OBJ-0000EJ,DFL-OBJ-00028V,3.4314428452183185,71.96603126508614,9.08,8.44,1.0658537324343687,6.201653005449433,1,23.9,36.31,16.19,-10.1,False,0
J03WPY,1,0:31:26.520000,DFL-OBJ-002FYC,DFL-OBJ-0000F8,4.928661075789247,8.368535246424093,1.53,10.75,3.7481365126290678,12.658096223366291,0,5.73,35.32,17.18,28.27,False,0
J03WPY,1,0:31:32,DFL-OBJ-002595,DFL-OBJ-002G5J,4.9799297183795685,12.714116068068622,9.62,15.97,1.5721450735797382,7.535549084174292,0,4.039999999999999,40.63,11.87,29.96,False,0
J03WPY,1,0:31:42.200000,DFL-OBJ-002G68,DFL-OBJ-002G5J,4.989589161444057,69.89619902763694,4.19,10.22,0.8606624494844439,15.294005361578764,0,10.46,59.28,-6.78,23.54,False,0
J03WPY,1,0:31:47.360000,DFL-OBJ-0001HW,DFL-OBJ-002FXT,4.882632486681747,1.6072807293110365,7.44,11.88,3.1596561236467147,17.257835901410118,0,25.82,83.59,-31.09,8.18,False,0
J03WPY,1,0:31:53,DFL-OBJ-0000EJ,DFL-OBJ-J01H9X,1.892353032602532,55.86171815412195,12.44,16.19,0.7193467714658913,7.566095426308077,1,28.64,66.51,-14.01,-5.36,False,0
J03WPY,1,0:31:54.600000,DFL-OBJ-00008F,DFL-OBJ-002FXT,4.981987555183173,13.978384987506757,14.78,17.88,2.070117170306922,10.264175563580352,0,29.95,78.1,-25.6,-4.05,False,0
J03WPY,1,0:32:02.680000,DFL-OBJ-002FYC,DFL-OBJ-0000F8,2.4541597340026584,42.35961426733814,1.43,16.61,3.8115222993483764,7.529575021208037,0,10.14,57.03,-4.53,23.86,False,0
J03WPY,1,0:32:03.120000,DFL-OBJ-002FYC,DFL-OBJ-0000F8,1.7000294115102834,63.98656886390916,10.27,6.2,1.5424324056191818,8.366438907922534,0,10.61,57.54,-5.04,23.39,False,0
J03WPY,1,0:32:04.840000,DFL-OBJ-002595,DFL-OBJ-00028V,4.935838327984414,29.209571251932225,2.06,16.44,3.8461425011659944,5.783156577510245,1,16.85,50.56,1.94,17.15,False,0
J03WPY,1,0:32:10.960000,DFL-OBJ-00028V,DFL-OBJ-0028BZ,4.936598018878994,10.449286665747,6.69,15.67,3.3592214969606116,5.377155381798074,1,14.829999999999998,64.59,12.09,19.17,False,0
J03WPY,1,0:32:13.640000,DFL-OBJ-J01H9X,DFL-OBJ-0028T3,2.92959041505805,38.81215794729015,13.82,27.17,2.4346739714493713,10.363710725411048,3,29.92,42.8,-9.7,4.08,False,0
J03WPY,1,0:32:15.280000,DFL-OBJ-0026RH,DFL-OBJ-002GG4,4.142378543783753,48.033349419508454,14.46,20.55,1.8261357696349712,5.710560392816103,0,26.78,40.25,-12.25,-7.22,False,0
J03WPY,1,0:32:16.520000,DFL-OBJ-0001LJ,DFL-OBJ-0026RH,1.6422241016377772,74.59171847253852,13.57,15.63,2.3690536340073067,4.792796678349706,1,27.61,69.42,-16.92,-6.39,False,0
J03WPY,1,0:32:21.560000,DFL-OBJ-J01KJ5,DFL-OBJ-002GG4,1.278827588066507,26.730202235690253,12.57,4.76,3.1612425195297194,11.929061153334741,1,8.440000000000001,41.76,-10.74,-25.56,False,0
J03WPY,1,0:32:49.880000,DFL-OBJ-00028V,DFL-OBJ-J0178P,4.806006658339123,13.446597845892297,18.89,17.27,8.377383899453374,6.80461608027962,1,16.12,34.58,-17.92,-17.88,False,0
J03WPY,1,0:32:59.440000,DFL-OBJ-J01KJ5,DFL-OBJ-002595,4.831531848182312,8.48154292475939,8.14,22.81,5.091220612435212,13.0009922698231,1,4.66,26.37,-26.13,-29.34,False,0
J03WPY,1,0:33:11.640000,DFL-OBJ-J01KJ5,DFL-OBJ-002595,4.253398641086913,0.9666118980283608,7.25,11.43,2.4858831463409836,6.934320442552393,2,13.059999999999999,27.16,-25.34,-20.94,False,0
J03WPY,1,0:33:16.360000,DFL-OBJ-00028V,DFL-OBJ-002595,4.886000409332769,19.344687547563105,8.15,17.76,3.6803599351364347,9.873849300045043,0,1.9600000000000009,25.09,-27.41,-32.04,False,0
J03WPY,1,0:33:20.440000,DFL-OBJ-002GM9,DFL-OBJ-J0178P,4.904630465182875,18.104173005660584,13.31,20.55,4.462601694264974,14.661105006103737,0,15.559999999999999,47.06,-5.44,-18.44,False,0
J03WPY,1,0:33:24.240000,DFL-OBJ-0000NZ,DFL-OBJ-002FYC,3.7236138360469107,8.827765738361345,7.64,20.78,4.956527088274501,19.518017317340405,0,2.620000000000001,38.84,-13.66,31.38,False,0
J03WPY,1,0:33:25.240000,DFL-OBJ-002FYC,DFL-OBJ-0000NZ,0.5903388857258162,50.13228151055141,16.44,12.94,3.159479095666232,13.917593182730982,1,1.1000000000000014,68.78999999999999,-16.29,32.9,False,0
J03WPY,1,0:34:12.440000,DFL-OBJ-002GMO,DFL-OBJ-0028BZ,4.977881075317088,17.198623170925334,11.25,19.9,4.791251738428188,21.81584057514172,0,7.359999999999999,57.95,5.45,26.64,False,0
J03WPY,1,0:34:23.800000,DFL-OBJ-00028V,DFL-OBJ-0028BZ,4.994096514886351,41.436695571820266,14.17,20.76,1.5625565829130905,14.867430847325304,1,29.93,68.42,15.92,4.07,False,0
J03WPY,1,0:34:25.360000,DFL-OBJ-002G5J,DFL-OBJ-0028T3,1.3197348218486926,9.862864104284144,18.85,23.89,1.104141683830403,9.303859414243101,1,32.02,55.54,3.04,-1.98,False,0
J03WPY,1,0:34:25.920000,DFL-OBJ-002G5J,DFL-OBJ-0028T3,0.6545991139621258,59.996448769671,21.19,25.81,1.0479481542039084,6.238212885113812,1,33.93,57.86,5.36,-0.07,False,0
J03WPY,1,0:34:26.240000,DFL-OBJ-002G5J,DFL-OBJ-0028T3,0.7375635565834311,103.79219005567829,23.32,26.65,-0.08855992330438323,5.639042471909571,1,32.49,59.04,6.54,1.51,False,0
J03WPY,1,0:34:26.640000,DFL-OBJ-0028T3,DFL-OBJ-002G5J,0.746257328272225,65.01061080162987,24.31,25.98,-0.02173442922198482,9.954586882437663,2,29.53,44.87,7.63,4.47,False,0
J03WPY,1,0:35:42.400000,DFL-OBJ-002GMO,DFL-OBJ-002595,4.9706035850789805,38.42077700315599,2.86,10.33,2.687226512028842,13.583313292418756,1,7.719999999999999,40.97,-11.53,26.28,False,0
J03WPY,1,0:35:46.640000,DFL-OBJ-00028V,DFL-OBJ-0028BZ,4.972132339348985,4.023899773654904,6.89,17.46,4.491585414273442,17.611374165578336,0,22.380000000000003,60.81,8.31,11.62,False,0
J03WPY,1,0:35:49.040000,DFL-OBJ-0000F8,DFL-OBJ-002G68,3.676628890709533,20.089315298984797,8.94,18.98,2.1802405135064107,7.910455107008697,1,10.239999999999998,42.25,-10.25,23.76,False,0
J03WPY,1,0:35:49.640000,DFL-OBJ-0000F8,DFL-OBJ-002G68,1.6389325794552982,12.492430606756232,9.76,19.45,3.430699502413962,5.2038159075816655,1,9.21,43.16,-9.34,24.79,False,0
J03WPY,1,0:36:09.280000,DFL-OBJ-00028V,DFL-OBJ-0028BZ,4.950474724710752,40.30178715371923,1.8,12.99,3.8050136999280526,17.08516315403514,0,24.59,57.16,4.66,9.41,False,0
J03WPY,1,0:36:13.200000,DFL-OBJ-002GM9,DFL-OBJ-J0178P,4.911537437503659,28.576453767142628,16.48,24.53,4.662009395391073,18.734612352541482,0,13.89,61.32,8.82,-20.11,False,0
J03WPY,1,0:36:26.280000,DFL-OBJ-0000NZ,DFL-OBJ-002595,4.950838312851672,38.50639277409302,3.18,12.92,3.161927674961036,16.52175535468311,2,1.4500000000000028,52.62,0.12,32.55,False,0
J03WPY,1,0:36:30.400000,DFL-OBJ-J01H9X,DFL-OBJ-002595,4.980813186619228,36.79386707211795,2.36,7.61,1.3206074847234284,6.958160676500651,1,13.79,53.31,0.81,20.21,False,0
J03WPY,1,0:36:34.760000,DFL-OBJ-00028V,DFL-OBJ-0028BZ,4.807296537556217,23.093977282183385,14.14,21.71,5.0002228935193616,13.717638280695406,1,33.83,68.08,15.58,0.17,False,0
J03WPY,1,0:36:38.480000,DFL-OBJ-002GMO,DFL-OBJ-002595,4.958800258126961,20.69407079972035,12.65,19.16,2.5800651554327536,10.787029248129441,0,21.86,72.19,19.69,12.14,False,0
J03WPY,1,0:36:45.040000,DFL-OBJ-002GMO,DFL-OBJ-002595,4.909297302058614,18.56367561711209,2.7,15.35,4.202496485453886,15.013011023775343,0,5.699999999999999,87.47999999999999,34.98,28.3,False,0
J03WPY,1,0:36:51.760000,DFL-OBJ-002GMO,DFL-OBJ-002595,4.97530903562784,28.499043459905124,5.1,18.74,4.1059484563589255,17.003070310976195,0,1.2999999999999972,93.13,40.63,32.7,False,0
J03WPY,1,0:37:12.040000,DFL-OBJ-0026RH,DFL-OBJ-0001LJ,4.656962529374701,19.646226944459567,16.56,19.47,1.0982029634066381,5.0622228319188,0,15.95,57.33,4.83,-18.05,False,0
J03WPY,1,0:37:14.600000,DFL-OBJ-J01KJ5,DFL-OBJ-002GG4,4.868233765956604,18.053764511585765,2.28,17.02,4.44450661705893,11.715365978064874,0,1.6400000000000006,69.19,16.69,-32.36,False,0
J03WPY,1,0:37:27.440000,DFL-OBJ-J01H9X,DFL-OBJ-0028BZ,4.940981683835714,35.1462184957953,2.46,15.74,3.3951249694464636,18.226148797812442,1,22.89,72.59,20.09,11.11,False,0
J03WPY,1,0:37:29.760000,DFL-OBJ-002GMO,DFL-OBJ-002595,4.908054604423225,0.9065905491151476,3.31,20.33,5.257127964609551,11.158947082946492,0,9.66,70.37,17.87,24.34,False,0
J03WPY,1,0:37:43.280000,DFL-OBJ-0001LJ,DFL-OBJ-J01H9X,3.325612725498864,15.622984832150802,15.03,17.83,3.789609167379142,3.712478956169317,3,21.490000000000002,78.31,-25.81,-12.51,False,0
J03WPY,1,0:38:33.680000,DFL-OBJ-002FYC,DFL-OBJ-0000F8,4.9926546045165185,26.48639134040967,3.01,10.42,1.8778986483160698,13.52887652393945,0,7.440000000000001,43.0,9.5,26.56,False,0
J03WPY,1,0:38:36.840000,DFL-OBJ-0028T3,DFL-OBJ-002G5J,4.787243465711765,24.641331263088066,19.93,12.9,6.968760137082652,5.693478725700133,1,22.21,38.1,14.4,11.79,False,0
J03WPY,1,0:38:40.200000,DFL-OBJ-002FYC,DFL-OBJ-0000F8,4.956944623455058,2.4123237725250717,0.26,10.91,3.416990894894407,9.704560783466711,1,6.079999999999998,44.82,7.68,27.92,False,0
J03WPY,1,0:38:45.800000,DFL-OBJ-0000EJ,DFL-OBJ-002G5J,4.957822102496215,38.46591625711068,9.29,17.78,2.6064655423584693,10.655411770551149,1,16.33,55.02,-2.52,17.67,False,0
J03WPY,1,0:38:48.880000,DFL-OBJ-00008F,DFL-OBJ-002FXT,4.920162598939185,13.206560755581542,14.03,23.64,3.768838195542865,19.25177394423693,0,24.439999999999998,66.51,-14.01,-9.56,False,0
J03WPY,1,0:38:51.520000,DFL-OBJ-0001LJ,DFL-OBJ-0026RH,4.900255095400647,14.189159385337238,9.4,18.69,5.364164275713585,14.29441849114542,0,1.3299999999999983,60.730000000000004,-8.23,-32.67,False,0
J03WPY,1,0:38:53.120000,DFL-OBJ-J0178P,DFL-OBJ-002GM9,0.943398113205661,27.898386016829456,27.07,25.8,1.7171948425964756,7.920763852053664,2,12.620000000000001,35.019999999999996,17.48,-21.38,False,0
J03WPY,1,0:39:07.720000,DFL-OBJ-0000NZ,DFL-OBJ-002595,4.957348081383839,53.54165111719692,9.06,18.42,3.5413599480051627,8.32968786930219,1,3.3299999999999983,55.32,2.82,30.67,False,0
J03WPY,1,0:39:11.920000,DFL-OBJ-00028V,DFL-OBJ-002595,4.962358310319804,12.940943433190125,3.97,7.57,2.530050796145642,7.729404893004376,1,13.120000000000001,52.84,0.34,20.88,False,0
J03WPY,1,0:39:15.160000,DFL-OBJ-002G5J,DFL-OBJ-0028T3,4.921544473028766,58.23016940668739,7.76,16.96,2.7533629972030504,6.474449783572346,1,28.45,36.99,-15.51,5.55,False,0
J03WPY,1,0:39:16.600000,DFL-OBJ-0001LJ,DFL-OBJ-002G5J,4.576253926521124,19.127824426079147,4.89,13.5,3.680893710932789,9.089477432724063,2,32.44,75.02,-22.52,1.56,False,0
J03WPY,1,0:39:17.200000,DFL-OBJ-0028T3,DFL-OBJ-002G5J,4.461255428688207,115.73226504604222,6.08,8.82,-2.6834130743977114,8.631813250991938,3,33.57,69.45,-16.95,-0.43,False,0
J03WPY,1,0:39:32.440000,DFL-OBJ-00028V,DFL-OBJ-0028BZ,4.988506790613799,7.071135063303278,6.41,16.8,3.259276561436464,7.051595564125896,2,14.870000000000001,58.74,6.24,19.13,False,0
J03WPY,1,0:39:32.920000,DFL-OBJ-00028V,DFL-OBJ-0028BZ,3.6500136986044325,18.01901877424188,8.48,16.58,2.7304760756977475,6.198386886924693,2,14.329999999999998,58.17,5.67,19.67,False,0
J03WPY,1,0:39:37.240000,DFL-OBJ-00028V,DFL-OBJ-002595,4.763244692433928,90.89907531042175,4.85,3.08,0.6147673308561696,5.768882040742383,1,11.239999999999998,51.41,-1.09,22.76,False,0
J03WPY,1,0:39:43.080000,DFL-OBJ-J01H9X,DFL-OBJ-0028BZ,4.979809233293983,44.95982063806386,3.99,6.91,1.2098372605000285,13.79873182578747,0,29.46,63.74,11.24,4.54,False,0
J03WPY,1,0:39:46,DFL-OBJ-002GM9,DFL-OBJ-J0178P,4.984957371934086,32.439268926557695,14.55,23.31,2.5193663132657296,18.791564596914224,0,10.05,59.57,7.07,-23.95,False,0
J03WPY,1,0:39:47.360000,DFL-OBJ-J01KJ5,DFL-OBJ-002GG4,3.542033314354907,15.528642136046914,7.67,17.76,5.449920209393669,10.84835932295755,1,1.8699999999999974,46.38,-6.12,-32.13,False,0
J03WPY,1,0:39:50.840000,DFL-OBJ-0001LJ,DFL-OBJ-0026RH,4.907891604344984,46.857747287311156,14.54,21.17,3.4275040255678757,10.435731886168789,1,2.6700000000000017,68.67,-16.17,-31.33,False,0
J03WPY,1,0:39:51.760000,DFL-OBJ-0028T3,DFL-OBJ-002G5J,4.2425110488954525,12.826704194328212,4.58,19.22,6.301893479332348,7.012481729031457,3,16.01,58.46,-5.96,-17.99,False,0
J03WPY,1,0:39:57.480000,DFL-OBJ-002GG4,DFL-OBJ-J01H9X,2.25701129815515,39.242420542521735,19.21,14.13,-1.780372111827242,3.5220022714359507,3,10.739999999999998,50.27,2.23,-23.26,False,0
J03WPY,1,0:40:09.800000,DFL-OBJ-00028V,DFL-OBJ-0028BZ,4.976183276367541,1.8354014915120942,16.97,17.35,2.1981892875881726,10.054770012287701,2,30.72,56.730000000000004,4.23,3.28,False,0
J03WPY,1,0:40:14.800000,DFL-OBJ-0026RH,DFL-OBJ-002595,4.947403359339119,18.450698796277067,7.79,20.2,3.973710698213111,9.687734513290504,0,20.68,36.76,-15.74,-13.32,False,0
J03WPY,1,0:40:18.280000,DFL-OBJ-J01KJ5,DFL-OBJ-002GG4,4.978754864421425,41.11964309914212,4.12,8.53,3.5219301088634603,10.48889889359222,0,1.2299999999999969,26.9,-25.6,-32.77,False,0
J03WPY,1,0:40:21.440000,DFL-OBJ-00028V,DFL-OBJ-002595,4.819999999999999,30.099320898051413,6.52,16.36,4.112321151369318,7.934261150226908,1,15.649999999999999,33.96,-18.54,-18.35,False,0
J03WPY,1,0:40:24.680000,DFL-OBJ-002FXT,DFL-OBJ-00008F,4.976364134586615,49.84082817430133,23.69,25.0,0.977221053559425,7.902126296130677,1,13.059999999999999,3.240000000000002,-49.26,-20.94,False,0
J03WPY,1,0:40:26.160000,DFL-OBJ-002G5J,DFL-OBJ-002G68,1.7258621034138282,50.87578779672789,18.24,15.65,0.14530550362466255,2.016754819009988,2,23.03,7.799999999999997,-44.7,-10.97,False,0
J03WPY,1,0:40:26.960000,DFL-OBJ-J01KJ5,DFL-OBJ-0028T3,4.930730169052045,118.49364617896182,2.54,7.7,-0.17247949205861257,4.997369307945933,1,17.36,16.009999999999998,-36.49,-16.64,False,0
J03WPY,1,0:40:30,DFL-OBJ-0000F8,DFL-OBJ-002FYC,4.941710230274535,46.9480548771333,8.56,18.92,3.6860641962761,8.725027220587911,1,24.939999999999998,14.219999999999999,-38.28,9.06,False,0
J03WPY,1,0:40:58.280000,DFL-OBJ-002GMO,DFL-OBJ-0028BZ,4.916472312542807,13.093083353932732,6.96,12.81,2.861129273548806,15.34942669939174,0,7.379999999999999,57.230000000000004,4.73,26.62,False,0
J03WPY,1,0:41:04.880000,DFL-OBJ-J01KJ5,DFL-OBJ-002GG4,4.936415703726743,4.691154060553372,0.95,15.3,4.711599832624309,5.943012704007959,0,10.510000000000002,57.38,4.88,-23.49,False,0
J03WPY,1,0:41:06.360000,DFL-OBJ-002FXT,DFL-OBJ-0001LJ,2.431810025474852,11.36865594793058,17.16,18.13,0.896326138854393,9.132102715147264,2,16.21,47.67,-4.83,-17.79,False,0
J03WPY,1,0:41:07.200000,DFL-OBJ-002FXT,DFL-OBJ-0001LJ,1.9561697267875298,6.580903614069188,16.72,19.56,0.5014677442653381,4.344801491437785,2,19.009999999999998,50.46,-2.04,-14.99,False,0
J03WPY,1,0:41:08.120000,DFL-OBJ-J01H9X,DFL-OBJ-0028T3,4.8264790479188875,39.33744383490712,10.0,12.79,1.0304861207532845,7.330838969722361,1,24.89,58.32,5.82,-9.11,False,0
J03WPY,1,0:41:14.840000,DFL-OBJ-0000NZ,DFL-OBJ-002FYC,4.995207703389321,9.752685172737472,3.07,19.38,4.920689050875784,6.291486310880763,1,1.7999999999999972,55.95,3.45,32.2,False,0
J03WPY,1,0:41:16.360000,DFL-OBJ-00028V,DFL-OBJ-0028BZ,3.154124284171441,8.938714067751327,17.32,25.64,1.9134455882044021,9.456225462625136,2,15.07,51.68,-0.82,18.93,False,0
J03WPY,1,0:41:17.880000,DFL-OBJ-0000F8,DFL-OBJ-002G68,4.990921758553225,5.923905599551872,6.47,10.85,2.1254564727128855,5.101078317375651,2,2.1999999999999993,43.84,-8.66,31.8,False,0
J03WPY,1,0:41:20.200000,DFL-OBJ-002FYC,DFL-OBJ-0000F8,3.6170706379610578,1.6607362400793002,5.99,8.37,0.10124214926826691,6.458211826813983,3,5.620000000000001,62.8,-10.3,28.38,False,0
J03WPY,1,0:41:27.600000,DFL-OBJ-J0178P,DFL-OBJ-002GMO,1.619691328617895,60.89736453726809,27.45,27.08,2.7728406461512054,9.95241679191542,1,14.84,20.0,32.5,19.16,False,0
J03WPY,1,0:41:39.840000,DFL-OBJ-00028V,DFL-OBJ-0028BZ,4.938754903819382,19.32096038702703,14.84,18.07,5.529388918671658,7.98997496867168,1,19.83,72.78999999999999,20.29,14.17,False,0
J03WPY,1,0:41:40.960000,DFL-OBJ-J01H9X,DFL-OBJ-0028BZ,4.979046093379734,23.28393684905982,5.01,17.53,3.148558175435292,5.220440594432619,1,21.08,64.43,11.93,12.92,False,0
J03WPY,1,0:41:46.840000,DFL-OBJ-002GM9,DFL-OBJ-0028BZ,4.881116675515962,28.730162016855342,17.45,20.63,4.2014950985105415,7.677454005072254,1,22.560000000000002,51.12,-1.38,-11.44,False,0
J03WPY,1,0:41:49.880000,DFL-OBJ-0026RH,DFL-OBJ-002GG4,4.975791394341203,75.67232578233501,15.4,4.37,4.2722127810415556,8.437588518054195,1,12.219999999999999,39.12,-13.38,-21.78,False,0
J03WPY,1,0:41:52.640000,DFL-OBJ-J01KJ5,DFL-OBJ-002GG4,4.88328782686419,2.8481645174628225,4.89,15.03,5.206878049562786,13.770726197263524,0,1.740000000000002,41.12,-11.38,-32.26,False,0
J03WPY,1,0:41:53.520000,DFL-OBJ-0026RH,DFL-OBJ-0000EJ,2.115325034125964,5.874254258307052,14.44,18.18,1.0493230148123112,9.697845121468996,1,3.9899999999999984,29.32,-23.18,-30.01,False,0
J03WPY,1,0:41:59.920000,DFL-OBJ-002FYC,DFL-OBJ-0000F8,4.9252106553933315,3.555950765944619,6.3,17.45,2.8581013683591427,9.142959039610759,2,18.71,97.17,-44.67,15.29,False,0
J03WPY,1,0:42:07.040000,DFL-OBJ-002FYC,DFL-OBJ-0000F8,3.1689272632864274,10.88025241759544,18.3,18.59,0.9684424954063253,4.391184350491332,1,9.469999999999999,78.43,-25.93,24.53,False,0
J03WPY,1,0:42:12.600000,DFL-OBJ-0028T3,DFL-OBJ-002G5J,4.843727903175404,54.06187230520136,22.7,25.57,3.7993453337654426,9.49214938778357,0,31.97,48.97,3.53,2.03,False,0
J03WPY,1,0:42:52.200000,DFL-OBJ-0000NZ,DFL-OBJ-002595,4.771771159642927,22.739069570755646,6.4,14.09,4.8399079553623015,16.096366049515648,0,0.5300000000000011,63.0,10.5,33.47,False,0
J03WPY,1,0:42:54.080000,DFL-OBJ-J01H9X,DFL-OBJ-J0178P,4.737699863857987,11.77667181183645,15.33,19.6,3.79963892344076,8.264441904932237,2,17.32,60.07,7.57,16.68,False,0
J03WPY,1,0:43:02.320000,DFL-OBJ-0026RH,DFL-OBJ-0001LJ,4.840185946841299,17.204404344508827,5.28,18.62,4.682953288922063,12.641886726276264,1,22.52,52.14,-0.36,-11.48,False,0
J03WPY,1,0:43:03,DFL-OBJ-0026RH,DFL-OBJ-0001LJ,2.9047719359701887,11.225358782121743,9.83,12.53,2.1951442319003376,9.969483436969039,1,21.57,52.79,0.29,-12.43,False,0
J03WPY,1,0:43:05.520000,DFL-OBJ-002GM9,DFL-OBJ-0001LJ,4.935838327984417,41.39919208278517,6.92,19.01,2.1699053775302057,12.36939772179713,1,6.579999999999998,50.64,-1.86,-27.42,False,0
J03WPY,1,0:43:18.040000,DFL-OBJ-J01H9X,DFL-OBJ-002595,4.978001607070854,0.24633435611422902,3.88,16.06,3.343065053618446,11.663297132457872,2,17.43,45.7,-6.8,16.57,False,0
J03WPY,1,0:43:25.520000,DFL-OBJ-002GM9,DFL-OBJ-0028BZ,4.970965700947856,4.395946448896875,3.51,19.23,4.7358641349315445,16.35434193112031,0,12.18,51.39,-1.11,-21.82,False,0
J03WPY,1,0:43:36.880000,DFL-OBJ-00028V,DFL-OBJ-0028BZ,4.894006538614349,24.94259360902563,12.37,19.21,3.4136257670789694,18.506898713722943,0,4.760000000000002,68.2,15.7,-29.24,False,0
J03WPY,1,0:43:46.680000,DFL-OBJ-J01H9X,DFL-OBJ-J0178P,4.94489635887346,8.415920154686683,3.29,13.93,5.067941259064745,6.131859424350822,1,27.47,60.2,7.7,6.53,False,0
J03WPY,1,0:43:52.920000,DFL-OBJ-0000NZ,DFL-OBJ-002595,4.856305179866687,39.29173562789883,10.67,17.44,4.292815479878085,12.848894894114435,0,3.969999999999999,53.73,1.23,30.03,False,0
J03WPY,1,0:44:00.160000,DFL-OBJ-00028V,DFL-OBJ-J0178P,4.822706708892838,0.6611545779445503,2.09,17.21,5.169738967470314,9.53807632596846,1,27.8,57.92,5.42,6.2,False,0
J03WPY,1,0:44:04.400000,DFL-OBJ-00028V,DFL-OBJ-0028T3,4.829958591955007,28.1474050996966,5.37,12.64,4.41832182340308,7.975769555346996,1,31.88,57.269999999999996,4.77,2.12,False,0
J03WPY,1,0:44:05.680000,DFL-OBJ-002FXT,DFL-OBJ-00008F,2.130258200312816,24.09788197430687,18.18,17.2,1.1296333467968933,4.048826990623334,2,30.72,42.84,-9.66,3.28,False,0
J03WPY,1,0:44:10.040000,DFL-OBJ-002G5J,DFL-OBJ-002GG4,4.993285491537611,169.3571410260807,27.39,18.01,2.6879760728821434,8.555103739873642,1,16.19,27.06,-25.44,-17.81,False,0
J03WPY,1,0:44:12.080000,DFL-OBJ-J01KJ5,DFL-OBJ-002GG4,4.95848767266795,68.59340734923506,26.21,26.82,1.6609186849087987,9.462821989237671,1,12.54,9.04,-43.46,-21.46,False,0
J03WPY,1,0:44:54.560000,DFL-OBJ-002G5J,DFL-OBJ-002595,4.838605170914445,9.723632248345488,6.87,13.1,5.439467940632281,10.922270826160647,1,2.91,11.310000000000002,-41.19,-31.09,False,0
J03WPY,1,0:44:56.120000,DFL-OBJ-0000F8,DFL-OBJ-0001LJ,4.989318590749643,25.94523606549841,11.4,18.04,5.17698680697151,10.043156874210423,0,7.120000000000001,21.53,-30.97,-26.88,False,0
J03WPY,1,0:45:21.520000,DFL-OBJ-002GMO,DFL-OBJ-0028BZ,4.905802686615107,32.780687076780616,15.11,23.83,6.068881540955715,13.447932926662,0,5.469999999999999,30.88,-21.62,28.53,False,0
J03WPY,1,0:45:31.360000,DFL-OBJ-0028T3,DFL-OBJ-002G5J,1.1936917525056479,23.98280940897629,31.33,31.36,1.8968565634821888,4.2351977521716755,1,24.990000000000002,29.77,22.73,-9.01,False,0
J03WPY,2,0:00:01.920000,DFL-OBJ-0000EJ,DFL-OBJ-002FXT,4.991592932120969,0.5804683390469484,9.42,21.74,8.067611061303884,10.533209387456418,3,32.49,63.730000000000004,11.23,-1.51,False,0
J03WPY,2,0:00:42.960000,DFL-OBJ-002595,DFL-OBJ-J01H9X,0.73109506905737,54.9728498298218,8.01,7.39,-0.15143221121941414,4.7324517958453605,2,13.36,10.68,-41.82,-20.64,False,0
J03WPY,2,0:00:43.400000,DFL-OBJ-002595,DFL-OBJ-J01H9X,1.03043680058507,34.75319037702833,9.24,7.84,-0.6754342205878588,3.259601202601327,2,12.350000000000001,11.100000000000001,-41.4,-21.65,False,0
J03WPY,2,0:00:45.840000,DFL-OBJ-002FYC,DFL-OBJ-002FXT,4.962912451373689,14.728564000255849,18.66,9.43,6.366520431186036,7.469009305122066,2,5.030000000000001,27.46,-25.04,-28.97,False,0
J03WPY,2,0:00:57.880000,DFL-OBJ-0001LJ,DFL-OBJ-0026RH,4.986882793890389,4.9684171025528,4.66,14.92,5.651929998033447,16.632320944474344,0,15.36,66.6,14.1,18.64,False,0
J03WPY,2,0:01:08.240000,DFL-OBJ-002FYC,DFL-OBJ-0000F8,4.935139309077304,3.1020692019894938,11.12,12.36,4.4632305617149655,12.794002501172182,1,3.4499999999999993,63.07,10.57,-30.55,False,0
J03WPY,2,0:01:21.440000,DFL-OBJ-002GG4,DFL-OBJ-J01KJ5,4.949191853222097,56.090748551238704,19.32,20.43,6.652562409157374,7.925686090175409,1,17.76,20.130000000000003,-32.37,16.24,False,0
J03WPY,2,0:03:00.320000,DFL-OBJ-0001HW,DFL-OBJ-J01H9X,2.758006526460736,143.08129436632896,4.97,16.84,-2.042632881178877,5.1778470429320365,3,27.93,92.09,39.59,6.07,False,0
J03WPY,2,0:03:13.160000,DFL-OBJ-002G68,DFL-OBJ-002G5J,4.934470589637755,21.97253469644007,15.6,23.64,5.144116000575482,16.506950051417736,0,13.010000000000002,85.32,32.82,-20.99,False,0
J03WPY,2,0:03:14.800000,DFL-OBJ-002FYC,DFL-OBJ-0000F8,4.902417770855519,3.650700140883686,3.91,17.52,4.2643974555712445,10.268407861007475,1,1.259999999999998,76.08,23.58,-32.74,False,0
J03WPY,2,0:03:16.040000,DFL-OBJ-0000F8,DFL-OBJ-002FYC,1.1187939935484061,84.81399598909006,7.18,14.85,2.26864676350265,15.437230969315708,0,2.7399999999999984,30.37,22.13,-31.26,False,0
J03WPY,2,0:03:38.080000,DFL-OBJ-J01KJ5,DFL-OBJ-002GG4,4.936851223198851,8.789823563860125,8.59,15.81,6.723974060684605,7.92394472469363,1,33.03,69.02,-16.52,-0.97,False,0
J03WPY,2,0:03:39.040000,DFL-OBJ-0026RH,DFL-OBJ-0001LJ,3.480416641725528,37.888771131600514,3.19,14.26,2.7029050809351074,6.0240268923702525,2,32.99,54.85,-2.35,1.01,False,0
J03WPY,2,0:03:40.480000,DFL-OBJ-0001LJ,DFL-OBJ-0026RH,0.8438009243891597,142.84253508971028,14.69,14.45,-0.7209329032730174,8.761118650035508,1,32.05,51.41,-1.09,-1.95,False,0
J03WPY,2,0:03:42.320000,DFL-OBJ-0028T3,DFL-OBJ-0026RH,4.99415658545064,152.57563095832765,18.71,0.35,0.9355110768138153,8.93288867052534,2,33.2,50.87,-1.63,-0.8,False,0
J03WPY,2,0:03:48.520000,DFL-OBJ-002GG4,DFL-OBJ-J01KJ5,4.971368020977725,56.35313158675333,20.08,23.71,3.8631613625074013,12.477980605851249,0,19.4,12.340000000000003,-40.16,14.6,False,0
J03WPY,2,0:04:09.560000,DFL-OBJ-002GG4,DFL-OBJ-0026RH,1.7755280904564694,1.866306942444673,8.49,16.55,2.287991797395681,10.405325559539213,0,6.68,6.520000000000003,-45.98,27.32,False,0
J03WPY,2,0:04:10.400000,DFL-OBJ-0001LJ,DFL-OBJ-0026RH,4.848680232805627,11.139239732864691,7.63,16.99,4.5430076362536616,15.065988185313305,0,-0.060000000000002274,7.609999999999999,-44.89,34.06,False,0
J03WPY,2,0:04:11.720000,DFL-OBJ-002GG4,DFL-OBJ-0026RH,3.9258120179142573,170.9172116294564,4.37,3.67,-1.527303427876947,7.109043536229051,0,5.219999999999999,9.590000000000003,-42.91,28.78,False,0
J03WPY,2,0:04:15.960000,DFL-OBJ-0028BZ,DFL-OBJ-002GM9,0.5580322571321449,45.716159945470615,3.28,3.68,0.17016694141949507,3.814944298413806,3,25.490000000000002,8.04,-44.46,8.51,False,0
J03WPY,2,0:04:16.600000,DFL-OBJ-002595,DFL-OBJ-002GM9,2.2807893370497867,122.90524292298817,14.45,3.91,2.742292463234557,3.2007655334310257,3,24.34,9.020000000000003,-43.48,9.66,False,0
J03WPY,2,0:04:18.240000,DFL-OBJ-0028T3,DFL-OBJ-00028V,4.179054917083527,72.49021850326979,22.39,22.53,0.5077837398211549,5.908240008665865,1,32.44,17.46,-35.04,1.56,False,0
J03WPY,2,0:04:39.560000,DFL-OBJ-0000NZ,DFL-OBJ-002595,0.6918092222571207,136.09412924696326,9.68,17.07,3.931307272144805,14.089435758752014,0,1.4500000000000028,71.27,-18.77,-32.55,False,0
J03WPY,2,0:04:49.280000,DFL-OBJ-002GMO,DFL-OBJ-0028BZ,4.933558553417601,20.319832918506542,10.22,22.13,5.947925188717337,18.438690300560932,0,8.05,84.55,-32.05,-25.95,False,0
J03WPY,2,0:05:03.080000,DFL-OBJ-002FYC,DFL-OBJ-J01H9X,4.940374479733292,20.27652985822085,6.04,16.24,4.3021415942759695,7.259951790473543,2,6.760000000000002,56.56,4.06,-27.24,False,0
J03WPY,2,0:05:07.560000,DFL-OBJ-J0178P,DFL-OBJ-002GM9,4.953725870493842,53.64645817021251,14.02,17.35,1.8579858752914724,11.439794578575263,0,1.4600000000000009,22.07,-30.43,-32.54,False,0
J03WPY,2,0:05:16.280000,DFL-OBJ-002595,DFL-OBJ-0000F8,1.6750223879100858,26.919209139829448,17.7,18.02,0.1728482546058241,12.673140889298125,1,3.789999999999999,12.719999999999999,-39.78,-30.21,False,0
J03WPY,2,0:05:17.320000,DFL-OBJ-0000F8,DFL-OBJ-002595,0.7990619500389183,125.95789513217886,18.03,17.78,1.2994082119545782,14.531981970811824,0,3.66,96.87,-44.37,-30.34,False,0
J03WPY,2,0:07:10.160000,DFL-OBJ-0028FW,DFL-OBJ-002G68,1.0454664030948104,2.540776698577056,10.8,6.23,4.281350308414805,3.4525353003264123,2,30.32,100.78,-48.28,-3.68,False,0
J03WPY,2,0:07:10.880000,DFL-OBJ-0028FW,DFL-OBJ-002G68,1.6226521500309303,28.496756562860753,17.35,9.97,-2.3347128393050753,2.140140182324513,4,31.18,97.97999999999999,-45.48,-2.82,False,0
J03WPY,2,0:07:13.480000,DFL-OBJ-0028FW,DFL-OBJ-0001LJ,0.7589466384404118,42.02626891751952,1.5,5.31,1.6284311859619154,3.1447893411165087,3,33.63,90.07,-37.57,-0.37,False,0
J03WPY,2,0:07:14.880000,DFL-OBJ-0028FW,DFL-OBJ-0001LJ,3.459739874614854,164.83260335944527,1.8,11.22,-3.225674733149909,10.839750919647551,1,33.42,90.44,-37.94,-0.58,False,0
J03WPY,2,0:07:23.800000,DFL-OBJ-0026RH,DFL-OBJ-00008F,4.953079849951946,74.62360691659654,21.79,27.3,0.7909483133337547,10.217812877519338,0,20.7,8.07,44.43,13.3,False,0
J03WPY,2,0:07:56.680000,DFL-OBJ-002FYC,DFL-OBJ-0000F8,4.981616203603004,56.68776581496551,6.26,13.38,3.8009779468417504,19.75006329103783,0,7.199999999999999,70.89,18.39,-26.8,False,0
J03WPY,2,0:08:00.960000,DFL-OBJ-J0178P,DFL-OBJ-0000NZ,2.486764966779128,42.26058342103094,25.23,23.96,6.029132863059925,8.974240914974368,0,3.9299999999999997,33.14,-19.36,-30.07,False,0
J03WPY,2,0:08:01.840000,DFL-OBJ-J0178P,DFL-OBJ-0000NZ,1.621172415260017,72.48521819782184,20.74,14.28,-2.55272271928229,11.46331976348911,1,0.0,37.34,-15.16,-34.0,False,0
J03WPY,2,0:08:02.280000,DFL-OBJ-J0178P,DFL-OBJ-0000NZ,3.785287307457651,89.28571028265348,19.32,6.12,-4.97037674016797,7.5348921691023545,1,-0.8299999999999983,39.6,-12.9,-34.83,False,0
J03WPY,2,0:08:33.440000,DFL-OBJ-002FXT,DFL-OBJ-002G68,2.2864164100180893,10.670039705138793,13.13,20.51,1.2854320342473669,13.179529581893279,0,4.359999999999999,69.28,-16.78,-29.64,False,0
J03WPY,2,0:08:57.240000,DFL-OBJ-J01KJ5,DFL-OBJ-002GG4,4.966789707648192,3.9887956247394967,5.73,15.4,5.482746399091081,18.630311323217335,0,1.7899999999999991,64.82,-12.32,32.21,False,0
J03WPY,2,0:08:58.880000,DFL-OBJ-0026RH,DFL-OBJ-0001LJ,4.452246623896748,49.82441287236773,16.0,5.23,-2.705876207659795,5.032951420389432,1,3.3200000000000003,52.71,-0.21,30.68,False,0
J03WPY,2,0:08:59.320000,DFL-OBJ-J01KJ5,DFL-OBJ-002GG4,2.226117696798623,86.87257187920486,20.55,22.86,0.9471937618311599,6.951409928928087,1,5.800000000000001,56.6,-4.1,28.2,False,0
J03WPY,2,0:09:01.800000,DFL-OBJ-J01KJ5,DFL-OBJ-002GG4,1.552707313050338,57.63191636139865,18.92,16.19,0.43172797910894567,2.3621176939348296,1,11.73,55.65,-3.15,22.27,False,0
J03WPY,2,0:09:02.920000,DFL-OBJ-002GG4,DFL-OBJ-J01KJ5,0.7860025445251453,111.22925857378617,14.78,6.98,1.0517178554494189,7.788074216390082,2,11.649999999999999,46.05,-6.45,22.35,False,0
J03WPY,2,0:09:12.520000,DFL-OBJ-00028V,DFL-OBJ-002GG4,4.97883520514588,25.850822057520304,13.1,10.34,4.365946365259907,9.887775280617982,1,5.859999999999999,66.33,-13.83,28.14,False,0
J03WPY,2,0:09:12.960000,DFL-OBJ-J01KJ5,DFL-OBJ-002GG4,4.988476721405044,21.012280601573263,10.49,12.57,2.1754801734246754,12.712489921333272,0,0.7800000000000011,68.47,-15.97,33.22,False,0
J03WPY,2,0:10:06.200000,DFL-OBJ-0000NZ,DFL-OBJ-002FYC,4.978965756058178,1.875113135971313,2.29,23.89,5.956831043992847,7.971072700709733,1,1.6700000000000017,52.34,0.16,-32.33,False,0
J03WPY,2,0:10:20.360000,DFL-OBJ-002GMO,DFL-OBJ-0028BZ,4.8007707714491,21.4966283338445,14.02,21.98,4.758480286000643,19.96182606877437,0,4.690000000000001,57.62,-5.12,-29.31,False,0
J03WPY,2,0:10:26.520000,DFL-OBJ-002GMO,DFL-OBJ-0028BZ,4.832773530799888,14.163930482528192,4.34,18.11,5.025758156432764,17.82808178127978,0,8.469999999999999,68.0,-15.5,-25.53,False,0
J03WPY,2,0:10:27.920000,DFL-OBJ-0000NZ,DFL-OBJ-002595,4.802270296432717,5.8449431297934415,3.68,16.79,6.704381714735916,10.716809226630843,2,1.8400000000000034,54.78,-2.28,-32.16,False,0
J03WPY,2,0:10:29.120000,DFL-OBJ-00028V,DFL-OBJ-0028BZ,3.7960637507818547,32.56928338543561,3.84,18.4,4.815892664052341,8.785283148538811,1,11.440000000000001,56.46,-3.96,-22.56,False,0
J03WPY,2,0:10:36.160000,DFL-OBJ-0026RH,DFL-OBJ-0001LJ,4.351781244502071,21.585094436019375,8.89,19.99,2.6224217585545717,9.204488035735613,1,15.350000000000001,49.79,2.71,18.65,False,0
J03WPY,2,0:10:39.160000,DFL-OBJ-002GM9,DFL-OBJ-0028BZ,4.885284024496426,8.915012213649751,12.26,24.67,3.9313323602709205,14.675833877500796,0,14.440000000000001,72.11,-19.61,19.56,False,0
J03WPY,2,0:10:50.640000,DFL-OBJ-002G5J,DFL-OBJ-J0178P,4.3494022577820965,22.174219389920026,2.57,8.44,2.060485425589609,4.8020828814171885,2,13.05,53.69,-1.19,-20.95,False,0
J03WPY,2,0:10:54.320000,DFL-OBJ-00028V,DFL-OBJ-J0178P,4.95819523617213,43.177017901188876,13.58,17.81,1.7453216459320164,11.468814236877325,1,23.95,56.5,-4.0,-10.05,False,0
J03WPY,2,0:10:57.080000,DFL-OBJ-J01H9X,DFL-OBJ-0028T3,4.979417636631819,45.22059206480954,13.13,17.38,2.4772096582315495,13.02568616234861,0,16.45,44.05,8.45,17.55,False,0
J03WPY,2,0:10:59.080000,DFL-OBJ-J01KJ5,DFL-OBJ-002GG4,4.990110219223621,39.51975097530775,7.56,13.34,3.9877322269497495,13.17737834320621,0,0.21999999999999886,28.7,23.8,33.78,False,0
J03WPY,2,0:11:00.160000,DFL-OBJ-0026RH,DFL-OBJ-0001LJ,1.32853302555864,74.61994219161002,22.06,22.01,0.29157831239137844,4.766015106984032,1,6.460000000000001,20.25,32.25,27.54,False,0
J03WPY,2,0:11:01.160000,DFL-OBJ-0026RH,DFL-OBJ-0001LJ,1.0323274674249467,66.07163127487753,18.27,17.86,0.29363780179859633,4.619664489981928,1,2.9899999999999984,17.520000000000003,34.98,31.01,False,0
J03WPY,2,0:11:01.600000,DFL-OBJ-0026RH,DFL-OBJ-0001LJ,0.6802940540677961,60.471134614717826,20.52,18.86,0.8295810506065062,6.214000321853871,1,1.2899999999999991,15.810000000000002,36.69,32.71,False,0
J03WPY,2,0:11:40.560000,DFL-OBJ-0000EJ,DFL-OBJ-0000F8,1.245792920191795,54.75714876343029,17.0,19.57,2.635572047089759,4.813366805054441,4,26.5,54.79,2.29,7.5,False,0
J03WPY,2,0:11:41.360000,DFL-OBJ-002G68,DFL-OBJ-002FXT,4.930436086189537,16.054641471400696,3.07,21.23,5.053945026147506,5.062114182829147,1,31.58,61.17,8.67,2.42,False,0
J03WPY,2,0:11:42.440000,DFL-OBJ-002FXT,DFL-OBJ-002G68,0.9590099061010784,16.774183194244543,27.96,19.83,1.3257970043503569,2.81824413420839,3,31.22,38.89,13.61,2.78,False,0
J03WPY,2,0:12:21.320000,DFL-OBJ-002G5J,DFL-OBJ-0028BZ,4.866949763455546,74.62733826247857,5.9,1.08,-0.34110597772626594,5.751912725346239,5,22.380000000000003,56.91,-4.41,11.62,False,0
J03WPY,2,0:12:21.760000,DFL-OBJ-0000F8,DFL-OBJ-002595,4.642208526122022,2.6367584261403216,10.0,12.44,0.38210251095843306,7.202950784227252,4,28.509999999999998,58.63,-6.13,5.49,False,0
J03WPY,2,0:12:24.520000,DFL-OBJ-002FXT,DFL-OBJ-002G68,3.4471002306286365,67.96737699298741,28.29,26.25,-0.5440277673589777,9.823991042341191,1,25.380000000000003,39.38,13.12,-8.62,False,0
J03WPY,2,0:12:28.880000,DFL-OBJ-002G68,DFL-OBJ-002FXT,1.0863240768757751,91.5930632710097,7.45,10.41,1.7230100339517345,5.086708169337021,1,13.670000000000002,82.44,29.94,-20.33,False,0
J03WPY,2,0:12:31.240000,DFL-OBJ-002G68,DFL-OBJ-002FXT,2.7951744131628007,29.143815769346027,26.74,22.09,-0.33563379984512864,20.33420025474324,1,12.629999999999999,70.64,18.14,-21.37,False,0
J03WPY,2,0:12:37.800000,DFL-OBJ-002595,DFL-OBJ-002FXT,4.929310296583084,81.93786713085588,12.31,9.24,2.449524433187582,10.672075711875364,0,3.469999999999999,40.71,-11.79,-30.53,False,0
J03WPY,2,0:12:45.320000,DFL-OBJ-0028T3,DFL-OBJ-0026RH,1.120714058089753,29.004238892052147,17.19,13.8,-1.0652296465431594,6.475754782262839,0,15.04,16.049999999999997,-36.45,18.96,False,0
J03WPY,2,0:12:45.560000,DFL-OBJ-0028T3,DFL-OBJ-0026RH,1.151216747619664,19.82072032589799,17.82,16.03,-0.3624653943619005,6.288409973912324,0,14.21,15.240000000000002,-37.26,19.79,False,0
J03WPY,2,0:13:00.680000,DFL-OBJ-00028V,DFL-OBJ-0028BZ,4.980381511490862,7.065477805465655,13.35,16.85,1.6195161849947448,12.590766458004056,0,30.81,83.11,-30.61,3.19,False,0
J03WPY,2,0:13:09.400000,DFL-OBJ-J01KJ5,DFL-OBJ-002GG4,4.980140560265343,14.57846921259965,5.15,12.89,4.17560721831558,9.468162440516114,0,3.3999999999999986,59.67,-7.17,30.6,False,0
J03WPY,2,0:13:18.840000,DFL-OBJ-002G5J,DFL-OBJ-002G68,1.0761505470890211,33.39367894294153,17.65,23.3,2.485106701518423,3.7240435013570927,1,10.29,42.269999999999996,10.23,-23.71,False,0
J03WPY,2,0:13:19.600000,DFL-OBJ-0000F8,DFL-OBJ-002FYC,4.2191112808268025,1.0950537265144047,4.65,16.48,2.9030582031532925,6.394505453903371,2,1.0200000000000031,41.18,11.32,-32.98,False,0
J03WPY,2,0:13:21,DFL-OBJ-0000NZ,DFL-OBJ-002595,4.7800941413323645,11.513861815570943,10.07,10.59,6.550119372997987,10.702864102659623,1,5.620000000000001,51.32,1.18,-28.38,False,0
J03WPY,2,0:13:26.080000,DFL-OBJ-0000F8,DFL-OBJ-002G68,2.1874185699129463,112.72801624752117,10.8,16.52,-0.10402174872764625,13.611267391393058,0,15.48,6.789999999999999,45.71,-18.52,False,0
J03WPY,2,0:13:28.360000,DFL-OBJ-0001LJ,DFL-OBJ-002FXT,4.380410939626556,63.31039297671481,9.03,4.4,1.9713611685413368,7.971731305055384,3,32.85,93.53999999999999,41.04,-1.15,False,0
J03WPY,2,0:13:29.400000,DFL-OBJ-0001HW,DFL-OBJ-0026RH,4.92178829288705,22.540047336084555,14.16,18.4,9.67257695394805,9.481824718903004,0,32.63,99.03,46.53,1.37,False,0
J03WPY,2,0:13:29.760000,DFL-OBJ-0001HW,DFL-OBJ-0026RH,2.3617154782064653,35.27376422401665,8.34,13.73,7.2879912439029475,9.59004692376424,0,31.9,98.18,45.68,2.1,False,0
J03WPY,2,0:15:28.520000,DFL-OBJ-J01KJ5,DFL-OBJ-002GG4,4.972293233509059,11.603813361302862,1.46,13.6,4.964614713842668,25.019104700208594,0,3.4200000000000017,77.61,-25.11,30.58,False,0
J03WPY,2,0:15:39.680000,DFL-OBJ-0000NZ,DFL-OBJ-002595,4.847525141760487,3.7334529694304144,8.07,17.2,5.976162276833416,14.839679915685513,0,-0.060000000000002274,55.01,-2.51,-34.06,False,0
J03WPY,2,0:15:50.400000,DFL-OBJ-0026RH,DFL-OBJ-0028BZ,4.872011904747361,15.435103777536371,6.22,19.06,4.011268055168997,6.514637365195396,1,11.16,55.84,-3.34,22.84,False,0
J03WPY,2,0:15:52.600000,DFL-OBJ-J01KJ5,DFL-OBJ-002GG4,3.6749149650025954,24.75067029956487,7.18,9.29,4.0532280608427325,10.044944001834953,1,1.2999999999999972,38.39,14.11,32.7,False,0
J03WPY,2,0:16:00.160000,DFL-OBJ-0001HW,DFL-OBJ-002FXT,2.5068306683938535,13.969480762750766,4.43,17.18,3.3404724441643494,19.53400368588068,0,17.98,103.08,50.58,16.02,False,0
J03WPY,2,0:16:02.080000,DFL-OBJ-0001HW,DFL-OBJ-002FXT,1.32548104475319,102.07227381745591,8.63,5.89,-0.8297541422081228,19.17841495014643,0,18.93,102.88,50.38,15.07,False,0
J03WPY,2,0:16:09.320000,DFL-OBJ-002FYC,DFL-OBJ-0000F8,4.92122952116643,16.981524099556896,5.08,15.69,4.5692593196843685,11.581960110447627,0,4.170000000000002,75.88,23.38,-29.83,False,0
J03WPY,2,0:16:12.800000,DFL-OBJ-002G68,DFL-OBJ-002G5J,4.972263066250617,23.379156923673072,17.34,25.77,3.518362680463676,16.909009432843785,1,14.11,92.4,39.9,-19.89,False,0
J03WPY,2,0:16:16.960000,DFL-OBJ-002G68,DFL-OBJ-002G5J,4.987063264086391,26.783427485727596,19.11,23.15,0.684266603863235,22.33315920330126,0,3.030000000000001,100.19,47.69,-30.97,False,0
J03WPY,2,0:16:19.920000,DFL-OBJ-002FYC,DFL-OBJ-00028V,1.6174362429474627,10.03576411630435,1.44,14.78,5.525957448835461,4.880040983434462,1,13.55,70.19,17.69,-20.45,False,0
J03WPY,2,0:16:26.160000,DFL-OBJ-002G5J,DFL-OBJ-002G68,4.814654712437854,38.96197685614787,9.42,12.49,5.536247159795664,8.376114851170561,0,10.45,11.07,41.43,-23.55,False,0
J03WPY,2,0:16:46.560000,DFL-OBJ-002G5J,DFL-OBJ-002595,4.983171680767181,17.742670049081486,12.43,18.86,1.325326037683472,15.12038689981179,2,3.0,48.45,4.05,-31.0,False,0
J03WPY,2,0:16:49.920000,DFL-OBJ-002G5J,DFL-OBJ-002595,4.982057807773813,41.58324896071826,12.39,13.48,1.392057363978596,9.901292844876373,2,1.259999999999998,45.91,6.59,-32.74,False,0
J03WPY,2,0:16:54.200000,DFL-OBJ-J01H9X,DFL-OBJ-002G68,4.980160639979398,64.9544233671853,26.77,26.31,1.6351406331357565,9.186076420322225,0,5.710000000000001,15.57,36.93,-28.29,False,0
J03WPY,2,0:18:00.680000,DFL-OBJ-0000NZ,DFL-OBJ-002595,4.605442432600801,16.551320202777195,5.15,14.45,3.7600640733756374,8.322000961307321,1,0.6000000000000014,33.04,19.46,-33.4,False,0
J03WPY,2,0:18:49.200000,DFL-OBJ-0000F8,DFL-OBJ-0000EJ,4.947019304591403,63.51087153289936,15.1,18.32,4.768397145764132,6.131892040797847,2,27.28,50.12,2.38,6.72,False,0
J03WPY,2,0:18:52.800000,DFL-OBJ-0000NZ,DFL-OBJ-002595,4.8933628518637375,52.10107518051237,17.84,23.24,2.3933662670949762,8.228948900072234,0,17.72,42.47,10.03,-16.28,False,0
J03WPY,2,0:20:26.920000,DFL-OBJ-002G78,DFL-OBJ-J01KJ5,2.0102238681301148,79.4545071189272,18.68,19.95,2.900702058888558,5.879115579744966,4,16.13,39.06,-13.44,17.87,False,0
J03WPY,2,0:20:28.680000,DFL-OBJ-J01NQ8,DFL-OBJ-002GG4,2.5519600310349673,52.33387960381168,13.53,11.21,-1.2546561809518675,3.2693883219954163,5,17.61,65.01,-12.51,16.39,False,0
J03WPY,2,0:20:29.280000,DFL-OBJ-0000F8,DFL-OBJ-002G78,3.017614952242913,9.136345721309416,6.23,13.23,1.991848786917998,5.65088488645805,5,24.93,67.91,-15.41,9.07,False,0
J03WPY,2,0:20:32.120000,DFL-OBJ-002G78,DFL-OBJ-0000F8,0.9716995420396164,121.15892423699808,27.77,24.66,1.5969931892892497,6.038410386848513,4,32.52,51.15,-1.35,1.48,False,0
J03WPY,2,0:20:33.400000,DFL-OBJ-002G68,DFL-OBJ-002FXT,4.965178748041203,49.968673899812764,11.52,14.66,5.851585015494278,8.97057411763595,0,24.47,64.23,11.73,-9.53,False,0
J03WPY,2,0:20:34.280000,DFL-OBJ-002FYC,DFL-OBJ-0000NZ,2.406013300046365,0.47143394452059534,6.74,9.86,1.8609587508957692,7.55812807512548,4,23.75,54.43,1.93,-10.25,False,0
J03WPY,2,0:22:15.760000,DFL-OBJ-002FXT,DFL-OBJ-0000EJ,3.6895799218881273,1.7448233823943795,13.3,6.68,5.201895057886519,5.676336846946278,2,9.850000000000001,76.46000000000001,-23.96,24.15,False,0
J03WPY,2,0:22:17.880000,DFL-OBJ-0000EJ,DFL-OBJ-J01KJ5,1.5425303886795876,107.823926330513,15.82,14.3,3.1538897881760435,5.970268000684728,1,16.32,24.89,-27.61,17.68,False,0
J03WPY,2,0:22:19.160000,DFL-OBJ-J01NQ8,DFL-OBJ-0000EJ,1.4900335566691092,50.67461086495569,2.73,11.52,4.50177759980744,3.8425252113681685,4,12.420000000000002,85.09,-32.59,21.58,False,0
J03WPY,2,0:22:27.720000,DFL-OBJ-00028V,DFL-OBJ-002G78,1.6812197952677106,49.31478325534563,12.65,15.74,0.9411219708705537,5.683396871590086,2,18.77,76.17,-23.67,15.23,False,0
J03WPY,2,0:22:28.280000,DFL-OBJ-J01NQ8,DFL-OBJ-0028T3,2.9934762400927766,33.98111430340525,11.44,15.42,2.6415563103376924,4.904538714293121,2,11.64,71.74,-19.24,22.36,False,0
J03WPY,2,0:22:32.840000,DFL-OBJ-0001LJ,DFL-OBJ-J01NQ8,4.9656822290597695,15.540981434205893,2.78,10.54,3.6712303866275264,8.424873886296458,1,9.41,40.49,-12.01,24.59,False,0
J03WPY,2,0:22:33.400000,DFL-OBJ-0028T3,DFL-OBJ-J01NQ8,1.3420134127496641,155.22627069202426,4.09,8.29,-0.8791498512461734,5.316624869219194,2,10.239999999999998,35.58,-16.92,23.76,False,0
J03WPY,2,0:22:34.040000,DFL-OBJ-0028BZ,DFL-OBJ-002GM9,2.697647122957338,20.96368550557649,5.17,12.12,1.2565852867103233,7.436887789929333,5,15.620000000000001,26.68,-25.82,18.38,False,0
J03WPY,2,0:22:36.600000,DFL-OBJ-002G78,DFL-OBJ-002GMO,4.985228179331415,139.14742174584973,20.59,13.13,2.1528882954555995,6.684309986827362,1,28.68,24.81,-27.69,5.32,False,0
J03WPY,2,0:22:39.320000,DFL-OBJ-0026IA,DFL-OBJ-0000NZ,4.968470589628159,56.193772917986244,14.13,20.31,1.9783460874592063,7.911333642313412,0,20.07,14.729999999999997,-37.77,-13.93,False,0
J03WPY,2,0:22:41.960000,DFL-OBJ-0000F8,DFL-OBJ-002FYC,4.754881701998485,21.56629504977517,13.99,17.99,6.678624571102547,7.2549293587188,6,27.92,89.6,-37.1,-6.08,False,0
J03WPY,2,0:22:43.360000,DFL-OBJ-J01KJ5,DFL-OBJ-0026IA,4.903977977112049,20.960806768713113,13.63,23.06,8.327733411031412,10.20901562345753,2,20.18,78.67,-26.17,-13.82,False,0
J03WPY,2,0:23:29.440000,DFL-OBJ-J01KJ5,DFL-OBJ-002GG4,4.886153906704126,16.789392752870604,6.02,16.93,5.612349946320878,13.543323078181368,1,13.579999999999998,18.689999999999998,33.81,20.42,False,0
J03WPY,2,0:23:40.680000,DFL-OBJ-0001LJ,DFL-OBJ-002FXT,2.8567113959936474,53.98453802818906,25.46,26.0,-0.7748227810129871,14.552996255067201,1,14.690000000000001,101.4,48.9,-19.31,False,0
J03WPY,2,0:23:46.120000,DFL-OBJ-0000F8,DFL-OBJ-002G78,4.987835201768397,47.18255995788604,4.41,15.28,4.772221645380849,12.404632199303613,1,7.27,26.4,26.1,-26.73,False,0
J03WPY,2,0:23:49.640000,DFL-OBJ-J01CP5,DFL-OBJ-0028BZ,4.840661111873047,5.274414013499205,2.7,19.88,5.541617892162784,11.831267894862323,1,15.809999999999999,38.43,14.07,-18.19,False,0
J03WPY,2,0:26:43.320000,DFL-OBJ-0000NZ,DFL-OBJ-002FYC,4.845090298436135,4.551914035360463,3.76,18.89,5.575988876515798,6.41495908015008,1,1.0900000000000034,40.62,11.88,-32.91,False,0
J03WPY,2,0:26:44.480000,DFL-OBJ-J01KJ5,DFL-OBJ-002G78,0.9822932352408805,88.22019535857959,17.23,17.1,-0.3542455197354494,4.82420977984996,1,10.07,36.47,16.03,-23.93,False,0
J03WPY,2,0:26:45.880000,DFL-OBJ-0000F8,DFL-OBJ-002G68,3.841926600027649,39.19960472123688,3.44,3.46,0.10217196185871025,4.373236787552214,2,0.18999999999999773,30.14,22.36,-33.81,False,0
J03WPY,2,0:27:01.480000,DFL-OBJ-002GM9,DFL-OBJ-002G78,4.936334672608818,24.407991857187938,14.46,21.89,4.454121639355086,20.645241582505157,0,17.74,54.9,-2.4,16.26,False,0
J03WPY,2,0:28:11.520000,DFL-OBJ-00028V,DFL-OBJ-0028BZ,1.70484603410396,21.317549062344966,6.99,6.49,3.7081813333182745,5.928912210515517,3,12.149999999999999,79.68,-27.18,-21.85,False,0
J03WPY,2,0:28:11.920000,DFL-OBJ-0000F8,DFL-OBJ-0028BZ,2.9013100489261756,133.38459712296003,3.48,7.47,-0.1044115762684128,4.450000000000001,4,8.899999999999999,79.72,-27.22,-25.1,False,0
J03WPY,2,0:28:33.800000,DFL-OBJ-002G68,DFL-OBJ-00008K,4.905609034564411,21.465076098055345,9.63,25.06,5.828949115329953,22.64403895068192,0,2.1000000000000014,79.57,27.07,-31.9,False,0
J03WPY,2,0:28:41.280000,DFL-OBJ-J01CP5,DFL-OBJ-002GG4,2.9310919466983627,46.16230968407396,24.85,26.52,1.7072715167625818,10.171332262786422,1,17.67,90.74000000000001,-38.24,16.33,False,0
J03WPY,2,0:28:47.040000,DFL-OBJ-002FXT,DFL-OBJ-00008F,0.5035871324805671,167.41494330956476,15.5,15.88,0.2418652707789412,9.949492449366451,0,1.5499999999999972,40.43,12.07,32.45,False,0
J03WPY,2,0:28:58,DFL-OBJ-002GM9,DFL-OBJ-002G78,4.889222842129412,14.047090808459835,12.13,20.85,3.3736172196728087,13.747741632719173,0,3.620000000000001,60.730000000000004,-8.23,30.38,False,0
J03WPY,2,0:28:58.200000,DFL-OBJ-002GM9,DFL-OBJ-002G78,4.361765697512879,20.10491720516767,14.09,21.2,2.8818334327975315,13.307896152284926,0,3.8200000000000003,61.42,-8.92,30.18,False,0
J03WPY,2,0:29:06.200000,DFL-OBJ-0000NZ,DFL-OBJ-0026IA,4.939605247385665,43.36730820822568,10.17,13.03,4.752174705777754,14.060440960368206,0,3.460000000000001,47.97,4.53,-30.54,False,0
J03WPY,2,0:29:07.120000,DFL-OBJ-0000F8,DFL-OBJ-0026IA,4.9861508200213915,29.207790238163064,3.06,14.67,3.9579295597617303,7.452684080249207,2,0.5300000000000011,39.19,13.31,-33.47,False,0
J03WPY,2,0:29:20,DFL-OBJ-J01KJ5,DFL-OBJ-0028T3,4.964211921342602,64.58535313280713,22.73,19.91,2.064815615665452,9.732420048477152,0,31.22,38.47,14.03,2.78,False,0
J03WPY,2,0:29:25.400000,DFL-OBJ-002GG4,DFL-OBJ-J01KJ5,4.068316605182051,113.40887317730274,15.63,16.64,-2.247526718692612,10.954168156459895,1,13.489999999999998,101.13,48.63,20.51,False,0
J03WPY,2,0:29:27.840000,DFL-OBJ-002GG4,DFL-OBJ-J01CP5,4.953100039369281,145.88628358285735,17.76,10.91,2.0172716029493287,10.152856740839004,1,6.93,95.4,42.9,27.07,False,0
J03WPY,2,0:29:32.560000,DFL-OBJ-002G78,DFL-OBJ-002GM9,1.207476707849886,15.16628810832022,9.86,14.48,1.1720718839353406,3.6474237483462204,2,9.760000000000002,70.36,17.86,24.24,False,0
J03WPY,2,0:29:34.600000,DFL-OBJ-0001LJ,DFL-OBJ-00008K,4.916523161747539,8.007036284508434,5.56,18.09,6.627763161621689,5.5881750151547696,0,15.7,86.61,34.11,18.3,False,0
J03WPY,2,0:29:35.840000,DFL-OBJ-0000EJ,DFL-OBJ-00008K,4.953079849951945,28.891978763900592,5.03,18.4,3.4153421841545706,5.148844530571885,3,23.82,80.57,28.07,10.18,False,0
J03WPY,2,0:29:40.360000,DFL-OBJ-0026IA,DFL-OBJ-00028V,4.959939515760248,52.48565507141569,28.96,30.77,2.0099568997820083,8.367484687766092,1,23.18,50.22,-2.28,-10.82,False,0
J03WPY,2,0:29:44.840000,DFL-OBJ-002FYC,DFL-OBJ-J01KJ5,3.8424601494355146,39.39032133056246,16.0,21.58,1.0033972133726832,9.81193151219473,1,14.600000000000001,47.31,-5.19,-19.4,False,0
J03WPY,2,0:29:45.960000,DFL-OBJ-0026IA,DFL-OBJ-00028V,3.623272001934163,23.369788635066623,4.26,11.16,0.8993862138748621,9.19002176275987,1,17.46,35.14,-17.36,-16.54,False,0
J03WPY,2,0:29:46.560000,DFL-OBJ-0026IA,DFL-OBJ-00028V,1.9884918908559814,9.158839614142096,5.64,16.91,2.982582252030791,8.853022082882207,0,18.16,34.730000000000004,-17.77,-15.84,False,0
J03WPY,2,0:29:47.040000,DFL-OBJ-002G78,DFL-OBJ-00028V,3.7060086346364596,23.654330751152663,9.15,18.5,4.8952441241926765,8.107305347647886,1,21.939999999999998,33.230000000000004,-19.27,-12.06,False,0
J03WPY,2,0:31:44.640000,DFL-OBJ-0028FW,DFL-OBJ-0028BZ,3.178002517305485,87.24055613339955,14.47,9.65,2.707135510148404,4.93,1,29.15,99.94,-47.44,4.85,False,0
J03WPY,2,0:32:34.760000,DFL-OBJ-002FXT,DFL-OBJ-0001LJ,2.3380547470065802,26.34982041316907,11.71,12.04,0.3481054174260645,7.296492307951813,4,15.920000000000002,52.94,-0.44,18.08,False,0
J03WPY,2,0:32:36.080000,DFL-OBJ-J01NQ8,DFL-OBJ-0000EJ,4.989318590749642,61.38816904119178,7.06,9.17,2.6980787079929547,6.370282568301032,4,25.45,55.02,-2.52,8.55,False,0
J03WPY,2,0:32:37.880000,DFL-OBJ-0000NZ,DFL-OBJ-00286U,4.957065664281643,52.50596605270833,27.19,28.13,1.846564224289231,11.776166608875743,0,28.72,56.12,-3.62,-5.28,False,0
J03WPY,2,0:32:41.800000,DFL-OBJ-002GM1,DFL-OBJ-00286U,4.90854357218106,34.64046460780457,9.62,15.48,5.199330809795161,13.319857356593577,0,5.84,51.47,1.03,-28.16,False,0
J03WPY,2,0:32:46.120000,DFL-OBJ-J01NQ8,DFL-OBJ-0000EJ,4.96233815857001,109.0374483031994,9.17,9.88,1.888646549775792,7.696811027951772,1,20.55,39.480000000000004,13.02,-13.45,False,0
J03WPY,2,0:33:28.400000,DFL-OBJ-002GM1,DFL-OBJ-002G78,2.070990101376634,58.25618386858695,19.61,24.28,1.0316410282848265,10.834154327865189,3,30.21,59.88,-7.38,-3.79,False,0
J03WPY,2,0:33:35.480000,DFL-OBJ-002GM9,DFL-OBJ-00286U,4.991482745637813,26.994286176514457,6.0,18.37,4.728159497913393,15.336785843194134,0,22.45,67.42,-14.92,11.55,False,0
J03WPY,2,0:33:41.160000,DFL-OBJ-0000NZ,DFL-OBJ-002G78,4.831004036429697,41.833925254383196,10.55,22.33,5.586294708571851,17.78466755382287,0,2.039999999999999,45.38,7.12,-31.96,False,0
J03WPY,2,0:33:52.320000,DFL-OBJ-J01KJ5,DFL-OBJ-0028T3,4.891676604192063,10.260426840481042,6.93,14.55,5.335990669047612,10.78065396903175,1,14.09,62.17,-9.67,19.91,False,0
J03WPY,2,0:33:58.080000,DFL-OBJ-J01KJ5,DFL-OBJ-002GG4,0.954829827770374,57.62108343290505,30.42,25.44,0.9096093705355546,1.5901257811883942,1,6.350000000000001,22.5,30.0,27.65,False,0
J03WPY,2,0:33:58.640000,DFL-OBJ-0001LJ,DFL-OBJ-J01KJ5,0.7051950084905606,43.551353426676606,22.82,23.57,1.2919265528516262,11.059226916923263,0,4.719999999999999,87.1,34.6,29.28,False,0
J03WPY,2,0:34:03.160000,DFL-OBJ-J01KJ5,DFL-OBJ-0001LJ,0.7045565981523375,173.48019824834282,8.74,6.2,0.9146596999440895,11.656109985754258,1,5.039999999999999,1.3699999999999974,51.13,28.96,False,0
J03WPY,2,0:34:50.880000,DFL-OBJ-0026IA,DFL-OBJ-002GM1,4.786000417885481,26.18120199455231,12.65,23.51,3.056025884228275,18.879356450896307,1,8.989999999999998,73.36,20.86,-25.01,False,0
J03WPY,2,0:34:51.360000,DFL-OBJ-0026IA,DFL-OBJ-002GM1,3.904625462192247,31.637186920645714,18.13,25.07,1.7400123234885256,19.573190848709366,1,7.02,72.69,20.19,-26.98,False,0
J03WPY,2,0:34:54.240000,DFL-OBJ-002G68,DFL-OBJ-002GM1,4.842850400332434,10.94318262621751,17.13,14.87,8.681347367841278,21.78653712731787,0,5.629999999999999,74.69,22.19,-28.37,False,0
J03WPY,2,0:34:57,DFL-OBJ-00028V,DFL-OBJ-0028BZ,2.727233030014121,174.99446575625007,4.42,3.6,-1.3802521253062927,3.7863570882841984,2,17.47,60.99,-8.49,-16.53,False,0
J03WPY,2,0:34:58.920000,DFL-OBJ-0000NZ,DFL-OBJ-002G78,4.943885111933731,30.38333688155541,20.58,19.5,3.229646571979976,5.206188625088414,2,7.710000000000001,53.59,-1.09,-26.29,False,0
J03WPY,2,0:35:36.960000,DFL-OBJ-0000NZ,DFL-OBJ-002G78,4.930821432580983,27.397542029372982,12.89,17.3,3.8517326832832266,16.652399226537895,0,9.95,36.129999999999995,16.37,-24.05,False,0
J03WPY,2,0:35:38.720000,DFL-OBJ-J01CP5,DFL-OBJ-0001LJ,3.605551275463991,9.91771871461514,3.91,10.26,2.9574417051529,8.458427749883546,1,0.7199999999999989,23.24,29.26,-33.28,False,0
J03WPY,2,0:35:43.080000,DFL-OBJ-002G78,DFL-OBJ-0000NZ,4.246610413023544,3.9561234116343016,19.94,16.57,-2.3453411114003306,10.887759181760035,0,4.399999999999999,94.25,41.75,-29.6,False,0
J03WPY,2,0:35:47.760000,DFL-OBJ-0000EJ,DFL-OBJ-J01CP5,4.952625566303192,25.431659612577672,15.77,22.11,3.6168149083604195,8.58729293782389,2,9.600000000000001,79.95,27.45,-24.4,False,0
J03WPY,2,0:36:38.880000,DFL-OBJ-J01NQ8,DFL-OBJ-00286U,2.2900873345791863,42.325733684688494,12.64,14.69,-0.12477192566962114,4.536650746971824,2,28.9,20.17,32.33,-5.1,False,0
J03WPY,2,0:36:39.520000,DFL-OBJ-J01KJ5,DFL-OBJ-002GG4,3.7348360071092817,12.983491163725018,5.67,14.31,2.886043786615915,5.610080213330289,0,32.07,24.95,27.55,-1.93,False,0
J03WPY,2,0:36:41.440000,DFL-OBJ-J01CP5,DFL-OBJ-0028T3,4.999569981508412,9.208670873533691,5.45,18.61,3.8976066916715446,9.687651934292438,0,21.66,28.28,24.22,12.34,False,0
J03WPY,2,0:36:44.680000,DFL-OBJ-0000NZ,DFL-OBJ-00286U,4.828270912034658,23.669397357061765,13.09,21.19,4.984618818193207,15.385021936935937,0,19.98,43.03,9.47,-14.02,False,0
J03WPY,2,0:36:47.320000,DFL-OBJ-002GM1,DFL-OBJ-002G78,4.9146820853438715,41.34154136175455,7.62,14.36,5.016202779229315,13.418569223281594,0,0.9600000000000009,24.27,28.23,-33.04,False,0
J03WPY,2,0:36:50.840000,DFL-OBJ-00008K,DFL-OBJ-0001LJ,2.384365743756607,10.346214831777992,7.01,13.02,3.0341189924088017,3.0689411854905257,3,23.58,15.36,37.14,-10.42,False,0
J03WPY,2,0:36:51.520000,DFL-OBJ-00008K,DFL-OBJ-0001LJ,1.1473883387937973,27.26395091722996,7.08,11.91,1.517087840343726,3.4241495294452293,3,23.96,16.549999999999997,35.95,-10.04,False,0
J03WPY,2,0:36:54.240000,DFL-OBJ-J01KJ5,DFL-OBJ-002GG4,4.9632650543770085,23.536352598737434,8.66,15.94,5.911567165558373,5.6980698486417305,0,28.68,30.03,22.47,-5.32,False,0
J03WPY,2,0:37:01.400000,DFL-OBJ-J01CP5,DFL-OBJ-0028T3,4.96903411137416,7.897761647399948,3.24,10.0,3.252334976545166,21.026045752827613,0,8.260000000000002,50.35,2.15,25.74,False,0
J03WPY,2,0:37:10.120000,DFL-OBJ-002GM1,DFL-OBJ-0000EJ,0.27856776554368107,78.92268042512555,15.48,19.06,0.181433079444763,3.5410874036092372,0,9.739999999999998,9.68,42.82,-24.26,False,0
J03WPY,2,0:38:15.280000,DFL-OBJ-00028V,DFL-OBJ-00286U,1.8470787747142796,38.203180198874875,14.12,20.27,0.5962267297057844,10.682817980289661,1,8.350000000000001,22.62,29.88,-25.65,False,0
J03WPY,2,0:38:16.160000,DFL-OBJ-0000NZ,DFL-OBJ-00286U,4.866754565416257,3.3486176469156823,7.32,21.23,5.282504693314629,10.129664357716893,2,0.46000000000000085,18.18,34.32,-33.54,False,0
J03WPY,2,0:38:22.160000,DFL-OBJ-J01CP5,DFL-OBJ-002GG4,4.777970280359644,36.871236634700686,19.71,21.15,6.216313931901283,14.079048263288254,1,12.530000000000001,15.270000000000003,37.23,21.47,False,0
J03WPY,2,0:38:24.040000,DFL-OBJ-002FXT,DFL-OBJ-0028T3,4.994326781459137,22.048267434424673,10.11,19.77,1.4798776227060317,6.139096024660305,0,16.14,17.729999999999997,34.77,17.86,False,0
J03WPY,2,0:38:35.760000,DFL-OBJ-J01CP5,DFL-OBJ-002GG4,4.895314085939736,33.48121012667668,10.85,15.82,4.41593722271886,15.61233486702101,1,3.2300000000000004,2.0600000000000023,50.44,30.77,False,0
J03WPY,2,0:38:45.360000,DFL-OBJ-002FXT,DFL-OBJ-002GG4,4.9703621598430825,28.946717737359457,0.65,17.36,4.334632330429478,5.9042018935669835,0,10.850000000000001,20.479999999999997,32.02,23.15,False,0
J03WPY,2,0:39:21.880000,DFL-OBJ-J01CP5,DFL-OBJ-00286U,4.9206503635190355,22.031640346543938,6.57,18.81,3.4213668088754723,7.617151698633815,1,11.670000000000002,75.62,-23.12,22.33,False,0
J03WPY,2,0:39:23.920000,DFL-OBJ-002GMO,DFL-OBJ-00286U,4.886972477925368,25.404183748171484,14.46,26.99,4.596290879730331,13.330633893405071,1,27.45,78.76,-26.26,6.55,False,0
J03WPY,2,0:39:29.160000,DFL-OBJ-0000NZ,DFL-OBJ-002G78,4.9424083198376065,67.03620530778244,28.1,30.04,1.2471497867068115,18.946527386304858,0,4.870000000000001,41.31,11.19,-29.13,False,0
J03WPY,2,0:39:33.920000,DFL-OBJ-J01NQ8,DFL-OBJ-002G68,4.281179743949094,9.059656928799704,16.28,6.41,5.74653771419739,5.03626845988178,1,24.28,15.450000000000003,37.05,-9.72,False,0
J03WPY,2,0:39:34.440000,DFL-OBJ-002G68,DFL-OBJ-J01NQ8,1.4313629868066333,28.60347771677411,7.7,18.27,5.312212590099793,1.777245059073172,4,24.09,93.45,40.95,-9.91,False,0
J03WPY,2,0:40:02.680000,DFL-OBJ-0000NZ,DFL-OBJ-00286U,3.4231710445141346,30.762045484483618,7.86,9.51,2.0118701635067615,5.64049643205277,3,1.2199999999999989,16.090000000000003,36.41,-32.78,False,0
J03WPY,2,0:40:10.920000,DFL-OBJ-002GM1,DFL-OBJ-00286U,4.9201625989391875,9.339970639809737,0.29,15.36,3.820387527761353,10.10699757593718,1,0.5,21.25,31.25,-33.5,False,0
J03WPY,2,0:40:14.560000,DFL-OBJ-0026IA,DFL-OBJ-002GM1,1.2200409829181953,18.81080994964009,6.8,18.73,3.0935934987231684,4.167733196834942,2,11.2,89.37,36.87,-22.8,False,0
J03WPY,2,0:40:22.280000,DFL-OBJ-00028V,DFL-OBJ-00286U,3.3823660357802794,58.795943279688366,11.75,11.7,3.239623589891951,6.698634189146322,2,16.91,41.17,11.33,-17.09,False,0
J03WPY,2,0:40:23.640000,DFL-OBJ-00286U,DFL-OBJ-00028V,0.6963476143421472,42.031858378204646,10.77,9.49,-0.16666288671225798,5.574029063433379,5,14.07,61.85,9.35,-19.93,False,0
J03WPY,2,0:41:25.880000,DFL-OBJ-J01KJ5,DFL-OBJ-0028T3,4.946311757259141,60.13720450699856,15.84,17.52,3.1177804365553974,5.52675311552814,0,14.129999999999999,71.37,-18.87,19.87,False,0
J03WPY,2,0:41:27.320000,DFL-OBJ-002FXT,DFL-OBJ-0001BX,0.5197114584074504,12.591224174184013,13.16,17.22,2.2591620237129897,6.5721990231580785,1,13.870000000000001,53.17,-0.67,20.13,False,0
J03WPY,2,0:41:30.600000,DFL-OBJ-0001BX,DFL-OBJ-J01NQ8,4.51896005735833,1.9424969242330248,5.16,17.26,3.1186499397580203,9.311288847415272,1,8.530000000000001,53.44,0.94,25.47,False,0
J03WPY,2,0:41:31.720000,DFL-OBJ-002GG4,DFL-OBJ-002FXT,4.9135018062477585,18.604805103288882,6.4,13.52,2.603992123815335,7.039268427897887,1,1.990000000000002,48.91,-3.59,32.01,False,0
J03WPY,2,0:41:33.400000,DFL-OBJ-00286U,DFL-OBJ-J01CP5,1.9123022773609837,15.528010184543103,3.5,11.09,3.6169374422152005,10.364965026472593,2,9.07,36.35,-16.15,24.93,False,0
J03WPY,2,0:41:38.240000,DFL-OBJ-0028T3,DFL-OBJ-00028V,4.950010100999795,37.69367743608867,21.83,24.22,1.8805438347028902,7.166456586068181,1,29.57,28.52,-23.98,4.43,False,0
J03WPY,2,0:41:39.720000,DFL-OBJ-0028BZ,DFL-OBJ-0000NZ,1.0171037311896949,68.61116778354791,24.05,26.87,5.467897636345229,5.0110777283933645,2,28.5,17.07,-35.43,-5.5,False,0
J03WPY,2,0:41:42.160000,DFL-OBJ-0028FW,DFL-OBJ-0028BZ,2.20719278722997,80.29999238949891,18.0,19.4,4.670553255400522,13.561876713788546,0,25.46,99.61,-47.11,-8.54,False,0
J03WPY,2,0:41:42.920000,DFL-OBJ-0028FW,DFL-OBJ-0028BZ,0.2561249694973157,24.576197689470504,3.39,10.52,3.870300062383186,14.536660551859908,1,23.52,99.82,-47.32,-10.48,False,0
J03WPY,2,0:41:43.200000,DFL-OBJ-0000NZ,DFL-OBJ-0028BZ,0.24999999999999858,4.911788172505867,11.22,10.69,9.783840404509192e-15,15.8566988998341,0,22.14,100.44,-47.94,-11.86,False,0
J03WPY,2,0:41:43.440000,DFL-OBJ-0028FW,DFL-OBJ-0028BZ,2.231636171063731,178.26532773232483,3.1,14.16,-4.090592862998909,13.911869033311088,1,23.79,99.46000000000001,-46.96,-10.21,False,0
J03WPY,2,0:41:56.120000,DFL-OBJ-00028V,DFL-OBJ-0028T3,4.044749683231336,97.01291361675332,19.37,16.26,0.07454444618872458,8.59269457155321,2,15.010000000000002,51.82,0.68,-18.99,False,0
J03WPY,2,0:41:59.160000,DFL-OBJ-002GM1,DFL-OBJ-002G78,4.959939515760245,18.91140718591204,3.68,13.05,4.629427472378684,7.660417743178237,1,1.0200000000000031,37.16,15.34,-32.98,False,0
J03WPY,2,0:42:04.320000,DFL-OBJ-J01KJ5,DFL-OBJ-00286U,4.860545236905012,37.34478219674233,16.33,19.56,5.439419295112968,14.484146505748965,1,30.23,40.769999999999996,11.73,3.77,False,0
J03WPY,2,0:42:05.280000,DFL-OBJ-002FXT,DFL-OBJ-J01K2L,2.739069184960467,4.646171852502063,6.56,15.92,5.3976577803758525,7.759278316957059,2,28.4,27.79,24.71,5.6,False,0
J03WPY,2,0:42:05.960000,DFL-OBJ-J01KJ5,DFL-OBJ-00286U,2.948033242689097,39.350855505256575,23.15,17.32,-2.537834665261981,5.108815909777922,1,25.95,32.42,20.08,8.05,False,0
J03WPY,2,0:42:11.040000,DFL-OBJ-00008K,DFL-OBJ-002G68,0.8013114251026252,72.7037879483784,16.94,14.27,-0.06162977886180199,2.3498297810692605,3,30.41,5.689999999999998,46.81,3.59,False,0
J03WPY,2,0:42:19.120000,DFL-OBJ-J01NQ8,DFL-OBJ-J01K2L,0.424264068711927,52.3940086425977,6.88,9.18,1.4937477831091495,5.247751899623302,2,13.649999999999999,11.32,41.18,20.35,False,0
J03WPY,2,0:42:22.040000,DFL-OBJ-J01CP5,DFL-OBJ-002GG4,4.900163262586257,3.7196558604024497,1.96,16.13,4.68125596729962,8.074682656302969,0,1.3800000000000026,12.270000000000003,40.23,32.62,False,0
J03WPY,2,0:42:24.840000,DFL-OBJ-0001BX,DFL-OBJ-J01CP5,1.2296747537458848,50.95773397868141,12.25,14.82,4.509718771694046,5.402342084688823,0,2.8099999999999987,99.32,46.82,31.19,False,0
J03WPY,2,0:42:32.360000,DFL-OBJ-002GM9,DFL-OBJ-00286U,4.821037232795449,10.379586944889079,3.74,19.83,4.975123294554655,18.465329674825735,0,2.960000000000001,32.36,20.14,31.04,False,0
J03WPY,2,0:42:39.200000,DFL-OBJ-0000NZ,DFL-OBJ-002G78,4.87031826475437,54.941878625974,11.65,18.09,4.057368693839673,15.822477682082539,0,2.1999999999999993,25.57,26.93,-31.8,False,0
J03WPY,2,0:42:56.040000,DFL-OBJ-002GMO,DFL-OBJ-0028BZ,4.864863821321208,34.986538307474014,19.44,27.2,5.686457339890693,16.351269063898375,0,9.329999999999998,83.8,-31.3,-24.67,False,0
J03WPY,2,0:43:01.160000,DFL-OBJ-J01KJ5,DFL-OBJ-0028T3,4.743437572056788,9.10662182568021,16.04,21.95,1.740234144365036,14.156955887478071,0,16.28,56.04,-3.54,17.72,False,0
J03WPY,2,0:43:07.600000,DFL-OBJ-002GM9,DFL-OBJ-00286U,4.938754903819382,25.841312859378753,4.78,15.68,4.114051352815058,11.54535837468894,0,28.56,58.05,-5.55,5.44,False,0
J03WPY,2,0:43:12,DFL-OBJ-0000NZ,DFL-OBJ-0026IA,4.9399696355342115,6.971179400805077,2.13,17.03,5.145682502534776,15.843108912079094,0,0.14000000000000057,42.2,10.3,-33.86,False,0
J03WPY,2,0:43:12.360000,DFL-OBJ-0000NZ,DFL-OBJ-0026IA,3.5805027579936324,1.0270307551251772,3.87,13.99,3.852575539095955,15.179080999849761,1,0.259999999999998,42.5,10.0,-33.74,False,0
J03WPY,2,0:43:42.240000,DFL-OBJ-00008F,DFL-OBJ-00008K,4.916014646031885,13.022298598311298,12.94,22.1,3.448391673666278,10.13903348450926,0,22.189999999999998,84.19,31.69,-11.81,False,0
J03WPY,2,0:43:44.960000,DFL-OBJ-0001BX,DFL-OBJ-J01NQ8,4.814145822469442,49.12297082670748,16.12,26.75,4.845116035326155,16.06702523804578,0,20.53,85.33,32.83,13.47,False,0
J03WPY,2,0:44:05.880000,DFL-OBJ-002GG4,DFL-OBJ-J01CP5,3.68506444991129,0.58989553299066,1.66,11.98,2.7197789023076013,5.754624227523462,3,2.370000000000001,59.06,6.56,31.63,False,0
J03WPY,2,0:44:22.360000,DFL-OBJ-002GM9,DFL-OBJ-002G68,3.347909795678491,140.86125482881246,5.63,5.85,-1.7172373791907514,3.6170706379610547,3,29.3,23.51,28.99,-4.7,False,0
J03WPY,2,0:44:24.880000,DFL-OBJ-002G68,DFL-OBJ-002GM9,1.6646921637347902,80.40826726314997,6.64,9.79,3.2370025903056,4.44010135019461,4,32.27,87.97999999999999,35.48,-1.73,False,0
J03WPY,2,0:44:27.320000,DFL-OBJ-002G78,DFL-OBJ-002FXT,3.823205461389697,16.24736747567772,6.13,15.09,3.320383956477082,4.618062364238924,3,25.86,72.25,19.75,-8.14,False,0
J03WPY,2,0:44:28.280000,DFL-OBJ-002FXT,DFL-OBJ-002G78,1.3113733259449802,92.24211297721925,8.33,5.31,2.9750657056859646,10.829524458626981,2,26.2,33.760000000000005,18.74,-7.8,False,0
J03WPY,2,0:44:41.040000,DFL-OBJ-0000NZ,DFL-OBJ-002G78,4.910122198072059,47.30932612384279,12.93,16.88,4.935392486017474,15.191948525452554,0,2.0,44.09,8.41,-32.0,False,0
J03WPY,2,0:44:42.320000,DFL-OBJ-002GM1,DFL-OBJ-0026IA,2.8183860629800166,33.70165657175116,7.18,10.81,0.5817802499426372,10.783287995783105,2,13.79,30.13,22.37,-20.21,False,0
J03WPY,2,0:44:49.480000,DFL-OBJ-002FXT,DFL-OBJ-J01K2L,2.4375602556654874,29.26231609112678,12.29,18.2,1.4085156382764985,7.673936408389112,2,22.96,29.57,22.93,11.04,False,0
J03WPY,2,0:44:54.080000,DFL-OBJ-002GMO,DFL-OBJ-00286U,4.849917525071946,54.79616656222264,16.99,22.98,4.319240059822342,8.621136815988946,0,14.46,32.66,19.84,-19.54,False,0
J03WPY,2,0:45:00.800000,DFL-OBJ-0001HW,DFL-OBJ-002GM9,2.65203695298538,116.95152612178171,4.93,2.76,1.0177831395361214,8.260054479239223,0,33.16,99.8,47.3,-0.84,False,0
J03WPY,2,0:45:01.880000,DFL-OBJ-0001HW,DFL-OBJ-002GM9,1.6443843832875578,156.37504904670521,8.83,3.29,1.1067971810589405,10.014070101612033,0,33.94,98.17,45.67,-0.06,False,0
J03WPY,2,0:45:03.520000,DFL-OBJ-0001HW,DFL-OBJ-002GM9,3.2588494902342453,63.278503941602466,8.46,4.17,-1.0158107328752242,12.617277836363911,0,30.81,94.92,42.42,3.19,False,0
J03WPY,2,0:45:05.040000,DFL-OBJ-0001HW,DFL-OBJ-002GM9,1.4945902448497395,48.346005191427324,12.68,4.15,-0.3100160690974624,10.407353169754543,0,33.55,92.44,39.94,-0.45,False,0
J03WPY,2,0:45:05.880000,DFL-OBJ-0001HW,DFL-OBJ-002GM9,3.8080178571009875,70.68788145339995,12.7,4.28,-3.005733474255835,9.358001923487729,0,30.59,92.28,39.78,-3.41,False,0
J03WPY,2,0:45:11.720000,DFL-OBJ-0001HW,DFL-OBJ-002GM9,4.819004046480974,15.95578254414079,0.27,4.87,1.5825348213610502,7.880152282792513,0,23.240000000000002,92.46000000000001,39.96,-10.76,False,0
J03WPY,2,0:45:28.440000,DFL-OBJ-002GG4,DFL-OBJ-J01CP5,2.4855582873873616,36.033829975059625,21.25,24.01,2.9243822921854687,13.519693043852735,1,10.54,73.9,21.4,23.46,False,0
J03WPY,2,0:45:32.120000,DFL-OBJ-J01NQ8,DFL-OBJ-0028T3,1.7112860660918165,14.649608817262934,15.85,18.9,0.9001653731241249,9.759282760531127,1,8.079999999999998,33.17,19.33,25.92,False,0
J03WPY,2,0:45:35.560000,DFL-OBJ-J01KJ5,DFL-OBJ-0028T3,4.917173985126009,8.3238719458449,8.28,12.75,4.616381995595804,8.88603961278589,1,5.949999999999999,45.4,7.1,28.05,False,0
J03WPY,2,0:45:37.040000,DFL-OBJ-0028T3,DFL-OBJ-J01KJ5,0.8856635930193814,104.13676009913124,20.11,21.68,1.3747997801012393,8.83801448290282,2,10.829999999999998,64.93,12.43,23.17,False,0
J03WPY,2,0:45:39.680000,DFL-OBJ-J01K2L,DFL-OBJ-J01KJ5,4.864123764872767,11.429949664799185,8.41,20.2,6.4160532565430834,9.597338172639327,3,21.310000000000002,74.28,21.78,12.69,False,0
J03WPY,2,0:45:42.360000,DFL-OBJ-00286U,DFL-OBJ-J01KJ5,4.920376001892539,9.090656161235366,15.47,24.82,2.659862948319003,5.940143095919492,1,30.54,57.41,4.91,3.46,False,0
J03WPY,2,0:45:45.760000,DFL-OBJ-0026IA,DFL-OBJ-002GM1,4.556369168537596,53.64393978380697,26.69,31.32,5.413577963835552,13.82661202174994,1,15.350000000000001,38.29,-14.21,-18.65,False,0
J03WPY,2,0:46:14.520000,DFL-OBJ-0028BZ,DFL-OBJ-00028V,0.4850773134253944,6.395793295513753,9.52,10.64,1.2583894750668283,1.7215400082484285,2,9.52,2.8200000000000003,-49.68,-24.48,False,0
J03WPY,2,0:46:14.840000,DFL-OBJ-00286U,DFL-OBJ-00028V,1.1180339887498956,11.385770655426267,12.22,8.27,-0.4803225650605966,2.1823381956058068,1,8.09,2.780000000000001,-49.72,-25.91,False,0
J03WPY,2,0:46:15.560000,DFL-OBJ-0028BZ,DFL-OBJ-00028V,1.5804113388608654,25.73397147759812,13.84,8.02,-1.4826027355527407,3.3144079410959657,2,6.609999999999999,1.4299999999999997,-51.07,-27.39,False,0
J03WPY,2,0:46:16.480000,DFL-OBJ-002GM1,DFL-OBJ-002G78,1.83174779923438,30.87213695551532,11.96,7.49,1.3906598150749083,2.260199106273603,1,1.8999999999999986,101.85,-49.35,-32.1,False,0
J03WPY,2,0:46:42.560000,DFL-OBJ-002GM1,DFL-OBJ-002G78,1.0200490184299986,40.67130327451262,17.66,23.34,1.107916546116342,6.8078337229988195,1,26.39,26.45,26.05,-7.61,False,0
J03WPY,2,0:47:59.400000,DFL-OBJ-0000NZ,DFL-OBJ-00286U,4.9716999104933945,50.170672563082704,24.29,30.92,1.5715760922644195,19.378764150481835,0,12.829999999999998,57.99,-5.49,-21.17,False,0
J03WPY,2,0:48:08.280000,DFL-OBJ-00286U,DFL-OBJ-002FXT,3.7741356626385336,1.8600422310308562,9.68,25.27,5.509601458876183,11.649965665185455,2,18.79,66.74,14.24,-15.21,False,0
J03WPY,2,0:48:08.720000,DFL-OBJ-00286U,DFL-OBJ-002FXT,2.0241047403728887,8.96280586955743,15.51,26.2,3.9164441150666627,10.996022007980887,2,18.33,65.24,12.74,-15.67,False,0
J03WPY,2,0:48:16.200000,DFL-OBJ-002G78,DFL-OBJ-00028V,4.638965401897281,5.903882528959564,21.35,12.5,8.981975456059303,10.65178388815695,0,20.91,45.32,-7.18,-13.09,False,0
J03WPY,2,0:48:16.720000,DFL-OBJ-002G78,DFL-OBJ-00028V,1.828332573685652,18.045899554832133,21.49,7.3,4.579339329219743,6.88756125199624,0,19.3,42.68,-9.82,-14.7,False,0
J03WPY,2,0:48:19.280000,DFL-OBJ-002G78,DFL-OBJ-00028V,4.9429242357131065,72.33326188738458,24.57,28.35,1.4680510696395777,5.538023112988967,2,13.98,27.45,-25.05,-20.02,False,0
J03WPY,2,0:48:20.400000,DFL-OBJ-00028V,DFL-OBJ-002G78,1.9513328778042953,28.609488677231965,21.41,17.54,2.2994547206881264,8.15596101020597,1,18.42,84.69,-32.19,-15.58,False,0
J03WPY,2,0:48:21.400000,DFL-OBJ-00028V,DFL-OBJ-002G78,3.6048994438125503,77.83292516942471,16.36,7.66,-2.639552947568536,4.278153807426751,1,21.39,88.1,-35.6,-12.61,False,0
J03WPY,2,0:48:21.920000,DFL-OBJ-0028BZ,DFL-OBJ-00028V,1.6580108564180167,27.141528013225614,4.96,17.62,5.079295327299178,5.42104233519717,3,25.43,16.880000000000003,-35.62,-8.57,False,0
J03WPY,2,0:48:22.880000,DFL-OBJ-002G78,DFL-OBJ-002GMO,3.2247170418503392,65.0628435137072,17.81,12.62,-0.5690878193029969,5.816227299547362,0,24.61,20.94,-31.56,-9.39,False,0
J03WPY,2,0:48:40.120000,DFL-OBJ-0001BX,DFL-OBJ-J01NQ8,2.5496078129783033,35.9135158856359,13.71,25.01,2.213798875042836,15.241079358103217,0,8.0,89.07,36.57,26.0,False,0
J03WPY,2,0:49:23.240000,DFL-OBJ-002GM1,DFL-OBJ-J01K2L,4.883646178829911,82.09353343253075,28.17,25.18,4.30165755118306,9.684632156153375,2,24.15,39.019999999999996,13.48,-9.85,False,0
J03WPY,2,0:49:25.440000,DFL-OBJ-002FXT,DFL-OBJ-0026IA,4.9876848336678234,59.55951138184004,19.19,23.32,2.101048723379497,13.851169625703093,1,9.43,22.67,29.83,-24.57,False,0
J03WPY,2,0:49:31.760000,DFL-OBJ-002FXT,DFL-OBJ-0026IA,4.971679796607986,52.99807351348001,16.29,16.04,4.943803990894935,11.455348095976829,2,4.199999999999999,12.740000000000002,39.76,-29.8,False,0
J03WPY,2,0:49:32.800000,DFL-OBJ-0000NZ,DFL-OBJ-002G78,4.2708898370245985,14.78030267081505,3.86,14.1,2.6399166171726685,7.796883992980786,1,15.350000000000001,12.259999999999998,40.24,-18.65,False,0
J03WPY,2,0:49:33.480000,DFL-OBJ-0000NZ,DFL-OBJ-002G78,2.302172886644268,12.435217028427088,6.9,16.07,2.776603003663559,5.899237238830116,1,15.600000000000001,11.329999999999998,41.17,-18.4,False,0
J03WPY,2,0:50:13,DFL-OBJ-0001HW,DFL-OBJ-002GM9,2.1414014102918655,49.955961874939625,8.05,9.31,-0.06997960697998518,8.95151383845213,0,27.740000000000002,101.47,48.97,6.26,False,0
J03WPY,2,0:50:16.040000,DFL-OBJ-002G78,DFL-OBJ-J01NQ8,4.848133661523781,10.98109669471558,10.62,4.27,-0.6105285516283288,7.48865809073962,3,27.66,82.07,29.57,6.34,False,0
J03WPY,2,0:50:19.840000,DFL-OBJ-00008F,DFL-OBJ-J01NQ8,2.456359094269403,84.9757961033967,8.09,5.39,1.327075550299065,5.320150373814636,0,25.55,83.89,31.39,8.45,False,0
J03WPY,2,0:50:37.840000,DFL-OBJ-0028FW,DFL-OBJ-0028BZ,0.9617692030835685,65.57086437077807,8.13,15.6,2.9854401630960634,19.076294189385944,0,33.42,95.47,-42.97,0.58,False,0
J03WPY,2,0:50:50.320000,DFL-OBJ-002FXT,DFL-OBJ-J01K2L,3.729450361648483,15.93107580155475,8.78,14.97,4.123306831636789,7.146586597810173,3,21.58,30.7,21.8,-12.42,False,0
J03WPY,2,0:50:50.760000,DFL-OBJ-002FXT,DFL-OBJ-J01K2L,2.0734753434752955,33.80129785079894,17.14,19.23,3.7691394068839377,8.57962703152066,3,20.67,32.010000000000005,20.49,-13.33,False,0
J03WPY,2,0:51:00.320000,DFL-OBJ-J01KJ5,DFL-OBJ-002G78,2.721323207559149,5.922794228173433,7.48,10.96,2.762516566573053,10.2853001900771,1,32.72,33.19,19.31,1.28,False,0
J03WPY,2,0:51:05.280000,DFL-OBJ-J01CP5,DFL-OBJ-002GG4,4.881085944746311,49.643616697264605,16.15,21.9,3.9019622538046894,10.096573676252747,1,7.420000000000002,13.880000000000003,38.62,26.58,False,0
J03WMX,1,0:00:25.216000,DFL-OBJ-0027AX,DFL-OBJ-J01B8N,7.034408290680887,124.7890844019107,15.83,11.68,-1.8552785318787324,7.352088138753507,3,22.17,52.43,-0.07,11.83,False,1
J03WMX,1,0:01:21.347000,DFL-OBJ-0002AU,DFL-OBJ-00012X,3.1252519898401805,21.295276189855667,3.42,12.48,4.12865590524181,7.395201146689656,1,0.5700000000000003,59.39,-6.89,-33.43,False,1
J03WMX,1,0:01:24.142000,DFL-OBJ-0002AU,DFL-OBJ-J01D1W,3.4917330940379734,111.01795833869889,20.62,3.03,-6.3742849648788065,5.595292664374223,1,0.6099999999999994,46.53,5.97,-33.39,False,1
J03WMX,1,0:02:15.938000,DFL-OBJ-002GKO,DFL-OBJ-0027KL,2.9115803269015257,176.3851020126745,11.14,10.53,-0.3030996147122933,6.181585557120439,2,20.11,3.759999999999998,-48.74,-13.89,False,1
J03WMX,1,0:02:26.766000,DFL-OBJ-002G4A,DFL-OBJ-0002AU,2.4769537742961587,160.779820716129,6.59,6.94,-1.3780179145872684,3.505837988270421,2,15.579999999999998,27.31,-25.19,-18.42,False,1
J03WMX,1,0:02:30.667000,DFL-OBJ-J01B8N,DFL-OBJ-J01BGM,5.212110896748071,167.17415212205148,4.62,17.62,-4.330133564895646,2.99861634758433,2,19.22,69.49,-16.99,-14.78,False,1
J03WMX,1,0:03:00.055000,DFL-OBJ-J01APO,DFL-OBJ-0002BO,1.0396634070698094,15.166903561811246,16.73,15.29,3.1115769866191223,5.201096038336537,1,12.2,57.230000000000004,-4.73,21.8,False,1
J03WMX,1,0:03:04.401000,DFL-OBJ-0026PM,DFL-OBJ-0027B6,3.0286960890785988,73.24528463480385,16.69,18.78,4.111714959739912,7.568315532534302,1,1.1000000000000014,27.16,25.34,32.9,False,1
J03WMX,1,0:03:12.178000,DFL-OBJ-0027AX,DFL-OBJ-0027G0,2.2146105752479373,48.221100322609644,15.71,11.16,5.837044900734108,2.2146105752479373,2,22.4,68.0,15.5,-11.6,False,1
J03WMX,1,0:03:21.405000,DFL-OBJ-0028BD,DFL-OBJ-0002AU,5.2014709457998505,157.20484268323472,20.0,16.81,-0.12865309267784175,5.2014709457998505,0,2.4499999999999993,16.189999999999998,-36.31,-31.55,False,1
J03WMX,1,0:04:51.413000,DFL-OBJ-0000IA,DFL-OBJ-0027B6,0.6037383539249422,112.53164010430781,9.93,11.38,-0.34208413181948016,1.737728402253929,3,3.9299999999999997,7.68,44.82,30.07,False,1
J03WMX,1,0:05:06.854000,DFL-OBJ-0000IA,DFL-OBJ-002GKO,7.370244229331886,148.17360995766305,10.27,20.79,-3.133598769776862,4.520940167708484,3,5.440000000000001,20.21,32.29,28.56,False,1
J03WMX,1,0:05:41.044000,DFL-OBJ-0027AX,DFL-OBJ-0027G0,3.2389041356607016,144.15453571030042,8.65,6.47,-3.141897083042267,3.381198012539342,2,4.140000000000001,51.65,-0.85,-29.86,False,1
J03WMX,1,0:05:59.813000,DFL-OBJ-0000IA,DFL-OBJ-0002BO,0.5660388679233951,44.13826529021819,20.11,15.41,3.710878347105343,7.040916133572394,1,4.969999999999999,33.85,18.65,29.03,False,1
J03WMX,1,0:06:01.171000,DFL-OBJ-0000IA,DFL-OBJ-0027B6,10.270910378345242,112.519581247456,22.66,12.09,1.8722816730896907,3.628291609008293,2,12.940000000000001,31.98,20.52,21.06,True,1
J03WMX,1,0:06:08.330000,DFL-OBJ-J01APO,DFL-OBJ-J01BGM,0.6506919393999013,60.996095132171796,20.41,15.36,2.3532984177315246,1.4169333082400175,2,14.100000000000001,34.95,17.55,19.9,False,1
J03WMX,1,0:06:12.450000,DFL-OBJ-0026PM,DFL-OBJ-0002BO,1.3790576492663396,50.12208937209841,12.56,10.59,-1.2069690016901875,5.484323112290158,0,-0.3299999999999983,31.41,21.09,34.33,False,1
J03WMX,1,0:06:34.888000,DFL-OBJ-0002AU,DFL-OBJ-00012X,1.216593605112241,106.95984702206503,9.8,5.39,-1.7364456991667847,1.6743058263053376,2,27.65,25.82,26.68,-6.35,False,1
J03WMX,1,0:06:51.740000,DFL-OBJ-0000IA,DFL-OBJ-00012X,1.526433752247376,68.17291237398936,13.85,18.49,-0.3270838073883353,7.635810369567858,1,7.309999999999999,37.13,15.37,-26.69,False,1
J03WMX,1,0:06:10.810000,DFL-OBJ-0002BO,DFL-OBJ-J01APO,1.5641611170208785,176.81878280822303,11.17,17.93,-1.9196428873903533,2.7321237160860767,2,4.27,73.91,21.41,29.73,False,1
J03WMX,1,0:07:21.420000,DFL-OBJ-0027KL,DFL-OBJ-0027AX,5.585069381842987,175.2803442638687,14.27,12.87,-2.6701980838129846,5.585069381842987,1,31.87,62.31,-9.81,-2.13,False,1
J03WMX,1,0:07:31.955000,DFL-OBJ-002G4A,DFL-OBJ-0000IA,4.204592727006979,165.58063610215652,3.05,14.27,-3.0226568095472373,4.204592727006979,1,2.530000000000001,5.210000000000001,-47.29,-31.47,False,1
J03WMX,1,0:08:50.427000,DFL-OBJ-J01BGM,DFL-OBJ-J01B8N,10.39727368111468,150.02431822386632,9.29,10.41,-1.1890514826128262,6.099458992402523,3,29.2,47.18,-5.32,-4.8,True,1
J03WMX,1,0:09:24.825000,DFL-OBJ-002G4A,DFL-OBJ-0027G6,2.924414471308743,147.74136042132682,2.21,15.4,-2.970241320184234,7.799262785674042,1,12.379999999999999,86.89,34.39,21.62,False,1
J03WMX,1,0:09:33.680000,DFL-OBJ-0002BO,DFL-OBJ-J01B8N,1.1462983904725688,34.815657437641455,12.58,8.79,4.034661620475464,1.8885444130334876,2,7.84,84.1,31.6,26.16,False,1
J03WMX,1,0:10:41.650000,DFL-OBJ-0002BO,DFL-OBJ-J01B8N,1.1676043850551434,154.9671189854012,3.73,3.84,-1.8839988854136358,4.926662156064691,1,10.629999999999999,60.99,8.49,23.37,False,1
J03WMX,1,0:10:45.643000,DFL-OBJ-J01BGM,DFL-OBJ-J01APO,0.8820430828479979,78.54494432795998,16.18,17.63,-0.3780540680606481,4.267177052806693,4,16.35,55.1,2.6,17.65,False,1
J03WMX,1,0:10:54.554000,DFL-OBJ-0002AU,DFL-OBJ-00012X,3.6180934205738793,102.49360804715205,7.81,11.57,-2.8335510096429806,3.6180934205738793,2,18.09,42.019999999999996,10.48,-15.91,False,1
J03WMX,1,0:08:46.530000,DFL-OBJ-0027AX,DFL-OBJ-J01B8N,8.989471619622591,152.11287629971946,9.91,17.41,-4.569053250118373,8.989471619622591,1,25.35,58.07,5.57,-8.65,False,1
J03WMX,1,0:08:53.890000,DFL-OBJ-0000IA,DFL-OBJ-0027B6,4.030310161761748,156.74834030449298,7.38,8.84,-3.5296887871955827,3.4931504405049605,3,32.48,42.47,10.03,1.52,False,1
J03WMX,1,0:08:54.970000,DFL-OBJ-0000IA,DFL-OBJ-002GKO,3.3401347278216194,162.48884470695288,1.72,14.21,-4.129480863708127,2.740894014733149,1,31.42,44.35,8.15,2.58,False,1
J03WMX,1,0:12:15.180000,DFL-OBJ-J01BGM,DFL-OBJ-0002DR,1.928548677114477,161.919519981194,0.11,0.79,-0.1871916142825525,4.222380844973607,4,29.25,1.5399999999999991,-50.96,4.75,False,1
J03WMX,1,0:09:17.850000,DFL-OBJ-0002BO,DFL-OBJ-0026PM,3.070586263240297,16.232445112325635,6.21,20.64,6.523886450209811,6.778569170555097,1,0.5399999999999991,84.85,32.35,33.46,False,1
J03WMX,1,0:13:32.735000,DFL-OBJ-002GKO,DFL-OBJ-0026PM,2.820638225650358,145.68119744315726,5.74,2.09,0.9540274597242859,7.028228795365157,1,-1.3699999999999974,27.41,-25.09,35.37,False,1
J03WMX,1,0:13:51.264000,DFL-OBJ-002GKO,DFL-OBJ-0000IA,1.9657568516986028,149.93141717813754,6.14,8.86,-0.5651824309219922,3.055912302406603,2,10.879999999999999,16.700000000000003,-35.8,23.12,False,1
J03WMX,1,0:14:16.261000,DFL-OBJ-0000IA,DFL-OBJ-0027B6,6.764355105994954,176.27198112118379,17.16,8.98,-6.953917844373987,4.052468383590426,3,3.6400000000000006,74.05,-21.55,30.36,False,1
J03WMX,1,0:14:26.699000,DFL-OBJ-00012X,DFL-OBJ-0002AU,2.802320467041553,55.45351274950212,12.28,10.89,0.6001586666313719,4.752178447827902,1,26.22,31.83,-20.67,-7.78,False,1
J03WMX,1,0:10:57.810000,DFL-OBJ-0002AU,DFL-OBJ-002GKO,5.597856732714765,4.1767298443463465,11.81,2.23,-0.3946188538651474,5.597856732714765,3,13.149999999999999,35.45,17.05,-20.85,False,1
J03WMX,1,0:15:31.622000,DFL-OBJ-J01BGM,DFL-OBJ-J01APO,2.9203595669026807,16.36640476950764,1.03,2.53,0.44865752166287964,2.9203595669026807,2,1.5799999999999983,9.479999999999997,-43.02,32.42,False,1
J03WMX,1,0:12:10.570000,DFL-OBJ-J01BGM,DFL-OBJ-J017RE,1.6772000476985436,90.1184898416644,24.96,22.62,-3.2751221317120676,3.26165602110339,3,25.46,5.579999999999998,-46.92,8.54,False,1
J03WMX,1,0:16:25.454000,DFL-OBJ-J01B8N,DFL-OBJ-002GKO,21.129126815843573,46.181561154107094,14.87,11.31,-0.5270655391285217,10.801786889214208,1,3.6400000000000006,46.54,5.96,30.36,True,1
J03WMX,1,0:12:11.330000,DFL-OBJ-J01BGM,DFL-OBJ-0002DR,0.6041522986797325,33.3588817375643,10.13,4.9,1.4706006353290757,2.3917566765873195,2,27.7,3.6199999999999974,-48.88,6.3,False,1
J03WMX,1,0:14:18.210000,DFL-OBJ-J01BGM,DFL-OBJ-0000IA,1.3013838787997924,76.25300496002887,4.01,2.97,-0.407300003658283,3.0923453882126424,1,-0.8599999999999994,27.17,-25.33,34.86,False,1
J03WMX,1,0:19:34.720000,DFL-OBJ-0026PM,DFL-OBJ-0002BO,1.422392350935562,143.34297509107103,23.72,14.21,1.8662534407259295,6.95184148265767,1,10.350000000000001,21.25,31.25,23.65,False,1
J03WMX,1,0:19:40.320000,DFL-OBJ-000270,DFL-OBJ-J017RE,6.818511567783692,165.97726371117795,11.63,19.18,-7.604020185448597,6.818511567783692,2,14.09,67.93,15.43,19.91,False,1
J03WMX,1,0:14:36.970000,DFL-OBJ-0028BD,DFL-OBJ-0002AU,5.088113599360768,157.114232306808,12.59,14.53,-1.9880603238785421,5.088113599360768,1,14.219999999999999,3.039999999999999,-49.46,-19.78,False,1
J03WMX,1,0:20:20.714000,DFL-OBJ-0000IA,DFL-OBJ-J01D1W,4.964070910049533,173.12861792155135,2.5,13.57,-3.5485676583555534,3.72108855041102,4,11.82,22.71,29.79,-22.18,False,1
J03WMX,1,0:20:22.840000,DFL-OBJ-J01D1W,DFL-OBJ-0027G0,3.4946387510013124,62.74922935393127,1.59,6.86,0.7332566060517764,3.4946387510013124,2,3.9499999999999993,75.38,22.88,-30.05,False,1
J03WMX,1,0:20:58.685000,DFL-OBJ-00012X,DFL-OBJ-0002AU,0.8405355435673117,122.42453450025562,10.53,15.47,-0.5806482263437224,8.381127609098911,1,1.0,38.269999999999996,-14.23,-33.0,False,1
J03WMX,1,0:15:38.890000,DFL-OBJ-0002BO,DFL-OBJ-J01APO,9.399856381881586,155.35729088108613,2.65,8.87,-2.033315582158246,7.827962697918279,2,-0.7700000000000031,23.2,-29.3,34.77,False,1
J03WMX,1,0:21:36.493000,DFL-OBJ-0000IA,DFL-OBJ-00012X,4.96504783461348,0.17971098422858114,19.32,7.24,-3.554678234278088,7.364563802425779,1,0.6899999999999977,44.34,8.16,-33.31,False,1
J03WMX,1,0:15:45.210000,DFL-OBJ-002G4A,DFL-OBJ-0027G6,2.3917566765873137,179.01223960035983,7.42,5.38,0.017743041051914155,2.3917566765873137,2,4.41,19.590000000000003,-32.91,29.59,False,1
J03WMX,1,0:15:50.170000,DFL-OBJ-0002AU,DFL-OBJ-00012X,8.356757744484401,139.12822098128805,6.84,11.24,-5.125077941908089,8.356757744484401,2,14.07,54.41,-1.91,19.93,False,1
J03WMX,1,0:22:31.673000,DFL-OBJ-000270,DFL-OBJ-J017RE,3.3049205739321468,103.87489152129024,8.45,7.23,1.0040354897585502,3.3049205739321468,2,21.46,12.670000000000002,-39.83,12.54,False,1
J03WMX,1,0:23:34.371000,DFL-OBJ-0026PM,DFL-OBJ-0002BO,5.314903573913643,162.447491016296,10.3,5.67,-4.693293028405378,6.917116451238912,2,1.0300000000000011,26.22,26.28,32.97,False,1
J03WMX,1,0:16:45.890000,DFL-OBJ-0002AU,DFL-OBJ-002G4A,1.902051524012952,174.46095727036362,3.48,4.32,-0.2991637069374281,6.021378579694186,2,22.53,12.939999999999998,39.56,11.47,False,1
J03WMX,1,0:24:44.508000,DFL-OBJ-000270,DFL-OBJ-0027KL,0.9052071586106695,23.090186003816964,27.12,19.13,-1.379134420043489,4.755502076542496,2,16.22,72.88,20.38,-17.78,False,1
J03WMX,1,0:25:55.655000,DFL-OBJ-00012X,DFL-OBJ-0000IA,1.7822738285684383,121.72869962766674,3.15,3.58,-1.5504091972095562,3.2863505595112654,0,23.25,63.36,10.86,-10.75,False,1
J03WMX,1,0:20:11.090000,DFL-OBJ-00012X,DFL-OBJ-0002AU,1.8183783984638613,32.203649287955514,5.8,3.42,-0.7406864780715638,2.5298221281347057,1,6.09,85.99000000000001,33.49,-27.91,False,1
J03WMX,1,0:21:34.770000,DFL-OBJ-0000IA,DFL-OBJ-002G4A,2.0470710783946924,55.0427749767595,21.17,14.48,-2.373365395974214,2.309502110845539,1,1.7199999999999989,54.73,-2.23,-32.28,False,1
J03WMX,1,0:28:31.122000,DFL-OBJ-0026PM,DFL-OBJ-0002BO,0.7106335201775955,26.922909709285392,6.07,3.9,-0.37904131450661904,8.799642038174053,0,7.239999999999998,49.99,2.51,26.76,False,1
J03WMX,1,0:22:07.330000,DFL-OBJ-J01APO,DFL-OBJ-J01BGM,4.68,178.0817196748532,1.84,17.01,-5.399107206117535,15.849517342808895,0,20.46,49.43,3.07,13.54,False,1
J03WMX,1,0:29:38.386000,DFL-OBJ-0002AU,DFL-OBJ-002GKO,2.077618829333237,103.17766977776027,3.69,5.41,-0.6651123199942865,3.0372685096974865,2,-0.14000000000000057,58.51,-6.01,-34.14,False,1
J03WMX,1,0:29:55.487000,DFL-OBJ-00012X,DFL-OBJ-0000IA,0.6139218191268351,103.57090381876414,5.09,4.38,-0.3766810656270428,4.037449690089029,3,3.789999999999999,62.88,10.38,-30.21,False,1
J03WMX,1,0:29:55.955000,DFL-OBJ-00012X,DFL-OBJ-0002AU,3.3373192834968597,23.075333193665415,5.43,7.96,1.4369114004635775,3.3373192834968597,3,3.1799999999999997,62.72,10.22,-30.82,False,1
J03WMX,1,0:22:32.850000,DFL-OBJ-002GKO,DFL-OBJ-0002F5,1.4767870530310052,129.15011985783437,2.08,3.54,-1.2460526708505104,1.4767870530310052,3,31.57,7.890000000000001,-44.61,2.43,False,1
J03WMX,1,0:23:17.010000,DFL-OBJ-0002AU,DFL-OBJ-00012X,6.06976111556295,28.388613409432867,3.08,16.45,4.6625734171579065,17.506684437665516,1,3.4200000000000017,45.769999999999996,6.73,-30.58,False,1
J03WMX,1,0:30:54.217000,DFL-OBJ-0027G0,DFL-OBJ-00012X,0.8417244204607569,90.16500647698169,14.39,16.07,1.0742302809688644,3.2877043662713956,0,3.969999999999999,54.5,-2.0,-30.03,False,1
J03WMX,1,0:31:15.028000,DFL-OBJ-0002F5,DFL-OBJ-00012X,6.987331393314618,164.37540302212798,13.04,14.74,-8.320104611955019,6.987331393314618,1,6.23,38.84,13.66,-27.77,False,1
J03WMX,1,0:31:27.229000,DFL-OBJ-00012X,DFL-OBJ-0000IA,6.888962185989993,166.5998632733556,10.94,6.48,-3.1502698772256976,6.888962185989993,3,10.23,79.23,26.73,-23.77,False,1
J03WMX,1,0:31:27.993000,DFL-OBJ-0000IA,DFL-OBJ-002GKO,10.04084159819285,75.70604110822914,5.38,8.39,-0.7878591994782846,8.633799858694896,3,5.25,19.64,32.86,-28.75,True,1
J03WMX,1,0:31:31.051000,DFL-OBJ-0002AU,DFL-OBJ-002G4A,7.77701742315137,118.06697445768437,3.72,7.93,-0.11581336366294659,5.172243227072756,1,12.34,25.02,27.48,-21.66,False,1
J03WMX,1,0:25:33.370000,DFL-OBJ-J01D1W,DFL-OBJ-0000IA,3.6477390257528044,20.41125093974938,13.66,25.35,4.201923020663545,11.75759329114594,1,8.059999999999999,66.49,13.99,-25.94,False,1
J03WMX,1,0:32:00.117000,DFL-OBJ-J01APO,DFL-OBJ-0027AX,4.75429279704143,135.6702134396228,4.45,2.23,-0.03254149383911109,4.75429279704143,1,-0.17999999999999972,29.4,23.1,34.18,False,1
J03WMX,1,0:25:57.210000,DFL-OBJ-00012X,DFL-OBJ-0000IA,3.0827422856930484,6.104684876928733,17.5,1.79,-3.62174555659917,4.803176032585107,1,20.53,58.94,6.44,-13.47,False,1
J03WMX,1,0:32:34.778000,DFL-OBJ-0002F5,DFL-OBJ-0028BD,7.412536677818193,24.934657127523835,0.18,5.12,1.1973335017265674,7.412536677818193,1,14.219999999999999,66.44,-13.94,-19.78,False,1
J03WMX,1,0:34:48.061000,DFL-OBJ-0000IA,DFL-OBJ-0028BD,6.011197883949589,165.28570869707767,3.27,7.13,-2.2191842654962413,5.29385492812185,3,9.86,50.27,2.23,-24.14,False,1
J03WMX,1,0:36:05.232000,DFL-OBJ-J01B8N,DFL-OBJ-002GKO,0.5420332093147049,5.760153050801398,1.72,2.38,0.042459462650610846,6.197878669351311,3,11.0,75.84,-23.34,23.0,False,1
J03WMX,1,0:30:55.130000,DFL-OBJ-0027G0,DFL-OBJ-00012X,0.8908984229416954,173.51547133455915,2.41,7.21,-0.5294533727192737,3.7200537630523565,0,3.379999999999999,52.5,0.0,-30.62,False,1
J03WMX,1,0:37:52.464000,DFL-OBJ-0002AU,DFL-OBJ-00012X,0.791012010022603,63.679330108796975,14.29,12.13,1.1670088918596144,2.37008438668331,2,0.5399999999999991,47.46,5.04,-33.46,False,1
J03WMX,1,0:31:32.010000,DFL-OBJ-0002AU,DFL-OBJ-00012X,5.1440548208587344,161.142731212309,4.05,1.49,-1.6260093601540193,6.327242685404123,1,13.32,25.05,27.45,-20.68,False,1
J03WMX,1,0:39:03.803000,DFL-OBJ-0028BD,DFL-OBJ-0002AU,10.018722473449397,178.79718569944637,1.18,4.59,-1.7711617242320443,10.018722473449397,0,1.990000000000002,43.6,-8.9,-32.01,True,1
J03WMX,1,0:39:11.664000,DFL-OBJ-00012X,DFL-OBJ-0027G6,5.004408056903434,0.8104747330427575,6.52,8.01,0.5200964637733096,5.004408056903434,0,9.190000000000001,23.37,-29.13,-24.81,False,1
J03WMX,1,0:39:17.876000,DFL-OBJ-J01B8N,DFL-OBJ-J01BGM,2.4020824298928622,22.284335316565507,10.38,12.9,5.781041207588032,4.920416649024754,5,29.42,92.32,-39.82,-4.58,False,1
J03WMX,1,0:32:23.530000,DFL-OBJ-0028BD,DFL-OBJ-0002F5,4.161946659917689,21.760249675973878,10.87,21.24,2.1926777537790376,2.6709736052608224,0,18.64,40.26,-12.24,-15.36,False,1
J03WMX,1,0:40:52.002000,DFL-OBJ-J01D1W,DFL-OBJ-0000IA,3.4827144585796868,92.40928278425542,9.99,0.95,-0.5259396132351868,13.24090631339109,0,4.18,54.9,2.4,-29.82,False,1
J03WMX,1,0:41:12.369000,DFL-OBJ-J01BGM,DFL-OBJ-J017RE,2.4014162487998645,124.22276087079186,7.75,1.62,-2.7457614704916877,2.4014162487998645,1,15.59,25.44,-27.06,18.41,False,1
J03WMX,1,0:34:43.410000,DFL-OBJ-0000IA,DFL-OBJ-002G4A,1.9632880583347943,122.14922286881377,16.08,8.98,-0.8396669631933046,5.878043892316558,4,9.54,49.05,3.45,-24.46,False,1
J03WMX,1,0:41:49.478000,DFL-OBJ-0002AU,DFL-OBJ-00012X,2.43402958075698,5.002074686028357,22.43,17.35,-1.455549138264166,6.958807369082722,2,18.34,48.62,3.88,-15.66,False,1
J03WMX,1,0:42:00.724000,DFL-OBJ-J01BGM,DFL-OBJ-0000IA,0.7211102550927982,140.4037913602493,6.88,3.57,0.09738882883399719,8.033952949824888,1,1.3699999999999974,71.71000000000001,19.21,32.63,False,1
J03WMX,1,0:42:07.341000,DFL-OBJ-0026PM,DFL-OBJ-002G4A,1.7577542490348286,51.25033957777998,1.0,1.79,-0.1507875030663236,5.090157168496865,3,17.99,34.879999999999995,17.62,16.01,False,1
J03WMX,1,0:42:25.701000,DFL-OBJ-0002AU,DFL-OBJ-J01D1W,0.7147027354082252,1.8112610738876025,20.68,16.31,0.27479597428826663,4.154154546956577,2,10.57,48.5,4.0,-23.43,False,1
J03WMX,1,0:46:54.106000,DFL-OBJ-002GKO,DFL-OBJ-0000IA,1.041777327455345,49.6102462067108,8.66,4.24,-0.3861951359500504,4.1036569057366385,3,19.09,55.73,3.23,-14.91,False,1
J03WMX,1,0:40:18.850000,DFL-OBJ-002GKO,DFL-OBJ-J01APO,2.7489816296221408,85.88133268192763,11.47,3.07,-2.0953602922670997,11.528998221875133,2,3.1000000000000014,7.590000000000003,-44.91,30.9,False,1
J03WMX,1,0:41:14.050000,DFL-OBJ-0002F5,DFL-OBJ-J01BGM,2.2895414388038478,90.48632551748122,6.61,6.76,-1.0896735185059747,8.078570418087594,2,19.23,81.03,-28.53,14.77,False,1
J03WMX,2,0:00:28.978000,DFL-OBJ-0027B6,DFL-OBJ-0027G6,12.077950985163007,158.70265323231362,10.68,8.02,-5.817313495193273,5.046077684697295,1,11.829999999999998,57.06,-4.56,22.17,True,1
J03WMX,2,0:01:05.849000,DFL-OBJ-0000IA,DFL-OBJ-002G4A,0.5445181356024784,32.41952794099783,8.37,6.48,0.12720222565422268,4.664986602338748,2,5.780000000000001,32.489999999999995,-20.01,28.22,False,1
J03WMX,2,0:00:40.010000,DFL-OBJ-0002F5,DFL-OBJ-0028BD,4.478894952999009,165.81557013816993,2.15,15.9,-5.070196906052138,6.072108365304425,2,5.550000000000001,72.98,20.48,28.45,False,1
J03WMX,2,0:02:32.479000,DFL-OBJ-0027G6,DFL-OBJ-002GKO,1.3243866504914628,93.3023367967794,8.48,7.91,-1.385804295410812,4.778964322946977,1,6.210000000000001,18.520000000000003,-33.98,-27.79,False,1
J03WMX,2,0:02:37.956000,DFL-OBJ-000270,DFL-OBJ-J017RE,0.7256031973468683,22.0659174895737,8.98,4.74,1.998553481547037,2.967456823611764,3,5.510000000000002,65.51,-13.01,-28.49,False,1
J03WMX,2,0:02:46.058000,DFL-OBJ-0002AU,DFL-OBJ-J01D1W,1.8346934348822421,24.98786321880493,20.87,12.92,-2.072523969850677,4.623905275846383,0,21.93,20.81,-31.69,12.07,False,1
J03WMX,2,0:03:15.239000,DFL-OBJ-0027AX,DFL-OBJ-0002F5,1.4362799170078235,37.35204384919264,9.1,12.63,5.921529178652236,9.55028795377396,2,11.16,45.8,6.7,-22.84,False,1
J03WMX,2,0:02:36.370000,DFL-OBJ-002GKO,DFL-OBJ-J01B8N,1.0292715870944893,40.174016115874636,19.54,16.23,-0.6626816502819477,10.785360448311407,2,0.8699999999999974,70.7,-18.2,-33.13,False,1
J03WMX,2,0:04:41.664000,DFL-OBJ-002G4A,DFL-OBJ-J01B8N,0.9859513172565867,38.97873445974399,16.31,18.21,0.19888314512585575,8.325683155153097,3,11.41,41.54,10.96,-22.59,False,1
J03WMX,2,0:05:01.652000,DFL-OBJ-00012X,DFL-OBJ-0027G0,3.11464283666683,121.10828423731229,0.86,5.97,-1.2214528665174496,3.11464283666683,2,7.109999999999999,14.450000000000003,38.05,26.89,False,1
J03WMX,2,0:08:57.308000,DFL-OBJ-0002AU,DFL-OBJ-J01D1W,1.4190842117365685,37.36249671678835,20.88,10.17,-2.021891077374708,12.200299176659563,1,30.1,42.59,-9.91,3.9,False,1
J03WMX,2,0:09:13.268000,DFL-OBJ-0002BO,DFL-OBJ-J01B8N,2.1724870540465817,157.58997497172012,5.37,13.44,-3.1877549097742186,5.436340681009607,1,5.07,55.32,-2.82,-28.93,False,1
J03WMX,2,0:10:05.578000,DFL-OBJ-0002BO,DFL-OBJ-J01APO,2.6296197443737004,157.6715797865972,6.24,1.39,0.5401969097538728,7.402438787318675,0,3.530000000000001,6.619999999999997,45.88,-30.47,False,1
J03WMX,2,0:11:22.780000,DFL-OBJ-0002BO,DFL-OBJ-J01APO,1.6966437457521881,169.01791320973877,11.85,8.98,-1.0512919820499882,13.61819738438241,0,1.1300000000000026,68.69,-16.19,-32.87,False,1
J03WMX,2,0:11:26.607000,DFL-OBJ-J01BGM,DFL-OBJ-0027G6,2.820283673675396,109.7397703486825,17.62,2.31,-4.554211637624505,4.842323822298545,1,8.760000000000002,74.52,-22.02,-25.24,False,1
J03WMX,2,0:12:47.050000,DFL-OBJ-J01APO,DFL-OBJ-0027AX,9.054374633291909,57.2015984805481,16.84,3.51,-4.657529395717304,2.454893073027825,2,0.2700000000000031,53.05,0.55,-33.73,False,1
J03WMX,2,0:11:29.610000,DFL-OBJ-0002BO,DFL-OBJ-J01APO,0.7481310045707241,147.8841886794369,6.42,9.48,-0.5652891978129923,7.562466528851551,1,2.039999999999999,55.08,-2.58,-31.96,False,1
J03WMX,2,0:12:50.330000,DFL-OBJ-0000IA,DFL-OBJ-J01BGM,4.405053915674586,46.21827609177574,14.73,6.15,-2.6522744500623228,4.885417075337583,2,11.190000000000001,54.36,1.86,-22.81,False,1
J03WMX,2,0:12:58.929000,DFL-OBJ-00012X,DFL-OBJ-0002AU,3.2693271479006194,33.21304117186088,14.66,7.67,-2.2919383547057812,4.345135210784584,2,32.35,58.79,-6.29,-1.65,False,1
J03WMX,2,0:13:45.937000,DFL-OBJ-J01BGM,DFL-OBJ-0000IA,9.076965351922418,138.63933806666216,4.79,2.73,-2.201622765483724,12.742264319970763,0,9.030000000000001,2.780000000000001,55.28,-24.97,False,1
J03WMX,2,0:12:47.690000,DFL-OBJ-J01APO,DFL-OBJ-002GKO,3.541892149684968,87.79308093029374,12.45,2.15,-3.7360147149869536,3.541892149684968,2,0.29999999999999716,50.48,-2.02,-33.7,False,1
J03WMX,2,0:15:53.600000,DFL-OBJ-J01BGM,DFL-OBJ-J01B8N,1.6664333169977126,46.43597558084532,27.41,21.83,-2.2744900486915873,11.28837455083769,0,3.3900000000000006,22.14,30.36,-30.61,False,1
J03WMX,2,0:17:14.759000,DFL-OBJ-0028BD,DFL-OBJ-J01APO,0.9716480844421005,18.454887035612426,11.78,7.6,-0.5021731438509441,11.257908331479697,1,9.07,2.9399999999999977,49.56,24.93,False,1
J03WMX,2,0:17:28.877000,DFL-OBJ-J01DVC,DFL-OBJ-0026PM,8.591489975551388,173.86929760867204,29.34,28.43,0.15269029452685157,7.944312430915592,2,28.64,57.67,-5.17,5.36,False,1
J03WMX,2,0:17:35.195000,DFL-OBJ-00012X,DFL-OBJ-0027G6,2.49505510961181,147.05793216868182,1.63,5.48,-1.920737844682076,9.425354104753836,2,11.030000000000001,51.32,1.18,22.97,False,1
J03WMX,2,0:17:56.256000,DFL-OBJ-0026PM,DFL-OBJ-002GKO,3.1975615709474665,169.39998809235425,2.19,10.3,-2.0013043245251736,3.2981206769916716,1,4.280000000000001,47.89,-4.61,-29.72,False,1
J03WMX,2,0:18:55.660000,DFL-OBJ-0027G6,DFL-OBJ-00012X,2.9206163733020465,179.77996385868641,6.55,3.46,-2.1896674997671592,2.9206163733020465,2,0.9500000000000028,41.72,-10.78,33.05,False,1
J03WMX,2,0:17:06.610000,DFL-OBJ-J01BGM,DFL-OBJ-J01B8N,3.2192545721020562,49.70923890489253,18.31,19.5,0.9913948075912027,6.870516720014587,3,13.25,16.86,35.64,-20.75,False,1
J03WMX,2,0:19:11.608000,DFL-OBJ-0027V2,DFL-OBJ-J015S4,1.3245754036671533,28.69236209117923,29.29,19.02,-1.218294940274434,4.3513331290536685,0,4.539999999999999,29.73,22.77,-29.46,False,1
J03WMX,2,0:19:45.686000,DFL-OBJ-J01B8N,DFL-OBJ-002G89,0.7244998274672013,47.04392467156907,15.07,18.22,0.43388405764469645,5.4339856459140545,0,6.579999999999998,102.11,49.61,-27.42,False,1
J03WMX,2,0:18:56.850000,DFL-OBJ-0028BD,DFL-OBJ-J01APO,3.2102647865869285,115.01689347810037,2.77,5.21,-1.7315178626196903,3.8901156795139142,2,-1.8200000000000003,62.57,-10.07,35.82,False,1
J03WMX,2,0:21:32.621000,DFL-OBJ-002G4A,DFL-OBJ-J015S4,2.810409222871288,176.91577657485453,5.63,12.0,-2.469160101152441,7.320061475151696,2,-1.3100000000000023,35.34,17.16,-35.31,False,1
J03WMX,2,0:21:40.959000,DFL-OBJ-J01BGM,DFL-OBJ-0027KL,3.856436178649922,145.51553521413936,2.87,5.01,-2.4855855727532226,9.729773892542413,2,-1.9399999999999977,9.340000000000003,43.16,-35.94,False,1
J03WMX,2,0:19:44.690000,DFL-OBJ-J01B8N,DFL-OBJ-002G89,0.7291776189653668,33.68139357562364,7.83,4.44,-0.5323530974993917,7.069172511687633,0,9.54,102.95,50.45,-24.46,False,1
J03WMX,2,0:22:38.689000,DFL-OBJ-002G4A,DFL-OBJ-0027G6,4.7045509881390375,168.20588936549888,3.73,13.5,-2.484996171586742,7.508455233934608,1,23.07,68.72,-16.22,10.93,False,1
J03WMX,2,0:23:35.845000,DFL-OBJ-J015S4,DFL-OBJ-002G4A,17.665995584738496,35.582224338365556,4.24,6.77,0.7292548228529316,5.251980578791206,1,18.23,50.07,-2.43,-15.77,True,1
J03WMX,2,0:24:10.130000,DFL-OBJ-J01APO,DFL-OBJ-J01D1W,1.1244998888394782,170.78897345918332,1.84,8.07,-1.5630009488166985,3.6138760355053683,2,32.68,4.240000000000002,-48.26,1.32,False,1
J03WMX,2,0:25:59.898000,DFL-OBJ-002G4A,DFL-OBJ-0002AU,3.322800024076078,28.305964507868435,3.77,17.14,4.6911248045739535,4.66554391255725,3,13.829999999999998,70.7,-18.2,20.17,False,1
J03WMX,2,0:26:03.969000,DFL-OBJ-002GKO,DFL-OBJ-0002AU,2.8578663369723922,141.7603593274434,17.33,24.29,-2.8057431650835274,4.780062761094252,3,30.35,63.83,-11.33,3.65,False,1
J03WMX,2,0:26:36.810000,DFL-OBJ-000191,DFL-OBJ-002GKO,1.49806541913229,125.00274716242254,11.48,13.15,-0.4862335086921149,4.410770907675891,1,18.4,39.96,-12.54,15.6,False,1
J03WMX,2,0:26:45.765000,DFL-OBJ-002G4A,DFL-OBJ-000191,4.5853026072441505,153.76619786336826,10.81,22.31,-2.840249501993551,6.543126164151199,1,29.88,56.65,-4.15,-4.12,False,1
J03WMX,2,0:23:55.730000,DFL-OBJ-J015S4,DFL-OBJ-002GKO,1.6051479682571324,178.04980452052334,7.14,5.78,-2.2394551355460104,5.285640926131854,1,32.71,47.66,-4.84,1.29,False,1
J03WMX,2,0:29:40.839000,DFL-OBJ-J01BGM,DFL-OBJ-000191,3.1830802691732396,141.68485935630576,5.25,5.51,-1.9233717955847607,3.1830802691732396,0,1.490000000000002,26.99,25.51,-32.51,False,1
J03WMX,2,0:30:09.484000,DFL-OBJ-0000RP,DFL-OBJ-002GKO,15.22732084117229,151.15171880883398,5.98,16.92,-4.726052253827859,8.408596791379644,2,3.9499999999999993,61.96,9.46,-30.05,True,1
J03WMX,2,0:30:32.197000,DFL-OBJ-J01DVC,DFL-OBJ-000191,0.5758472019555244,147.9235421697757,7.13,9.53,2.5930610053970327,0.9642095207992891,2,15.32,19.840000000000003,32.66,18.68,False,1
J03WMX,2,0:30:34.701000,DFL-OBJ-002G4A,DFL-OBJ-0002AU,6.25082394568908,147.14051394319696,2.92,11.74,-2.5215982164973516,9.475890459476618,1,13.73,33.129999999999995,19.37,20.27,False,1
J03WMX,2,0:30:36.688000,DFL-OBJ-002GKO,DFL-OBJ-0000RP,8.17768916014787,87.14931145732349,20.95,11.91,-5.2079791047355295,8.17768916014787,1,19.66,43.78,8.72,14.34,False,1
J03WMX,2,0:31:18.661000,DFL-OBJ-J01BGM,DFL-OBJ-000191,6.217153689591403,118.35795977774563,12.82,13.51,-2.1974730276159216,12.702051015485646,2,2.34,76.55,-24.05,-31.66,False,1
J03WMX,2,0:31:22.396000,DFL-OBJ-0000RP,DFL-OBJ-0027B6,5.7535467322339535,162.19004522981263,4.03,5.91,-3.034307367768714,4.253763039944749,0,28.240000000000002,14.96,-37.54,-5.76,False,1
J03WMX,2,0:26:49.530000,DFL-OBJ-002G89,DFL-OBJ-0027KL,1.4212670403551884,41.52638592593806,14.83,11.77,-0.6082567363625291,4.5621266970569785,2,26.03,24.83,27.67,-7.97,False,1
J03WMX,2,0:32:10.454000,DFL-OBJ-0002AU,DFL-OBJ-J01D1W,2.69458716689589,138.23817610734702,4.56,5.14,-0.3948888552079355,6.139218191268329,2,18.34,25.01,-27.49,15.66,False,1
J03WMX,2,0:32:47.509000,DFL-OBJ-0028BD,DFL-OBJ-0027G0,4.3091066359513555,168.67972843805956,7.91,9.09,-1.5655343781874076,8.418942926519936,0,9.559999999999999,0.14000000000000057,52.36,24.44,False,1
J03WMX,2,0:28:07.970000,DFL-OBJ-002G89,DFL-OBJ-J017RE,8.780911114457314,149.1873160463555,13.29,13.75,-0.8706210675644543,8.910965155357754,1,5.140000000000001,1.0399999999999991,51.46,-28.86,False,1
J03WMX,2,0:28:40.930000,DFL-OBJ-002G4A,DFL-OBJ-J01APO,6.222740553807458,127.31473171653248,1.75,4.55,-0.525280441999032,6.222740553807458,4,33.01,1.990000000000002,50.51,0.99,False,1
J03WMX,2,0:37:04.322000,DFL-OBJ-0027G0,DFL-OBJ-002G89,2.030886505937741,71.37950849822384,12.15,3.9,-2.8177915593053515,3.6520952890087632,1,5.82,78.87,26.37,28.18,False,1
J03WMX,2,0:37:40.732000,DFL-OBJ-J015S4,DFL-OBJ-J01DVC,8.011572879279074,8.440954921525401,15.52,16.71,8.050074639651838,5.732451482568341,0,6.100000000000001,57.44,4.94,-27.9,False,1
J03WMX,2,0:30:11.050000,DFL-OBJ-J015S4,DFL-OBJ-J01BGM,6.370196229316646,138.36435267679173,5.0,9.03,-0.4737511890022228,6.370196229316646,2,6.48,77.89,25.39,-27.52,False,1
J03WMX,2,0:30:39.850000,DFL-OBJ-0002AU,DFL-OBJ-J01D1W,0.5303772242470441,122.69078538816052,21.82,2.63,5.328472766485475,2.2278464938141496,0,28.83,40.71,-11.79,5.17,False,1
J03WMX,2,0:39:27.470000,DFL-OBJ-J01N65,DFL-OBJ-002G4A,4.712716838512578,89.41025469806264,16.26,2.77,-5.0452314010898665,4.712716838512578,1,33.43,19.61,-32.89,-0.57,False,1
J03WMX,2,0:39:35.403000,DFL-OBJ-002G89,DFL-OBJ-0027KL,10.405306338594746,27.86852552865986,28.1,12.35,-0.45591612082086286,10.405306338594746,0,15.329999999999998,54.05,-1.55,18.67,True,1
J03WMX,2,0:39:53.252000,DFL-OBJ-002G89,DFL-OBJ-0027G0,3.713071504832623,140.13515743282994,3.94,0.78,-1.1379718919726012,3.713071504832623,2,2.460000000000001,33.239999999999995,19.26,31.54,False,1
J03WMX,2,0:40:28.234000,DFL-OBJ-0026ZI,DFL-OBJ-0027KL,5.361436374704079,171.9843537860948,8.75,13.07,-0.11351004912072415,6.390148668067116,1,7.280000000000001,6.350000000000001,46.15,26.72,False,1
J03WMX,2,0:41:05.794000,DFL-OBJ-J01N65,DFL-OBJ-0027B6,0.8864536084872133,43.03386394057416,10.59,6.17,0.33986382698137724,2.821205416129779,2,18.6,39.83,-12.67,-15.4,False,1
J03WMX,2,0:42:05.769000,DFL-OBJ-002GBW,DFL-OBJ-0027KL,1.4892279879185701,124.24161671749167,14.81,16.72,-0.5880859188003074,3.349701479236618,2,22.85,1.3100000000000023,51.19,-11.15,False,1
J03WMX,2,0:42:10.636000,DFL-OBJ-0027KL,DFL-OBJ-002GBW,0.8814193099768182,16.690438981333763,0.44,3.07,0.9513090910889582,5.5870743685761015,1,1.5499999999999972,87.44,34.94,-32.45,False,1
J03WMX,2,0:42:48.232000,DFL-OBJ-0000RP,DFL-OBJ-J01D1W,0.5656854249492386,124.60076188761278,15.51,23.06,0.8418892721625967,3.147348090059313,0,17.93,47.72,-4.78,16.07,False,1
J03WMX,2,0:42:51.960000,DFL-OBJ-J01D1W,DFL-OBJ-0027KL,0.4947726750741199,82.74983835426744,10.45,9.3,0.23552374457742858,2.559941405579433,2,16.36,37.38,15.12,17.64,False,1
J03WMX,2,0:42:57.010000,DFL-OBJ-J01N65,DFL-OBJ-0027B6,2.5325086376950425,6.294725530025913,8.74,12.66,-0.012005418485872,2.976592011008564,0,10.120000000000001,27.9,-24.6,23.88,False,1
J03WMX,2,0:38:21.250000,DFL-OBJ-0027KL,DFL-OBJ-002GBW,0.5780138406647366,95.08211981464405,18.17,19.98,1.3719895373898632,10.838879093338019,0,25.240000000000002,62.88,10.38,8.76,False,1
J03WMX,2,0:38:23.330000,DFL-OBJ-0027G0,DFL-OBJ-002G89,7.087037462861332,12.630596857095924,6.48,22.38,4.1609631965333405,14.66933195479603,0,4.030000000000001,54.98,2.48,29.97,False,1
J03WMX,2,0:44:48.959000,DFL-OBJ-002G89,DFL-OBJ-0002AU,1.3112589370524783,40.69120997231992,4.65,2.61,-0.30998292670002925,3.288783969797956,1,4.809999999999999,71.68,-19.18,29.19,False,1
J03WMX,2,0:39:16.530000,DFL-OBJ-00012X,DFL-OBJ-J017RE,0.958540557305741,79.20978352062124,17.19,15.46,0.34454262146879827,3.9941081607788242,3,21.58,54.65,-2.15,12.42,False,1
J03WMX,2,0:45:50.533000,DFL-OBJ-0002AU,DFL-OBJ-0026ZI,4.444873451516927,151.19275793647233,0.98,5.19,-1.1013769679882057,4.444873451516927,2,3.710000000000001,51.12,-1.38,30.29,False,1
J03WMX,2,0:39:19.730000,DFL-OBJ-002GCR,DFL-OBJ-002GKO,2.5079872407968904,171.4726684051887,11.99,3.8,0.7470202120923852,4.557159202836785,4,33.43,46.91,-5.59,0.57,False,1
J03WMX,2,0:47:19.908000,DFL-OBJ-0027G0,DFL-OBJ-002G89,0.5685068161420792,154.81910485303314,8.45,6.1,0.6866051094679426,4.0686361351194815,2,-0.5799999999999983,73.63,21.13,34.58,False,1
J03WMX,2,0:47:58.783000,DFL-OBJ-002GBW,DFL-OBJ-0027KL,1.9436306233438507,62.39346793669282,9.92,12.69,4.638061168345192,5.38384620879906,2,16.91,35.91,16.59,17.09,False,1
J03WMX,2,0:48:29.669000,DFL-OBJ-0000RP,DFL-OBJ-J01D1W,1.4358621103713274,84.40309359140579,16.97,18.01,1.3477656095137918,5.360457070064083,1,15.399999999999999,17.799999999999997,-34.7,18.6,False,1
J03WMX,2,0:40:15.690000,DFL-OBJ-002GKO,DFL-OBJ-0002AU,0.6525335240430176,166.94431032750154,6.82,3.71,-0.4597963587215485,3.904484601070926,1,4.149999999999999,42.2,10.3,29.85,False,1
J03WMX,2,0:48:44.151000,DFL-OBJ-0000RP,DFL-OBJ-002G89,1.8252671037412573,58.12754568632488,2.17,1.13,-0.29314141283020234,1.8252671037412573,3,0.030000000000001137,32.93,-19.57,33.97,False,1
J03WMX,2,0:40:16.410000,DFL-OBJ-002GKO,DFL-OBJ-002GCR,1.1738824472663387,89.3580573439956,6.24,8.02,3.2240275178992763,1.4504137340772805,0,2.780000000000001,41.74,10.76,31.22,False,1
J03WMX,2,0:40:19.210000,DFL-OBJ-002G89,DFL-OBJ-0027KL,0.5571355310873641,54.35575162013124,12.68,13.78,1.1999396047744255,3.0391117123264815,2,9.18,31.15,21.35,24.82,False,1
J03WMX,2,0:49:52.753000,DFL-OBJ-002GBW,DFL-OBJ-0027KL,6.196789491341462,160.87728842842697,8.51,4.4,-3.543516714998336,6.196789491341462,2,5.219999999999999,51.21,1.29,28.78,False,1
J03WMX,2,0:41:02.650000,DFL-OBJ-J01N65,DFL-OBJ-0027V2,4.422894979535465,84.2148760899818,24.28,14.0,-4.050232025692478,7.687658941446349,3,17.75,58.269999999999996,5.77,-16.25,False,1
J03WMX,2,0:48:37.170000,DFL-OBJ-0000RP,DFL-OBJ-0026ZI,3.1694794525284413,19.784534353236968,12.66,19.38,2.3233741214215065,10.377359972555642,1,6.300000000000001,23.74,-28.76,27.7,False,1
J03WMX,2,0:49:13.690000,DFL-OBJ-0002AU,DFL-OBJ-002GKO,2.240803427344757,172.63262546680875,5.25,6.38,-2.2970879944297518,3.6940086626861093,2,13.719999999999999,17.18,-35.32,20.28,False,1
J03WMX,2,0:49:15.490000,DFL-OBJ-0002AU,DFL-OBJ-J01DVC,2.520396794157618,74.0956057948927,9.44,5.8,-1.7047979076814868,2.520396794157618,3,16.85,18.22,-34.28,17.15,False,1
J03WMX,1,0:00:00.680000,DFL-OBJ-0002F5,DFL-OBJ-000270,4.848504924200861,17.834860438028493,5.94,21.41,5.690601713232139,14.691647286808923,1,32.51,60.95,-8.45,-1.49,False,0
J03WMX,1,0:00:01.560000,DFL-OBJ-0027KL,DFL-OBJ-000270,4.956823579672773,3.812998982995399,7.04,17.68,7.834671508309212,17.586418054851308,1,33.48,66.69,-14.19,-0.52,False,0
J03WMX,1,0:00:16.600000,DFL-OBJ-0002BO,DFL-OBJ-0026PM,3.017018395701289,62.06917816436869,11.18,7.28,1.2580576832228874,8.318954261203746,1,-0.4399999999999977,82.48,29.98,34.44,False,0
J03WMX,1,0:00:22.160000,DFL-OBJ-0027AX,DFL-OBJ-J01B8N,0.9396275858019516,21.754464982712392,7.96,9.69,4.02058565721521,4.569737410398982,3,13.98,56.02,3.52,20.02,False,0
J03WMX,1,0:00:25.320000,DFL-OBJ-0002AU,DFL-OBJ-002G4A,4.985037612696618,44.36784915191655,15.4,21.94,2.108031383799134,7.401216116287918,2,32.46,49.45,3.05,-1.54,False,0
J03WMX,1,0:00:31.280000,DFL-OBJ-0027G0,DFL-OBJ-0028BD,4.849824739101403,0.12449421559941364,2.02,15.91,4.645370322651951,13.479380549565326,1,15.719999999999999,65.03,-12.53,-18.28,False,0
J03WMX,1,0:00:34.200000,DFL-OBJ-0027KL,DFL-OBJ-0028BD,4.916228229039005,18.254199333161992,14.5,23.76,3.0317375107168276,15.068072205826462,0,27.34,72.81,-20.31,-6.66,False,0
J03WMX,1,0:00:37.960000,DFL-OBJ-J017RE,DFL-OBJ-J01BGM,4.938218302181465,11.446459092938584,14.12,13.58,4.601153775723496,10.863116495739149,1,16.49,73.0,-20.5,17.51,False,0
J03WMX,1,0:00:56,DFL-OBJ-0027G0,DFL-OBJ-002G4A,4.804851714673409,4.615360079685617,14.11,16.78,6.168096922030166,8.202859257600366,1,17.74,65.03999999999999,-12.54,-16.26,False,0
J03WMX,1,0:00:57.680000,DFL-OBJ-J01B8N,DFL-OBJ-000270,2.594706149065824,29.701994887084307,9.07,16.08,1.3672145101719135,7.423543628214223,2,32.95,62.769999999999996,-10.27,-1.05,False,0
J03WMX,1,0:01:00.680000,DFL-OBJ-0002F5,DFL-OBJ-0027AX,3.747986125908153,46.53916451965702,2.98,5.4,1.3303267373186645,4.205294282211412,1,23.77,69.66,-17.16,-10.23,False,0
J03WMX,1,0:01:02,DFL-OBJ-0027KL,DFL-OBJ-000270,4.934389526577732,5.226929658180628,9.39,21.84,4.364699822663769,10.159020622087546,0,25.630000000000003,78.42,-25.92,-8.37,False,0
J03WMX,1,0:01:08.040000,DFL-OBJ-0027KL,DFL-OBJ-0028BD,4.828881858153083,3.7942703184850712,3.37,18.06,5.879205466360606,16.65134829375687,1,27.13,88.16,-35.66,-6.87,False,0
J03WMX,1,0:01:09.840000,DFL-OBJ-0002F5,DFL-OBJ-0028BD,4.976394276984087,43.99013836963174,11.22,9.38,4.202068414283524,8.343584361651772,1,27.29,80.52,-28.02,-6.71,False,0
J03WMX,1,0:01:14.480000,DFL-OBJ-0027G0,DFL-OBJ-00012X,4.8120266000927305,2.7073972891421234,11.69,9.53,6.226781530027945,6.148406297570127,1,6.75,65.98,-13.48,-27.25,False,0
J03WMX,1,0:01:16,DFL-OBJ-0002F5,DFL-OBJ-0027AX,3.2289317118824292,15.349482586113904,9.9,11.35,3.113878746251609,7.546025443900914,1,16.83,66.7,-14.2,-17.17,False,0
J03WMX,1,0:01:29.640000,DFL-OBJ-0002F5,DFL-OBJ-0027AX,4.9597177339038145,9.267759901334738,4.95,16.61,4.9855410110238685,13.706122719427256,1,22.36,72.28999999999999,-19.79,-11.64,False,0
J03WMX,1,0:01:33.640000,DFL-OBJ-002GKO,DFL-OBJ-0027G6,4.589259199478714,30.601974865082983,22.08,17.05,1.0170981958343694,10.287764577399699,0,18.85,51.03,-1.47,15.15,False,0
J03WMX,1,0:01:36.560000,DFL-OBJ-J01BGM,DFL-OBJ-J017RE,4.982218381404009,76.15684819525133,31.52,24.48,2.7744409145079496,8.139692868898676,0,6.170000000000002,22.84,-29.66,27.83,False,0
J03WMX,1,0:01:37.280000,DFL-OBJ-J01BGM,DFL-OBJ-J017RE,4.141654258868069,72.00232577806982,28.4,24.78,0.5582999196499117,10.380390166077577,0,3.4499999999999993,17.479999999999997,-35.02,30.55,False,0
J03WMX,1,0:01:37.560000,DFL-OBJ-J01BGM,DFL-OBJ-J017RE,4.072959611879305,70.79354183206229,26.61,24.04,0.26104987380100253,11.294551783935471,0,2.4499999999999993,15.590000000000003,-36.91,31.55,False,0
J03WMX,1,0:01:59.760000,DFL-OBJ-0002DR,DFL-OBJ-0027AX,4.939817810405565,12.335195988795016,14.3,21.34,3.5844599926248333,11.563087822895755,0,33.84,102.13,-49.63,0.16,False,0
J03WMX,1,0:02:02.640000,DFL-OBJ-0027KL,DFL-OBJ-000270,4.970191143205661,46.832540713252335,18.16,24.35,4.512202030329468,13.673514544549253,0,14.21,93.95,-41.45,-19.79,False,0
J03WMX,1,0:02:04.040000,DFL-OBJ-0027G0,DFL-OBJ-0028BD,3.9698866482558386,33.278532691286934,9.16,20.5,3.8797437092682783,12.418296984691578,1,0.4200000000000017,74.28,-21.78,-33.58,False,0
J03WMX,1,0:02:05.080000,DFL-OBJ-0027G0,DFL-OBJ-0028BD,2.1064187617850374,13.92598873644788,14.18,7.23,-0.8710213072675016,8.583355987025124,1,1.259999999999998,75.28,-22.78,-32.74,False,0
J03WMX,1,0:02:06.360000,DFL-OBJ-0002F5,DFL-OBJ-002GKO,4.034166580596293,13.616507226917355,11.38,22.41,6.739936442282404,6.746265633667264,1,13.010000000000002,80.64,-28.14,-20.99,False,0
J03WMX,1,0:02:07.040000,DFL-OBJ-0027G0,DFL-OBJ-000270,3.7271034329623847,53.99083033562916,9.55,1.46,2.87775801181833,4.450808915242263,1,6.91,81.64,-29.14,-27.09,False,0
J03WMX,1,0:02:09.760000,DFL-OBJ-00012X,DFL-OBJ-0000IA,4.4510335878310325,28.868960509003365,12.29,13.63,-0.12698739484582777,9.809164082632117,1,3.1400000000000006,37.18,-15.32,-30.86,False,0
J03WMX,1,0:02:10.840000,DFL-OBJ-002GKO,DFL-OBJ-0002F5,1.8704277585621953,67.09189386132797,10.85,15.72,-0.48292022185898564,10.435540235177093,3,9.04,27.17,-25.33,-24.96,False,0
J03WMX,1,0:02:11.440000,DFL-OBJ-0027AX,DFL-OBJ-0002F5,4.97453515416265,20.659873278072336,3.88,18.77,5.46661229047221,7.1589105316381785,3,13.93,23.86,-28.64,-20.07,False,0
J03WMX,1,0:02:12.720000,DFL-OBJ-002GKO,DFL-OBJ-0002F5,2.827949787390151,53.31154540804936,23.94,19.34,0.19738945957898046,3.167459549860105,3,13.059999999999999,18.68,-33.82,-20.94,False,0
J03WMX,1,0:02:13.640000,DFL-OBJ-002GKO,DFL-OBJ-0027KL,1.358712625980932,82.9930227740536,28.14,26.15,1.8712825956288608,5.834732213221101,2,16.84,13.259999999999998,-39.24,-17.16,False,0
J03WMX,1,0:02:14.680000,DFL-OBJ-0027KL,DFL-OBJ-002GKO,1.5161134522191968,95.96170694712171,20.14,19.7,-2.1019042300576856,10.664192421369751,2,18.79,98.88,-46.38,-15.21,False,0
J03WMX,1,0:02:17.280000,DFL-OBJ-0002F5,DFL-OBJ-000270,4.205948168962619,15.17435005347921,6.56,10.83,0.6571090351470699,7.268906382668578,3,15.05,92.35,-39.85,-18.95,False,0
J03WMX,1,0:02:19.240000,DFL-OBJ-0027G0,DFL-OBJ-0028BD,4.908003667480294,11.222563163062977,2.61,16.69,4.430439927057128,7.861558369687274,1,2.969999999999999,95.27000000000001,-42.77,-31.03,False,0
J03WMX,1,0:02:20.800000,DFL-OBJ-0027KL,DFL-OBJ-0028BD,4.890010224938182,8.390779701253065,3.76,15.19,4.792630709891319,5.297112420932749,0,7.690000000000001,102.15,-49.65,-26.31,False,0
J03WMX,1,0:02:23.560000,DFL-OBJ-0027B6,DFL-OBJ-0027G6,2.950542323031479,5.251355782247615,14.8,2.8,0.618955318325034,3.0477696763371087,2,18.05,35.29,-17.21,-15.95,False,0
J03WMX,1,0:02:23.840000,DFL-OBJ-002G4A,DFL-OBJ-0002AU,3.047261065284692,54.74965802603166,6.62,4.84,1.8953246190442197,5.189932562182286,3,16.5,31.32,-21.18,-17.5,False,0
J03WMX,1,0:02:25.160000,DFL-OBJ-0002AU,DFL-OBJ-002G4A,1.5349592828475933,37.40677968961773,11.87,9.62,0.23974846672045358,3.4054368295418405,2,15.260000000000002,75.13,-22.63,-18.74,False,0
J03WMX,1,0:02:26.280000,DFL-OBJ-0002F5,DFL-OBJ-002GKO,2.6943088167468843,83.32046198478797,2.21,8.68,-0.04361245022565963,3.9306615219324077,3,15.04,81.0,-28.5,-18.96,False,0
J03WMX,1,0:02:27.160000,DFL-OBJ-J01B8N,DFL-OBJ-J01BGM,4.93235237995016,35.197053922005225,6.24,19.0,5.030030604533257,5.503135469893505,3,21.45,75.71000000000001,-23.21,-12.55,False,0
J03WMX,1,0:02:29.280000,DFL-OBJ-J01B8N,DFL-OBJ-J01BGM,1.04235310715707,79.44052934405501,1.73,14.66,1.0704775245705078,2.5057134712492575,1,20.15,69.68,-17.18,-13.85,False,0
J03WMX,1,0:02:30.080000,DFL-OBJ-002G4A,DFL-OBJ-J01B8N,1.8445866745696724,30.707445394751495,12.62,3.23,-0.15353835591010612,4.451988319840924,4,18.259999999999998,36.379999999999995,-16.12,-15.74,False,0
J03WMX,1,0:02:40.640000,DFL-OBJ-0027G0,DFL-OBJ-0028BD,4.86679566039093,17.218711734378513,1.72,14.01,3.4779980653805054,14.692719285414798,1,3.460000000000001,64.9,-12.4,-30.54,False,0
J03WMX,1,0:02:49.400000,DFL-OBJ-0027G0,DFL-OBJ-0028BD,4.889590984939334,23.773291819680885,15.72,12.56,6.843747231489683,8.480212261494401,2,19.009999999999998,68.16,-15.66,-14.99,False,0
J03WMX,1,0:02:55.520000,DFL-OBJ-0002F5,DFL-OBJ-0027AX,4.999879998559963,23.038647147642344,3.25,14.57,3.5727337023278616,16.944261565497623,1,29.75,79.65,-27.15,-4.25,False,0
J03WMX,1,0:03:00.120000,DFL-OBJ-J01APO,DFL-OBJ-0002BO,0.962548700066654,25.58673472890735,16.81,15.19,2.445947283038003,5.201470945799854,1,11.829999999999998,57.18,-4.68,22.17,False,0
J03WMX,1,0:03:01.320000,DFL-OBJ-J01APO,DFL-OBJ-002GKO,3.841783440018451,58.18918620854633,24.46,23.4,1.8510258942910707,5.848760552458956,1,7.800000000000001,52.5,0.0,26.2,False,0
J03WMX,1,0:03:10.680000,DFL-OBJ-0027AX,DFL-OBJ-0002F5,2.4462420158275426,44.71764274318602,23.17,22.75,1.7750539950112065,5.281855734493322,1,29.7,67.77,15.27,-4.3,False,0
J03WMX,1,0:03:12.760000,DFL-OBJ-0028BD,DFL-OBJ-0027KL,4.427696918263491,53.41755402937834,26.02,21.9,4.778569067428604,5.186231772684288,1,16.24,64.98,12.48,-17.76,False,0
J03WMX,1,0:03:16,DFL-OBJ-0028BD,DFL-OBJ-0027KL,2.264332131115047,79.37354284811065,15.25,14.96,1.3728831295548105,8.042841537665653,1,6.239999999999998,48.12,-4.38,-27.76,False,0
J03WMX,1,0:03:16.280000,DFL-OBJ-0028BD,DFL-OBJ-0027KL,1.9577793542685014,82.67686272540554,15.28,14.07,1.0912115612351851,6.764621201516016,1,5.940000000000001,46.980000000000004,-5.52,-28.06,False,0
J03WMX,1,0:03:18.440000,DFL-OBJ-0028BD,DFL-OBJ-0027KL,0.724499827467198,56.285881524162505,26.64,24.85,0.7656914473430367,1.839836949297409,0,2.0100000000000016,34.45,-18.05,-31.99,False,0
J03WMX,1,0:03:19.400000,DFL-OBJ-0002AU,DFL-OBJ-0028BD,1.8738729946290378,29.251862705278658,31.43,20.33,-2.7553043484151174,19.15952243663709,0,2.030000000000001,78.51,-26.01,-31.97,False,0
J03WMX,1,0:03:25.040000,DFL-OBJ-J01B8N,DFL-OBJ-002G4A,4.33,12.991819077141187,20.91,21.77,0.7331681074467844,10.507949371785152,0,29.990000000000002,81.23,-28.73,-4.01,False,0
J03WMX,1,0:03:29.200000,DFL-OBJ-J017RE,DFL-OBJ-J01BGM,4.910885867132327,4.579805595867891,7.33,13.2,3.400197427282332,18.0212152753359,0,21.5,88.67,-36.17,12.5,False,0
J03WMX,1,0:03:30.680000,DFL-OBJ-0002F5,DFL-OBJ-000270,4.958154898750139,5.3345654972971674,12.37,15.69,4.186869837128626,8.933784192602818,0,33.36,76.07,-23.57,0.64,False,0
J03WMX,1,0:03:34.200000,DFL-OBJ-J01B8N,DFL-OBJ-002GKO,4.892739518919846,28.316580356430332,13.26,13.29,4.805353144333872,8.863842281990358,3,14.629999999999999,69.72,-17.22,19.37,False,0
J03WMX,1,0:03:36.800000,DFL-OBJ-J01APO,DFL-OBJ-0002BO,4.8283019789569925,42.18444331578875,10.33,12.4,5.519245763238549,8.452526249589528,1,2.5,59.78,-7.28,31.5,False,0
J03WMX,1,0:04:20.480000,DFL-OBJ-0027B6,DFL-OBJ-0027G6,4.950656522119062,24.049623311692233,19.47,25.58,1.949427590250763,15.087852729928137,0,11.02,83.58,31.08,22.98,False,0
J03WMX,1,0:04:21.360000,DFL-OBJ-0002BO,DFL-OBJ-0026PM,4.8914721710339935,30.974117752304533,6.66,20.16,5.527955655862808,16.810859585398955,0,0.14000000000000057,68.36,15.86,33.86,False,0
J03WMX,1,0:04:22.640000,DFL-OBJ-J01BGM,DFL-OBJ-J01APO,2.2858040160958653,23.54283208242238,16.24,14.82,-0.2848461464060881,9.43905185916467,2,0.8800000000000026,53.92,1.42,33.12,False,0
J03WMX,1,0:04:36.080000,DFL-OBJ-0027G6,DFL-OBJ-J01D1W,2.444769927825521,127.74680538727472,21.1,19.61,0.7757453235252243,3.1847291878588364,2,15.850000000000001,20.78,31.72,18.15,False,0
J03WMX,1,0:05:02.600000,DFL-OBJ-0026PM,DFL-OBJ-002GKO,0.7963039620647411,11.419619040915435,14.24,16.8,1.0357892849224577,3.99699887415546,1,9.879999999999999,8.93,43.57,24.12,False,0
J03WMX,1,0:05:03.840000,DFL-OBJ-0000IA,DFL-OBJ-J01BGM,2.1603703386225277,62.211726576721254,22.09,13.63,2.8654215935165883,7.0766446851597715,2,1.009999999999998,9.68,42.82,32.99,False,0
J03WMX,1,0:05:04.880000,DFL-OBJ-002GKO,DFL-OBJ-0000IA,1.474923726841493,40.170710669795156,19.98,11.08,4.853219062335089,3.52018465424756,3,4.43,88.56,36.06,29.57,False,0
J03WMX,1,0:05:05.760000,DFL-OBJ-000270,DFL-OBJ-J017RE,1.6241305366256735,143.56806626634537,14.8,14.73,0.518019429563209,6.434788263804801,4,5.399999999999999,78.33,25.83,28.6,False,0
J03WMX,1,0:05:06.040000,DFL-OBJ-J017RE,DFL-OBJ-000270,1.6060510577188996,1.4954077770283323,17.72,18.18,0.10046769538326505,6.4699381759024535,0,3.9299999999999997,29.15,23.35,30.07,False,0
J03WMX,1,0:05:10,DFL-OBJ-0027KL,DFL-OBJ-0027AX,4.85477084938105,26.47450810908414,13.11,23.87,3.829600363762622,11.710781357364674,0,22.16,49.82,2.68,11.84,False,0
J03WMX,1,0:05:13,DFL-OBJ-0027G0,DFL-OBJ-0028BD,4.908054604423223,17.022945758913846,6.6,23.22,4.422975841046927,17.113182053610018,0,15.02,49.47,3.03,-18.98,False,0
J03WMX,1,0:05:14.760000,DFL-OBJ-0002AU,DFL-OBJ-00012X,2.1523243250030877,17.394406636984524,9.41,19.43,3.6759546145087105,13.176539758221809,0,4.239999999999998,34.47,18.03,-29.76,False,0
J03WMX,1,0:05:18.880000,DFL-OBJ-0027G0,DFL-OBJ-0028BD,4.970492933301486,9.406018165879859,4.08,18.74,5.025558405807993,11.343125671524582,0,3.5,53.75,-1.25,-30.5,False,0
J03WMX,1,0:05:26.600000,DFL-OBJ-J01APO,DFL-OBJ-J01BGM,4.906668931158897,17.267471318015872,2.56,19.8,5.7436198685109,15.406897805853063,0,5.940000000000001,57.54,-5.04,28.06,False,0
J03WMX,1,0:05:33.160000,DFL-OBJ-J017RE,DFL-OBJ-000270,4.975319085244684,67.97623570342073,13.25,8.79,2.54022858288951,12.110829864216571,1,26.67,58.89,-6.39,7.33,False,0
J03WMX,1,0:05:37.880000,DFL-OBJ-0027AX,DFL-OBJ-0002F5,4.998119646427043,41.767237766112295,18.27,17.66,1.2105390560399254,5.508575133371606,3,16.5,50.86,-1.64,-17.5,False,0
J03WMX,1,0:05:40.040000,DFL-OBJ-0027G0,DFL-OBJ-0027AX,0.4401136216933079,54.570554182322184,5.48,14.57,6.325094723984042,11.852615745058136,2,5.829999999999998,55.05,-2.55,-28.17,False,0
J03WMX,1,0:05:40.320000,DFL-OBJ-0027G6,DFL-OBJ-0027AX,4.753914176760032,126.57846786653005,13.08,11.76,1.8233553875486752,7.080861529503314,3,9.370000000000001,52.84,-0.34,-24.63,False,0
J03WMX,1,0:05:41.160000,DFL-OBJ-0027KL,DFL-OBJ-0027AX,4.8859492424707,161.6183055266724,0.51,8.67,-1.8633937433030545,9.66566086721441,1,5.82,57.71,-5.21,-28.18,False,0
J03WMX,1,0:05:43.960000,DFL-OBJ-J01B8N,DFL-OBJ-000270,4.890092023673993,3.3065775050782023,10.05,14.72,4.528295689146322,5.182817766427834,2,23.18,56.97,-4.47,-10.82,False,0
J03WMX,1,0:05:49.240000,DFL-OBJ-0026PM,DFL-OBJ-0002BO,4.967172233776475,9.021170713336586,3.71,10.93,2.1568978879628653,9.399920212427336,1,3.3500000000000014,37.019999999999996,15.48,30.65,False,0
J03WMX,1,0:05:51.480000,DFL-OBJ-J01APO,DFL-OBJ-J01BGM,4.964242137527138,11.913092284856871,4.38,15.33,4.226345248162646,12.23592252345527,1,8.989999999999998,46.2,6.3,25.01,False,0
J03WMX,1,0:05:53.680000,DFL-OBJ-0002F5,DFL-OBJ-0027AX,2.9953630831670472,11.395583064094374,11.23,7.43,-0.5123773180755553,6.836446445339859,2,25.66,47.03,5.47,8.34,False,0
J03WMX,1,0:06:01.680000,DFL-OBJ-002GKO,DFL-OBJ-0000IA,1.2146192819151165,45.33679808684952,16.45,16.45,4.868552996335438,3.640714215645056,4,16.18,75.13,22.63,17.82,False,0
J03WMX,1,0:06:02.240000,DFL-OBJ-J01APO,DFL-OBJ-002GKO,2.239330257018825,0.6533683595709312,9.15,13.91,2.4876189528604553,6.268907400815553,1,20.28,31.51,20.99,13.72,False,0
J03WMX,1,0:06:02.760000,DFL-OBJ-0000IA,DFL-OBJ-002GKO,2.4890158697766482,112.18196626322029,15.11,16.49,-2.4314316569881465,5.501018087590697,2,18.52,28.25,24.25,15.48,False,0
J03WMX,1,0:06:06.080000,DFL-OBJ-J01APO,DFL-OBJ-J01BGM,4.67367093407313,89.75079098450148,5.14,13.17,0.3577546111453911,6.189442624340257,2,18.64,35.72,16.78,15.36,False,0
J03WMX,1,0:06:12.760000,DFL-OBJ-0026PM,DFL-OBJ-0002BO,1.2182364302548179,49.30866491652468,17.37,14.93,0.30478203791315106,6.346179953326253,1,0.21999999999999886,32.64,19.86,33.78,False,0
J03WMX,1,0:06:13.480000,DFL-OBJ-0026PM,DFL-OBJ-0002BO,1.082958909654469,11.349909692414483,19.64,19.35,-0.14212438416910056,5.8780438923165566,1,1.8500000000000014,36.04,16.46,32.15,False,0
J03WMX,1,0:06:15.160000,DFL-OBJ-J017RE,DFL-OBJ-000270,3.401646660075087,9.841605129811642,4.24,21.07,6.5927787260146395,12.438171087422782,1,8.440000000000001,53.82,-1.32,25.56,False,0
J03WMX,1,0:06:16.400000,DFL-OBJ-0002F5,DFL-OBJ-0002BO,4.010710660219706,33.62000528431802,15.61,15.04,5.089439807281715,7.043138504956437,1,9.48,46.42,6.08,24.52,False,0
J03WMX,1,0:06:19.920000,DFL-OBJ-0027KL,DFL-OBJ-0027AX,4.924753800952896,57.50150233575573,9.11,14.86,3.3113353962174097,13.530003695490995,1,27.7,62.519999999999996,-10.02,6.3,False,0
J03WMX,1,0:06:21.280000,DFL-OBJ-0002F5,DFL-OBJ-000270,4.928326287899372,2.6381619962779674,8.36,16.5,2.0618344185258075,7.575466982305447,2,23.33,56.730000000000004,-4.23,10.67,False,0
J03WMX,1,0:06:26.440000,DFL-OBJ-0027G0,DFL-OBJ-0028BD,4.944906470298504,26.420786398588852,5.13,17.67,4.890704582937593,13.618520477643672,1,10.86,49.11,3.39,-23.14,False,0
J03WMX,1,0:06:27.960000,DFL-OBJ-0002AU,DFL-OBJ-00012X,4.92061987964931,6.036880331122825,1.66,12.67,3.604816950743679,12.087452171570318,0,1.6700000000000017,34.41,18.09,-32.33,False,0
J03WMX,1,0:06:31.320000,DFL-OBJ-0002F5,DFL-OBJ-000270,3.4889683288903615,57.54882841869999,10.95,17.65,0.6544123318832173,7.146425680016548,1,20.89,38.36,14.14,-13.11,False,0
J03WMX,1,0:06:32.040000,DFL-OBJ-0002AU,DFL-OBJ-00012X,2.352870587176438,70.17728800327639,22.72,23.88,1.2701832825188852,3.3034073318317887,2,19.130000000000003,31.61,20.89,-14.87,False,0
J03WMX,1,0:06:33.440000,DFL-OBJ-002GKO,DFL-OBJ-0002AU,0.6637017402418048,141.892606868517,7.99,10.05,0.0907456493954914,6.30064282434737,3,24.86,76.82,24.32,-9.14,False,0
J03WMX,1,0:06:37.120000,DFL-OBJ-J01BGM,DFL-OBJ-J01APO,4.841456392450521,170.24646419900836,22.48,5.11,4.943297893639455,5.50129075763134,2,26.759999999999998,65.96000000000001,13.46,7.24,False,0
J03WMX,1,0:06:37.800000,DFL-OBJ-0027AX,DFL-OBJ-J017RE,4.461535610078664,111.30586594124352,11.88,5.62,3.3442858535592146,5.1412547106713165,4,32.17,57.81,5.31,-1.83,False,0
J03WMX,1,0:06:42.480000,DFL-OBJ-0002DR,DFL-OBJ-0028BD,4.939605247385668,17.111276750506644,0.75,24.05,6.554028964756193,14.006759082671481,0,30.84,80.42,-27.92,-3.16,False,0
J03WMX,1,0:06:49.280000,DFL-OBJ-0000IA,DFL-OBJ-00012X,4.8764331226830135,46.813095266409384,6.94,21.1,3.132510114014424,17.057696210215493,0,1.1799999999999997,31.44,21.06,-32.82,False,0
J03WMX,1,0:06:53.800000,DFL-OBJ-0027B6,DFL-OBJ-0026PM,4.993215396916099,13.727064803353034,8.06,20.02,3.376205657416258,5.8100344233059396,0,29.259999999999998,82.13,29.63,-4.74,False,0
J03WMX,1,0:06:55.080000,DFL-OBJ-0026PM,DFL-OBJ-0027B6,0.6648308055437869,168.23654840002195,11.21,8.85,1.9132726193932017,10.468027512382646,1,27.48,21.53,30.97,-6.52,False,0
J03WMX,1,0:06:56.320000,DFL-OBJ-002G4A,DFL-OBJ-0002F5,4.914275124573308,8.735005481276934,2.8,14.98,4.6577659392044675,7.631631542468491,2,21.43,74.87,22.37,-12.57,False,0
J03WMX,1,0:07:01.120000,DFL-OBJ-0002BO,DFL-OBJ-0027G6,4.94264099444821,40.09340072025424,19.57,27.01,3.0701802309595316,15.801344879471495,0,13.14,73.51,21.01,20.86,False,0
J03WMX,1,0:07:18.400000,DFL-OBJ-0027KL,DFL-OBJ-0028BD,4.778336530634903,0.15761529904155627,11.82,15.49,6.995268065420386,9.009084304189855,0,29.09,67.0,-14.5,-4.91,False,0
J03WMX,1,0:07:19.640000,DFL-OBJ-0027AX,DFL-OBJ-0027KL,1.8698663053812166,18.839989359979263,7.99,17.9,7.068018129081916,5.512640020897428,3,32.86,43.49,-9.01,-1.14,False,0
J03WMX,1,0:07:21.200000,DFL-OBJ-002G4A,DFL-OBJ-0000IA,4.091185647217687,45.92135570181264,20.82,17.68,0.391505030646786,5.984989557217289,1,26.2,46.65,-5.85,-7.8,False,0
J03WMX,1,0:07:22.800000,DFL-OBJ-0028BD,DFL-OBJ-0027G0,4.874628190949541,70.81120284400724,17.06,13.13,7.131118954853801,5.756083738098326,3,23.7,31.85,-20.65,-10.3,False,0
J03WMX,1,0:07:26.320000,DFL-OBJ-002G4A,DFL-OBJ-0002F5,1.7039366185395521,71.63954723674834,28.96,27.48,-0.28727940083120795,6.163975989570371,1,14.36,14.329999999999998,-38.17,-19.64,False,0
J03WMX,1,0:07:29.480000,DFL-OBJ-0000IA,DFL-OBJ-002G4A,0.4501110973970752,53.429827212795956,13.8,12.25,0.2900402419791273,11.618713353895947,0,2.6099999999999994,98.83,-46.33,-31.39,False,0
J03WMX,1,0:07:37.680000,DFL-OBJ-J01B8N,DFL-OBJ-0027AX,4.959616920690549,73.22621395714467,12.46,19.86,3.0686861998991954,6.2130346852403795,2,24.8,76.71000000000001,-24.21,-9.2,False,0
J03WMX,1,0:07:39.040000,DFL-OBJ-0000IA,DFL-OBJ-00012X,4.683097265699271,20.430364317963566,16.7,12.91,6.00251163346718,12.905084269387782,1,4.890000000000001,63.16,-10.66,-29.11,False,0
J03WMX,1,0:07:41.800000,DFL-OBJ-0002AU,DFL-OBJ-J01D1W,4.900367333170035,88.73779566924142,25.16,18.15,3.576668343507934,5.9503025133181255,2,18.53,48.89,3.61,-15.47,False,0
J03WMX,1,0:07:46.920000,DFL-OBJ-0026PM,DFL-OBJ-0002BO,4.904222670311779,66.43637494344091,15.57,13.39,5.263854869262512,12.4757244278639,1,15.61,17.57,34.93,18.39,False,0
J03WMX,1,0:08:42.080000,DFL-OBJ-002G4A,DFL-OBJ-0000IA,4.817146458226073,28.374866446091154,3.87,17.16,4.289329818235887,11.685546628207,1,29.39,59.69,7.19,-4.61,False,0
J03WMX,1,0:08:42.640000,DFL-OBJ-0027AX,DFL-OBJ-J01B8N,3.424748165924029,3.6349646202195975,7.63,18.47,4.0985255110683925,5.946974020457799,2,33.43,52.43,-0.07,-0.57,False,0
J03WMX,1,0:08:43.160000,DFL-OBJ-0027AX,DFL-OBJ-J01B8N,1.397891269019161,11.9955065549529,11.33,21.02,3.844932923170346,5.533760023709015,2,33.27,53.78,1.28,-0.73,False,0
J03WMX,1,0:08:43.560000,DFL-OBJ-J01B8N,DFL-OBJ-0027AX,0.5032891812864649,146.12580438382747,16.92,15.87,2.23650521933174,6.288982429614507,2,33.26,50.11,2.39,-0.74,False,0
J03WMX,1,0:08:44.280000,DFL-OBJ-0000IA,DFL-OBJ-002G4A,1.3017296186228537,129.32123763478663,6.98,10.1,-0.6042061246525249,3.047950130825634,3,28.42,47.49,5.01,-5.58,False,0
J03WMX,1,0:08:44.600000,DFL-OBJ-002G4A,DFL-OBJ-0000IA,1.172902382979931,12.810590584162894,11.65,9.49,0.3105244853183825,5.419151225053607,2,27.29,55.84,3.34,-6.71,False,0
J03WMX,1,0:08:46.520000,DFL-OBJ-J01BGM,DFL-OBJ-0026PM,2.4263758983306762,15.227018858151483,8.8,17.46,4.94206870257123,7.691430296115281,1,29.39,47.980000000000004,-4.52,4.61,False,0
J03WMX,1,0:08:48.880000,DFL-OBJ-0026PM,DFL-OBJ-002G4A,3.0297854709533474,111.00766600168659,8.93,2.47,2.6717856363899393,5.448348373589927,4,32.04,61.07,-8.57,1.96,False,0
J03WMX,1,0:08:51.400000,DFL-OBJ-0000IA,DFL-OBJ-002GKO,4.614986457184896,32.34295384594493,15.71,12.9,1.7025536833069022,5.373360214986521,3,32.81,43.94,8.56,-1.19,False,0
J03WMX,1,0:08:52.360000,DFL-OBJ-0027B6,DFL-OBJ-0000IA,0.45276925690687014,31.120363114580808,2.63,4.47,2.973637111827263,4.253527947480774,1,33.4,64.35,11.85,0.6,False,0
J03WMX,1,0:08:52.960000,DFL-OBJ-002GKO,DFL-OBJ-0000IA,1.1454256850621085,20.640469195095477,5.73,4.94,2.4974641401889857,4.760168064259917,3,31.73,63.42,10.92,2.27,False,0
J03WMX,1,0:08:54.400000,DFL-OBJ-0026PM,DFL-OBJ-002GKO,4.872299251893299,63.824477581943604,16.97,3.65,4.42649802969969,6.146421723246787,1,31.85,45.03,7.47,-2.15,False,0
J03WMX,1,0:09:15.920000,DFL-OBJ-0027B6,DFL-OBJ-0027G6,4.908543572181059,45.399978713836646,21.28,25.45,3.6762506082838775,14.376230382127295,0,12.440000000000001,92.25999999999999,39.76,21.56,False,0
J03WMX,1,0:09:19.080000,DFL-OBJ-J01BGM,DFL-OBJ-J01APO,2.5312645061312735,39.501886058849465,19.01,19.99,2.1448842320121906,14.274522759097762,1,2.4800000000000004,66.09,13.59,31.52,False,0
J03WMX,1,0:09:21.120000,DFL-OBJ-002G4A,DFL-OBJ-0027G6,4.987684833667821,25.524764328720295,6.15,15.13,5.656201704210564,8.410517225474308,1,12.18,81.44,28.94,21.82,False,0
J03WMX,1,0:09:27.080000,DFL-OBJ-002G4A,DFL-OBJ-0000IA,4.974746224683223,91.55799196699878,13.82,4.22,3.1105819780008392,8.228468873368849,2,14.46,90.96000000000001,38.46,19.54,False,0
J03WMX,1,0:09:30.280000,DFL-OBJ-0002BO,DFL-OBJ-0026PM,4.834397583980861,21.14402062570669,4.29,14.98,3.904178803342182,6.952157938367052,1,6.800000000000001,87.64,35.14,27.2,False,0
J03WMX,1,0:09:31.200000,DFL-OBJ-0026PM,DFL-OBJ-0002BO,0.7111961754677867,49.575291447855044,19.13,8.76,3.1579112013553834,5.228546643188714,2,8.510000000000002,19.310000000000002,33.19,25.49,False,0
J03WMX,1,0:09:31.840000,DFL-OBJ-J01B8N,DFL-OBJ-002G4A,0.6795586803212811,177.88244228336978,13.88,8.72,1.3344595262166328,6.000741620833215,2,10.64,25.06,27.44,23.36,False,0
J03WMX,1,0:09:32.560000,DFL-OBJ-002G4A,DFL-OBJ-J01B8N,0.7357309290766568,132.40724535979984,11.24,12.29,0.06871486761757084,5.103273459261223,3,8.350000000000001,79.68,27.18,25.65,False,0
J03WMX,1,0:09:36.120000,DFL-OBJ-002G4A,DFL-OBJ-J01B8N,3.4424555189573667,122.67445501349312,2.17,4.51,-0.8134338754808734,4.4138985035906755,2,9.04,81.9,29.4,24.96,False,0
J03WMX,1,0:09:37.600000,DFL-OBJ-0026PM,DFL-OBJ-002G4A,4.928366869460919,81.50991885891315,7.65,4.23,1.7721884102848384,10.393170834735663,1,2.9299999999999997,24.25,28.25,31.07,False,0
J03WMX,1,0:09:41.280000,DFL-OBJ-J01APO,DFL-OBJ-J01BGM,4.953645122533506,31.750390135441588,9.04,16.61,2.031612114737673,10.604461325310211,1,8.16,39.95,12.55,25.84,False,0
J03WMX,1,0:09:43.400000,DFL-OBJ-J017RE,DFL-OBJ-000270,4.861409260697972,21.722768383789074,9.97,16.91,4.2623228514313904,13.329763688828097,0,18.77,54.05,-1.55,15.23,False,0
J03WMX,1,0:09:48.680000,DFL-OBJ-0027G0,DFL-OBJ-00012X,4.920162598939187,4.49639803351903,1.83,16.92,5.035989466058037,10.465533908979513,0,6.0,45.45,7.05,-28.0,False,0
J03WMX,1,0:09:53.880000,DFL-OBJ-J017RE,DFL-OBJ-J01BGM,4.8859492424707,7.492865157254608,9.83,19.32,3.9735679861582374,12.478080781915143,1,33.06,67.96000000000001,-15.46,-0.94,False,0
J03WMX,1,0:09:57,DFL-OBJ-0027KL,DFL-OBJ-0028BD,4.853339056773182,14.43449666725163,3.67,14.23,4.314220567379931,10.00524862259804,0,21.810000000000002,73.3,-20.8,-12.19,False,0
J03WMX,1,0:10:08.560000,DFL-OBJ-J017RE,DFL-OBJ-0027AX,4.864740486398015,33.43211108337686,6.83,11.27,4.778208553675196,12.123646316187221,1,31.54,71.9,-19.4,2.46,False,0
J03WMX,1,0:10:14.960000,DFL-OBJ-0027G0,DFL-OBJ-00012X,4.832649376894624,49.018399433815624,11.16,4.69,4.859985837876117,6.108158478625125,0,3.3599999999999994,55.71,-3.21,-30.64,False,0
J03WMX,1,0:10:18.320000,DFL-OBJ-0027KL,DFL-OBJ-0028BD,4.914346345140928,17.482383950367645,12.25,18.21,6.9059618249943995,8.894026084962873,0,15.8,64.06,-11.56,-18.2,False,0
J03WMX,1,0:10:24.480000,DFL-OBJ-J01APO,DFL-OBJ-J01BGM,4.982569618178958,56.047459021913525,21.3,26.26,3.0714742347449353,10.581989415984125,0,12.399999999999999,52.29,0.21,21.6,False,0
J03WMX,1,0:10:27.040000,DFL-OBJ-0027G6,DFL-OBJ-0002BO,4.968148548503757,10.10257681281621,7.48,10.75,3.714315641509094,5.159263513332112,1,0.9600000000000009,38.56,13.94,33.04,False,0
J03WMX,1,0:10:28.040000,DFL-OBJ-J01APO,DFL-OBJ-002G4A,3.8112071578438256,15.136072845324684,5.9,5.93,3.9331531168589406,7.255811463923245,2,11.43,36.07,16.43,22.57,False,0
J03WMX,1,0:10:29.200000,DFL-OBJ-0026PM,DFL-OBJ-0027B6,4.606788469204984,14.239774940142846,4.16,18.57,2.8361643729231356,5.304573498406822,2,2.870000000000001,27.6,24.9,31.13,False,0
J03WMX,1,0:10:30.320000,DFL-OBJ-0026PM,DFL-OBJ-0027B6,0.8914033879226607,13.075169994389778,10.7,13.38,2.0429081570280614,3.806152913375917,2,2.870000000000001,28.77,23.73,31.13,False,0
J03WMX,1,0:10:31.720000,DFL-OBJ-0027G6,DFL-OBJ-002G4A,4.655598779963756,56.23914345948723,5.24,5.54,0.3289028240693326,8.055017070124682,2,12.850000000000001,33.92,18.58,21.15,False,0
J03WMX,1,0:10:32.560000,DFL-OBJ-0027G6,DFL-OBJ-0027AX,4.807598152924181,21.604228419461837,14.33,14.72,7.737174540020139,5.308747498233458,2,14.620000000000001,35.269999999999996,17.23,19.38,False,0
J03WMX,1,0:10:32.880000,DFL-OBJ-0027AX,DFL-OBJ-0027G6,2.49098374141623,1.240308238719269,10.0,13.43,7.354560010309564,7.177220910631078,5,18.25,68.85,16.35,15.75,False,0
J03WMX,1,0:10:33.640000,DFL-OBJ-002GKO,DFL-OBJ-0000IA,3.3266199061509854,25.78159424361332,0.73,13.09,3.3341208161813496,5.070788893259117,3,19.740000000000002,76.03,23.53,14.26,False,0
J03WMX,1,0:10:34.960000,DFL-OBJ-0000IA,DFL-OBJ-002GKO,0.775241897732574,93.94053616984131,18.74,15.15,0.9203257690797292,4.253527947480773,3,17.05,26.93,25.57,16.95,False,0
J03WMX,1,0:10:35.960000,DFL-OBJ-0026PM,DFL-OBJ-0002BO,3.0936386343592233,26.617907047244003,15.7,3.67,3.4303559309072296,3.6108309293014544,1,5.66,29.2,23.3,28.34,False,0
J03WMX,1,0:10:36.280000,DFL-OBJ-0002BO,DFL-OBJ-0026PM,2.3571593073019055,76.54761480704252,4.25,11.59,2.3826681776146597,7.94944652161394,3,8.55,75.41,22.91,25.45,False,0
J03WMX,1,0:10:44.120000,DFL-OBJ-J01BGM,DFL-OBJ-J01APO,1.1363538181394033,52.74727197005256,20.18,21.16,0.5091154546514914,4.746630383756459,2,9.09,52.66,0.16,24.91,False,0
J03WMX,1,0:10:50.480000,DFL-OBJ-0027G0,DFL-OBJ-00012X,4.97321827391479,6.1047939659711465,5.16,15.34,4.657393894112101,7.507063340614624,1,17.98,57.22,-4.72,-16.02,False,0
J03WMX,1,0:10:52.600000,DFL-OBJ-0002AU,DFL-OBJ-00012X,1.9516403357176242,35.48647727820811,10.28,20.05,3.7600903844259004,8.076341993749397,2,16.57,48.56,3.94,-17.43,False,0
J03WMX,1,0:10:54.280000,DFL-OBJ-002GKO,DFL-OBJ-0002AU,1.4534441853748619,8.931500847578203,12.64,14.1,7.423768294659181,10.657438716689859,1,18.55,63.43,10.93,-15.45,False,0
J03WMX,1,0:10:57.520000,DFL-OBJ-J01D1W,DFL-OBJ-0002AU,4.898009799908531,57.89499754076689,8.03,13.13,3.558001318090269,12.544421070738977,1,13.84,74.28,21.78,-20.16,False,0
J03WMX,1,0:10:59,DFL-OBJ-00012X,DFL-OBJ-0027G0,4.8537202226745615,27.70993878252037,0.67,14.5,4.427270171961286,6.290000000000001,1,4.289999999999999,67.77,15.27,-29.71,False,0
J03WMX,1,0:11:09.920000,DFL-OBJ-002GKO,DFL-OBJ-0000IA,4.146950686950594,23.683523858643643,7.33,15.88,4.908789359227945,6.934154598795732,1,24.61,69.09,16.59,-9.39,False,0
J03WMX,1,0:11:14.960000,DFL-OBJ-00012X,DFL-OBJ-0002AU,4.3364732214093085,5.025530241199821,9.38,14.68,2.909930537746339,20.56452284882876,1,0.28999999999999915,74.76,22.26,-33.71,False,0
J03WMX,1,0:11:29.680000,DFL-OBJ-002G4A,DFL-OBJ-0000IA,4.955017658898907,89.36156404788773,8.84,8.76,1.9687480272663227,13.784052379470996,1,27.79,71.3,18.8,-6.21,False,0
J03WMX,1,0:11:33,DFL-OBJ-0027B6,DFL-OBJ-0027G6,4.924763953734231,16.231009910026593,10.72,20.29,4.633480344278224,15.027228620074961,0,14.54,66.33,13.83,19.46,False,0
J03WMX,1,0:11:45.840000,DFL-OBJ-00012X,DFL-OBJ-0002AU,4.93004056778441,6.541297410839196,6.83,17.76,5.951334912603287,18.153236626012454,0,0.8599999999999994,71.26,18.76,-33.14,False,0
J03WMX,1,0:11:52.440000,DFL-OBJ-002G4A,DFL-OBJ-0000IA,4.985709578385006,34.22488024122954,12.76,15.06,4.319516597296779,16.904058684233203,0,28.23,79.75,27.25,-5.77,False,0
J03WMX,1,0:11:54.640000,DFL-OBJ-002GKO,DFL-OBJ-J01B8N,2.267443494334533,17.8282434292392,19.45,25.48,1.7665274431451938,8.072000991080216,0,21.84,61.76,9.26,12.16,False,0
J03WMX,1,0:11:58.240000,DFL-OBJ-0002BO,DFL-OBJ-J01APO,4.437172523127764,72.53010223352935,30.09,30.99,7.504010645093173,13.38825231312885,1,5.34,32.489999999999995,-20.01,28.66,False,0
J03WMX,1,0:11:58.680000,DFL-OBJ-J01APO,DFL-OBJ-0002BO,1.7473408368146115,47.691592927905724,30.1,26.26,5.99616067991759,9.42628240612385,0,7.379999999999999,76.9,-24.4,26.62,False,0
J03WMX,1,0:12:11.520000,DFL-OBJ-J017RE,DFL-OBJ-J01BGM,2.568131616564852,100.48898030568515,6.44,9.54,-0.7000799209629238,5.619412780709385,2,29.56,99.72999999999999,-47.23,4.44,False,0
J03WMX,1,0:12:12.040000,DFL-OBJ-J017RE,DFL-OBJ-000270,3.235567956325444,14.41936311694142,9.42,16.94,5.091581806769826,3.691679834438519,2,30.34,99.43,-46.93,3.66,False,0
J03WMX,1,0:12:41.560000,DFL-OBJ-J017RE,DFL-OBJ-0027AX,4.995167664853705,28.426689482452907,3.35,16.69,5.468364556943015,18.64906700079122,1,19.32,95.7,-43.2,14.68,False,0
J03WMX,1,0:12:44.160000,DFL-OBJ-0002DR,DFL-OBJ-0027AX,4.956288934273302,10.19398062489912,14.95,21.63,4.293270741515022,12.359263732116082,0,33.6,101.96000000000001,-49.46,0.4,False,0
J03WMX,1,0:12:47.040000,DFL-OBJ-0027KL,DFL-OBJ-000270,4.97001006035199,40.305747863866806,24.87,27.52,5.013438084164556,15.217940070850585,0,13.07,89.25999999999999,-36.76,-20.93,False,0
J03WMX,1,0:12:49.200000,DFL-OBJ-0000IA,DFL-OBJ-002G4A,1.6954055562018169,57.03206619717226,11.92,17.92,1.1347997984587226,7.160125697220685,1,12.030000000000001,65.63,-13.13,-21.97,False,0
J03WMX,1,0:12:57.280000,DFL-OBJ-0002F5,DFL-OBJ-0027AX,4.812400648325115,22.776331488148294,12.2,8.53,5.412944320401316,9.557787400858006,1,21.55,82.28999999999999,-29.79,-12.45,False,0
J03WMX,1,0:13:03.040000,DFL-OBJ-J017RE,DFL-OBJ-0027AX,4.965329797707297,35.678826432773704,15.12,16.86,3.624618796565533,8.306744247898811,0,19.33,70.18,-17.68,14.67,False,0
J03WMX,1,0:13:04,DFL-OBJ-0027G6,DFL-OBJ-0002BO,4.995928342160243,18.426083935979612,0.71,15.37,4.164945729574396,6.746265633667267,1,11.79,52.88,-0.38,22.21,False,0
J03WMX,1,0:13:27.040000,DFL-OBJ-002GKO,DFL-OBJ-0026PM,4.708205602987191,10.840305454330599,11.91,15.44,6.45563479034446,5.281685337087018,2,7.199999999999999,31.03,-21.47,26.8,False,0
J03WMX,1,0:13:29.640000,DFL-OBJ-0026PM,DFL-OBJ-002GKO,0.7615773105863873,104.57027654687843,6.85,5.53,-0.21778640357424717,5.647831442244005,3,0.9399999999999977,76.55,-24.05,33.06,False,0
J03WMX,1,0:13:47.040000,DFL-OBJ-J01BGM,DFL-OBJ-J017RE,3.210389384482822,108.3395738820228,10.49,5.78,-1.6997384039237784,4.16347210870927,4,15.350000000000001,9.100000000000001,-43.4,18.65,False,0
J03WMX,1,0:13:49.760000,DFL-OBJ-002GKO,DFL-OBJ-0000IA,1.7801123560045315,15.970678774951036,10.37,11.11,4.595609060678994,1.9616319736382748,3,12.559999999999999,17.29,-35.21,21.44,False,0
J03WMX,1,0:13:52.960000,DFL-OBJ-0027AX,DFL-OBJ-0027G6,2.401332963168582,36.27263299535182,19.48,24.12,3.3193549728717007,9.396861178074305,1,20.990000000000002,35.25,-17.25,13.01,False,0
J03WMX,1,0:14:01.560000,DFL-OBJ-0027B6,DFL-OBJ-0000IA,4.933568688079652,17.84286585276229,19.44,26.06,2.5637291013230312,15.917678850887777,0,8.21,55.49,2.99,25.79,False,0
J03WMX,1,0:14:03.920000,DFL-OBJ-J01BGM,DFL-OBJ-0002F5,3.4540411115098215,14.651542960926278,6.79,11.01,4.198179147529409,8.973767324819605,1,18.619999999999997,37.55,-14.95,15.38,False,0
J03WMX,1,0:14:05.320000,DFL-OBJ-J01BGM,DFL-OBJ-0002F5,1.1315917991926265,7.275794367985685,11.57,11.97,0.8100450966041817,6.005172770204034,1,16.22,38.71,-13.79,17.78,False,0
J03WMX,1,0:14:07.920000,DFL-OBJ-0002BO,DFL-OBJ-0026PM,4.285090430784395,30.280836283088473,0.89,15.6,3.93473530718337,7.2335468478471885,2,0.14000000000000057,34.1,-18.4,33.86,False,0
J03WMX,1,0:14:08.760000,DFL-OBJ-J01APO,DFL-OBJ-0002BO,4.515085824211985,0.28823793487572696,8.8,6.2,3.7975431435995888,8.579329810655373,1,4.030000000000001,75.2,-22.7,29.97,False,0
J03WMX,1,0:14:11.240000,DFL-OBJ-J017RE,DFL-OBJ-002GKO,1.8828170383762748,34.697306725417285,24.38,23.39,-0.010634393920749274,14.747101410107684,0,7.25,92.78,-40.28,26.75,False,0
J03WMX,1,0:14:16.800000,DFL-OBJ-J01BGM,DFL-OBJ-0000IA,2.1631689716709577,3.5970037215584894,10.05,10.59,2.9628974231429273,4.354124481454336,2,1.5200000000000031,27.41,-25.09,32.48,False,0
J03WMX,1,0:14:18.200000,DFL-OBJ-0002BO,DFL-OBJ-0000IA,4.988316349230471,161.2657843004149,8.59,2.97,0.1410339354120782,6.319058474171609,2,3.3099999999999987,31.19,-21.31,30.69,False,0
J03WMX,1,0:14:19.160000,DFL-OBJ-002GKO,DFL-OBJ-J017RE,3.176680657541767,31.718152758932153,8.12,9.31,3.2584378642052947,3.754810248201633,2,5.890000000000001,21.88,-30.62,28.11,False,0
J03WMX,1,0:14:21.680000,DFL-OBJ-0027AX,DFL-OBJ-0027G6,4.809345069757418,31.634679000972913,12.04,22.19,6.591181370519294,6.380070532525482,1,17.94,32.120000000000005,-20.38,16.06,False,0
J03WMX,1,0:14:24.360000,DFL-OBJ-00012X,DFL-OBJ-0002AU,4.765553483069937,16.23747437101292,2.96,20.82,6.402263540040765,17.253396767013733,0,19.490000000000002,32.78,-19.72,-14.51,False,0
J03WMX,1,0:14:28.640000,DFL-OBJ-002G4A,DFL-OBJ-0027G6,4.98663213000518,3.0695058496653442,8.5,13.61,4.177206053092242,9.939537212566789,1,33.6,39.17,-13.33,0.4,False,0
J03WMX,1,0:14:32.680000,DFL-OBJ-0028BD,DFL-OBJ-0002AU,1.9194269978303402,19.57007902890037,13.74,20.92,3.8253092438753633,13.901284113347224,0,4.260000000000002,23.61,-28.89,-29.74,False,0
J03WMX,1,0:14:35.680000,DFL-OBJ-0002AU,DFL-OBJ-0028BD,2.0880613017821066,19.682182415786055,30.35,20.91,-1.3857693404476978,11.084412478792004,0,11.370000000000001,99.66,-47.16,-22.63,False,0
J03WMX,1,0:15:27.800000,DFL-OBJ-J01BGM,DFL-OBJ-J01APO,3.3120990323358415,20.877059923815573,12.61,15.1,-0.003774902216180376,3.737378760575384,2,7.399999999999999,11.149999999999999,-41.35,26.6,False,0
J03WMX,1,0:15:29.640000,DFL-OBJ-0026PM,DFL-OBJ-J01BGM,2.71014759745664,30.02852145270005,4.3,5.54,1.2814604075558667,3.141671529616043,2,3.6000000000000014,91.96000000000001,-39.46,30.4,False,0
J03WMX,1,0:15:32.040000,DFL-OBJ-0027B6,DFL-OBJ-0027G6,2.291069619195365,35.26481668000543,11.78,10.45,-0.48923439480923814,12.81589637910669,0,5.0,27.06,-25.44,29.0,False,0
J03WMX,1,0:15:33.080000,DFL-OBJ-002GKO,DFL-OBJ-J01APO,4.866805934080382,9.744842288392753,10.99,11.71,3.55053109283757,5.467732619651403,2,5.780000000000001,16.67,-35.83,28.22,False,0
J03WMX,1,0:15:33.880000,DFL-OBJ-002GKO,DFL-OBJ-J01APO,0.6637017402418048,15.806792075070371,9.25,11.88,4.432594711872323,1.482228052628881,2,3.629999999999999,15.469999999999999,-37.03,30.37,False,0
J03WMX,1,0:15:34.240000,DFL-OBJ-0002BO,DFL-OBJ-J01APO,3.5365519931141995,23.06389974518504,3.07,12.85,2.367656550297975,3.830939832469315,2,0.9200000000000017,18.450000000000003,-34.05,33.08,False,0
J03WMX,1,0:15:35.160000,DFL-OBJ-0027G6,DFL-OBJ-0002BO,1.4384018909887426,28.298098323949326,3.59,6.34,2.9286600148731377,6.490554675834721,4,1.8400000000000034,84.7,-32.2,32.16,False,0
J03WMX,1,0:15:42.360000,DFL-OBJ-002G4A,DFL-OBJ-0027G6,3.4071102124821286,15.2099435501123,8.7,17.36,2.0127752616069903,6.323487961560455,1,6.620000000000001,24.15,-28.35,27.38,False,0
J03WMX,1,0:15:43.720000,DFL-OBJ-0027G6,DFL-OBJ-002G4A,0.708025423272356,172.9256552550803,5.44,12.07,-0.5366739198264843,5.09459517528135,3,4.93,83.28,-30.78,29.07,False,0
J03WMX,1,0:15:44.480000,DFL-OBJ-0026PM,DFL-OBJ-002G4A,2.8700000000000006,165.1985201115187,11.16,5.04,-3.3732734185636164,3.0524088847990187,3,3.4499999999999993,82.88,-30.38,30.55,False,0
J03WMX,1,0:15:46.640000,DFL-OBJ-0002AU,DFL-OBJ-002GKO,4.977398919114279,29.970245301706342,23.63,24.52,0.7827313785982093,8.064353662879624,4,16.95,70.37,-17.87,17.05,False,0
J03WMX,1,0:15:47.680000,DFL-OBJ-00012X,DFL-OBJ-0002AU,0.8121576201698771,89.24836283233772,22.06,27.7,4.470855829406105,12.231312276284996,2,20.1,41.7,-10.8,13.9,False,0
J03WMX,1,0:15:49,DFL-OBJ-0027B6,DFL-OBJ-0002AU,4.242369620860494,10.84899913806029,7.84,15.14,2.866756638787742,18.502524152125837,0,14.739999999999998,52.03,-0.47,19.26,False,0
J03WMX,1,0:16:00.240000,DFL-OBJ-0027G0,DFL-OBJ-0028BD,4.911466176204414,27.96507665552191,2.79,16.33,4.625513037013391,12.145797627163068,1,3.789999999999999,72.62,-20.12,-30.21,False,0
J03WMX,1,0:16:10.120000,DFL-OBJ-0002F5,DFL-OBJ-0027AX,4.914397216343016,29.504614139319997,13.18,17.03,2.0992641692169522,8.48999411071645,1,32.67,88.44,-35.94,-1.33,False,0
J03WMX,1,0:16:16.520000,DFL-OBJ-0026PM,DFL-OBJ-0002BO,3.2299999999999995,2.4132224188857254,5.91,9.98,1.8235478732994026,7.026357520081083,1,2.91,51.01,1.49,31.09,False,0
J03WMX,1,0:16:17.560000,DFL-OBJ-J01B8N,DFL-OBJ-002GKO,1.1053506231056283,56.393309880654876,15.76,23.14,3.9383489663080686,5.322875162917124,1,15.43,50.48,2.02,18.57,False,0
J03WMX,1,0:16:22.240000,DFL-OBJ-0002F5,DFL-OBJ-000270,4.9217578160653135,14.04180316619069,2.92,8.63,1.5846749031075635,4.987033186173918,1,20.54,63.18,-10.68,13.46,False,0
J03WMX,1,0:16:26.720000,DFL-OBJ-J01APO,DFL-OBJ-J01BGM,4.928458176752645,19.38232268206048,10.1,18.64,3.124444543612628,6.30403838820799,1,8.329999999999998,51.98,0.52,25.67,False,0
J03WMX,1,0:16:29.040000,DFL-OBJ-0026PM,DFL-OBJ-002GKO,4.888813762049029,20.623732071176622,3.51,15.31,3.554926645726222,6.686718178598528,1,12.510000000000002,36.67,15.83,21.49,False,0
J03WMX,1,0:16:32.560000,DFL-OBJ-J01B8N,DFL-OBJ-J01BGM,4.8559757001039445,33.43203093340012,14.65,20.27,3.9557511667430756,7.7174931162910685,1,3.2399999999999984,21.39,31.11,30.76,False,0
J03WMX,1,0:16:36.560000,DFL-OBJ-J01APO,DFL-OBJ-J01BGM,4.858003705227079,26.014465043338056,2.63,12.52,3.858056849399625,12.123052420904568,0,8.41,30.17,22.33,25.59,False,0
J03WMX,1,0:16:38.880000,DFL-OBJ-0026PM,DFL-OBJ-0002BO,4.927930600160679,66.13204218574869,5.43,10.11,-0.1689006097545187,6.333987685494816,1,1.0300000000000011,18.509999999999998,33.99,32.97,False,0
J03WMX,1,0:16:40.400000,DFL-OBJ-J01APO,DFL-OBJ-0002BO,2.645600120955546,59.35709959051139,24.71,15.3,-1.581046398367888,6.987453040987111,1,7.18,13.049999999999997,39.45,26.82,False,0
J03WMX,1,0:16:43.920000,DFL-OBJ-0002AU,DFL-OBJ-002G4A,1.9331321734428877,30.553663265390224,11.94,11.99,2.2036814863713006,5.755345341506452,3,24.29,13.020000000000003,39.48,9.71,False,0
J03WMX,1,0:17:29.400000,DFL-OBJ-J01B8N,DFL-OBJ-0027AX,4.856758178044281,1.9521875004662965,13.23,17.67,4.6112572432641,19.691889193269397,0,14.64,41.78,10.72,19.36,False,0
J03WMX,1,0:17:32.520000,DFL-OBJ-J01APO,DFL-OBJ-002G4A,4.875992206720595,3.5829180346280207,4.71,14.73,2.1272512337849325,8.583449190156601,2,21.119999999999997,27.84,24.66,12.88,False,0
J03WMX,1,0:17:34.720000,DFL-OBJ-002G4A,DFL-OBJ-J01APO,1.433492239253495,70.05441833856402,15.23,17.01,-0.3175210212694468,5.851768963313577,2,15.309999999999999,80.49,27.99,18.69,False,0
J03WMX,1,0:17:35.760000,DFL-OBJ-0002BO,DFL-OBJ-0026PM,4.0402227661355505,22.52491295150484,3.19,15.32,3.4333126347934884,4.766182959140363,1,8.899999999999999,87.39,34.89,25.1,False,0
J03WMX,1,0:17:40.240000,DFL-OBJ-0002F5,DFL-OBJ-J01BGM,1.3603308421115803,164.4427693352943,25.46,29.52,-0.3766536644855778,9.346325481171732,1,11.2,43.7,8.8,22.8,False,0
J03WMX,1,0:17:40.520000,DFL-OBJ-J01BGM,DFL-OBJ-0002F5,1.6259458785580778,12.66903426485905,29.5,26.97,-0.9024882165939668,5.873678574794504,1,10.879999999999999,57.67,5.17,23.12,False,0
J03WMX,1,0:17:42.080000,DFL-OBJ-J01BGM,DFL-OBJ-0002F5,2.6500566031690704,39.97196947142306,31.65,30.05,-0.5627574884135189,7.462573282722252,0,11.760000000000002,44.39,-8.11,22.24,False,0
J03WMX,1,0:17:51.360000,DFL-OBJ-0027G0,DFL-OBJ-0028BD,4.871765593704194,25.90504563987777,5.26,16.95,4.704546599678352,17.13486504177958,0,0.7700000000000031,95.47,-42.97,-33.23,False,0
J03WMX,1,0:17:52.840000,DFL-OBJ-0027KL,DFL-OBJ-0027AX,4.954452542915311,7.901984994750244,9.64,14.23,1.2712842108197697,6.480347212919999,1,4.039999999999999,86.27000000000001,-33.77,-29.96,False,0
J03WMX,1,0:17:53,DFL-OBJ-0027KL,DFL-OBJ-0027AX,4.81423929608822,22.386251655968977,8.88,13.81,1.1204840033654961,5.811376773192389,1,3.6499999999999986,86.42,-33.92,-30.35,False,0
J03WMX,1,0:17:55.400000,DFL-OBJ-0002F5,DFL-OBJ-J01BGM,4.975670809046757,27.0717729924102,7.56,24.32,4.995361256328157,6.482669203345177,1,14.899999999999999,84.23,-31.73,-19.1,False,0
J03WMX,1,0:18:05.720000,DFL-OBJ-0026PM,DFL-OBJ-0002BO,4.962710952695109,9.334998463137863,8.84,5.36,3.443952096743652,13.53772876076338,1,2.289999999999999,41.2,11.3,31.71,False,0
J03WMX,1,0:18:10.600000,DFL-OBJ-0027G6,DFL-OBJ-J01D1W,4.866148374227815,35.98342791805217,8.62,20.95,5.001184484781979,7.136252517953664,0,28.38,29.75,22.75,-5.62,False,0
J03WMX,1,0:18:12.080000,DFL-OBJ-0026PM,DFL-OBJ-0027B6,4.9563091106185055,75.15890938447646,14.02,24.31,2.1606876312616086,5.735817291371823,2,28.78,24.88,27.62,5.22,False,0
J03WMX,1,0:18:20.160000,DFL-OBJ-0002AU,DFL-OBJ-00012X,4.971327790439894,34.80416395171129,10.36,9.6,3.4676312661490583,9.105426953196645,0,1.4600000000000009,3.789999999999999,48.71,-32.54,False,0
J03WMX,1,0:18:22.720000,DFL-OBJ-0026PM,DFL-OBJ-002GKO,3.156992239458311,20.203615168324774,2.54,7.98,0.6040260364366701,7.269731769467154,1,14.969999999999999,13.049999999999997,39.45,-19.03,False,0
J03WMX,1,0:18:24.160000,DFL-OBJ-00012X,DFL-OBJ-0026PM,2.134759939665343,112.19731744077303,14.58,5.19,2.3960248886056523,4.770094338689749,0,13.780000000000001,93.94,41.44,-20.22,False,0
J03WMX,1,0:18:31.600000,DFL-OBJ-000270,DFL-OBJ-0027KL,2.7603079538341357,85.66122096231231,11.83,11.17,-0.0981049655995514,9.098796623729976,2,15.879999999999999,73.82,21.32,-18.12,False,0
J03WMX,1,0:18:32.760000,DFL-OBJ-0027KL,DFL-OBJ-000270,3.314453197738656,41.17599625382182,19.73,17.09,0.17798243492298083,12.832634180089448,0,11.190000000000001,36.010000000000005,16.49,-22.81,False,0
J03WMX,1,0:18:33.480000,DFL-OBJ-0027KL,DFL-OBJ-000270,2.322003445303215,25.234631730106084,16.97,19.61,1.473427001625156,14.174445315425928,0,7.469999999999999,36.480000000000004,16.02,-26.53,False,0
J03WMX,1,0:18:54.640000,DFL-OBJ-J017RE,DFL-OBJ-J01BGM,4.980140560265342,2.2290606882546844,7.81,13.59,1.3755527289044456,7.1120812706267635,1,30.34,60.1,-7.6,3.66,False,0
J03WMX,1,0:18:59.160000,DFL-OBJ-0027G0,DFL-OBJ-0028BD,4.862972342096961,33.845813808156734,6.09,19.64,3.320375836921705,17.447214677420575,0,1.4600000000000009,54.12,-1.62,-32.54,False,0
J03WMX,1,0:19:00.160000,DFL-OBJ-0000IA,DFL-OBJ-002GKO,1.8895766721676046,0.46742278884166355,7.16,20.32,3.56973060633069,7.397972695272672,1,7.02,42.94,9.56,-26.98,False,0
J03WMX,1,0:19:01.600000,DFL-OBJ-0002AU,DFL-OBJ-002GKO,3.040213808270727,24.163288744204255,11.49,9.43,3.5328892564009293,3.1573406531446677,2,2.210000000000001,41.97,10.53,-31.79,False,0
J03WMX,1,0:19:13.440000,DFL-OBJ-J017RE,DFL-OBJ-J01BGM,4.954916750057462,31.471458252452194,9.79,17.1,2.685552083446243,11.462050427388634,0,21.96,64.84,-12.34,12.04,False,0
J03WMX,1,0:19:16.760000,DFL-OBJ-0027KL,DFL-OBJ-0028BD,4.896243457999203,7.584038420202481,3.59,11.75,4.1707060494437505,10.333953744816164,0,26.7,67.5,-15.0,-7.3,False,0
J03WMX,1,0:19:25.080000,DFL-OBJ-J01B8N,DFL-OBJ-000270,4.975218588162734,15.578782290863195,12.03,14.55,0.052750141499067205,6.041522986797286,1,25.630000000000003,57.22,-4.72,-8.37,False,0
J03WMX,1,0:19:31.560000,DFL-OBJ-J01APO,DFL-OBJ-002G4A,4.988707247373812,71.85326789536848,18.11,20.36,1.9916771834290614,6.162345332744669,0,10.75,45.44,7.06,23.25,False,0
J03WMX,1,0:19:33.200000,DFL-OBJ-0026PM,DFL-OBJ-0002BO,4.277908367415085,88.83119586422298,18.25,17.23,-1.2785283027169014,11.914982165324464,1,4.809999999999999,25.13,27.37,29.19,False,0
J03WMX,1,0:19:34.920000,DFL-OBJ-0026PM,DFL-OBJ-0002BO,1.095536398299938,104.16172753445102,23.17,13.49,1.7414631233920774,6.411692444277096,1,11.649999999999999,21.06,31.44,22.35,False,0
J03WMX,1,0:19:40.960000,DFL-OBJ-J017RE,DFL-OBJ-002G4A,3.8733060813728635,57.62428930925388,16.67,12.9,6.3980321633849835,6.051859218455103,2,19.96,28.66,23.84,14.04,False,0
J03WMX,1,0:20:03.080000,DFL-OBJ-00012X,DFL-OBJ-0002AU,4.987063264086391,15.099282878316734,5.68,16.02,4.77453210088485,10.153432916999058,1,9.66,93.18,40.68,-24.34,False,0
J03WMX,1,0:20:05.120000,DFL-OBJ-0028BD,DFL-OBJ-0027G0,2.994812181089159,1.0920717707041743,15.82,19.23,0.9988769825488297,10.643401711858854,1,2.6900000000000013,72.89,20.39,-31.31,False,0
J03WMX,1,0:20:15.200000,DFL-OBJ-0027KL,DFL-OBJ-0028BD,1.6966437457521832,111.34837383459843,4.35,20.03,1.7586510466350518,3.900320499651278,1,10.54,43.95,8.55,-23.46,False,0
J03WMX,1,0:20:16.120000,DFL-OBJ-0027G6,DFL-OBJ-002GKO,4.252293498807437,24.85015151024263,7.03,14.4,3.071319018899361,5.478831992313689,2,17.32,39.26,13.24,-16.68,False,0
J03WMX,1,0:20:22.160000,DFL-OBJ-0002AU,DFL-OBJ-J01D1W,2.206558406206369,37.26617667693726,4.15,5.18,2.331215085959478,9.283560739285331,1,2.1000000000000014,29.37,23.13,-31.9,False,0
J03WMX,1,0:20:41.360000,DFL-OBJ-002G4A,DFL-OBJ-0000IA,4.947100160700204,15.608271289431876,7.98,23.33,4.346913818627962,17.4347354439349,0,19.07,87.75999999999999,35.26,-14.93,False,0
J03WMX,1,0:20:44.360000,DFL-OBJ-0002HE,DFL-OBJ-0000IA,4.9873840838660115,9.85625884010019,12.18,26.96,5.289161393466399,14.161497095999419,0,28.6,97.63,45.13,5.4,False,0
J03WMX,1,0:20:52.520000,DFL-OBJ-J01D1W,DFL-OBJ-0002AU,4.93680058337381,28.549795713746622,8.2,14.56,4.776062830497214,15.578940913938917,1,8.21,78.56,26.06,-25.79,False,0
J03WMX,1,0:20:55,DFL-OBJ-00012X,DFL-OBJ-0002AU,4.9124433838976715,26.406576510227268,15.0,27.32,4.533951754242566,9.144003499561885,2,1.4200000000000017,60.76,8.26,-32.58,False,0
J03WMX,1,0:21:01.440000,DFL-OBJ-0027AX,DFL-OBJ-0027G0,4.879641380265561,56.52803932831869,16.47,19.96,3.1766282392427647,6.3487400324788865,2,11.870000000000001,33.43,-19.07,-22.13,False,0
J03WMX,1,0:21:03.040000,DFL-OBJ-J01BGM,DFL-OBJ-J017RE,2.9108418026406038,59.233617219214004,20.39,15.93,1.5176737737191537,4.638965401897282,1,18.73,15.780000000000001,-36.72,-15.27,False,0
J03WMX,1,0:21:03.560000,DFL-OBJ-J017RE,DFL-OBJ-J01BGM,1.8123189564753772,96.4301428881158,17.95,20.51,2.003582839560299,14.961403677462886,0,20.89,91.52000000000001,-39.02,-13.11,False,0
J03WMX,1,0:21:05,DFL-OBJ-0002DR,DFL-OBJ-J01BGM,3.425857556875357,25.56896683242104,11.0,28.43,11.086437502991881,11.123039153037269,0,27.3,101.93,-49.43,-6.7,False,0
J03WMX,1,0:21:19.080000,DFL-OBJ-J01APO,DFL-OBJ-J01BGM,4.933892986273619,39.604575910820415,4.57,18.77,3.7766959315748405,17.904887600875913,0,4.329999999999998,66.7,-14.2,29.67,False,0
J03WMX,1,0:21:23.960000,DFL-OBJ-J017RE,DFL-OBJ-000270,4.846947493010424,18.289866780749676,5.79,12.68,3.699256223513079,12.001104115872005,0,12.829999999999998,78.27,-25.77,21.17,False,0
J03WMX,1,0:21:33.360000,DFL-OBJ-0000IA,DFL-OBJ-002G4A,1.9760819821049933,47.97344384815625,24.01,24.33,2.7512269660379998,9.735399324116088,1,5.73,62.16,-9.66,-28.27,False,0
J03WMX,1,0:21:35.280000,DFL-OBJ-00012X,DFL-OBJ-0000IA,1.0735455276791968,105.86189650696294,13.79,23.55,2.3226943798045987,5.433323108374838,1,2.3200000000000003,53.25,0.75,-31.68,False,0
J03WMX,1,0:21:59.680000,DFL-OBJ-0027G0,DFL-OBJ-0028BD,3.5387144558441004,1.9470202969576982,5.23,15.02,5.530822319379028,5.796067632455647,1,2.3999999999999986,41.21,11.29,-31.6,False,0
J03WMX,1,0:22:00.520000,DFL-OBJ-0002F5,DFL-OBJ-0027AX,3.6292285681670706,12.122917005697284,6.34,1.75,-0.7772140204860711,6.346975657744404,1,5.859999999999999,48.33,4.17,-28.14,False,0
J03WMX,1,0:22:05.960000,DFL-OBJ-J01APO,DFL-OBJ-J01BGM,4.786021312113017,26.185659340931537,13.62,28.94,5.711290374444246,21.46045665870137,0,20.35,52.56,-0.06,13.65,False,0
J03WMX,1,0:22:09.080000,DFL-OBJ-J01B8N,DFL-OBJ-002G4A,4.927027501445471,36.98402885864147,3.34,11.15,3.1229825642635434,10.129333640472112,1,24.17,43.45,9.05,9.83,False,0
J03WMX,1,0:22:18.360000,DFL-OBJ-J017RE,DFL-OBJ-000270,4.893608075847512,11.684057207930126,10.63,19.61,2.993955710020675,14.985659811966908,0,14.21,76.69,-24.19,19.79,False,0
J03WMX,1,0:22:19.640000,DFL-OBJ-J01B8N,DFL-OBJ-002GKO,3.0726210309766473,39.98852542584513,9.71,16.17,4.645906609268354,4.640527987201456,2,18.34,64.43,-11.93,15.66,False,0
J03WMX,1,0:22:23.280000,DFL-OBJ-0002BO,DFL-OBJ-J01B8N,2.3556740012149398,30.810020638274956,18.22,16.06,6.074928002112676,6.789734899095841,1,14.71,54.72,2.22,19.29,False,0
J03WMX,1,0:22:27.600000,DFL-OBJ-000270,DFL-OBJ-J01APO,3.185121661726599,13.531711241751845,14.13,24.2,2.368731307559436,5.066724780368477,3,14.29,25.54,-26.96,19.71,False,0
J03WMX,1,0:22:28.360000,DFL-OBJ-J01APO,DFL-OBJ-000270,1.0689246933250258,171.58626200492193,21.76,16.31,2.5765571924656347,7.105131948106243,2,15.27,81.13,-28.63,18.73,False,0
J03WMX,1,0:22:28.720000,DFL-OBJ-000270,DFL-OBJ-J01APO,1.0119288512538822,54.24096163710701,17.45,19.32,0.31633756520648426,3.455792239125495,3,16.84,21.61,-30.89,17.16,False,0
J03WMX,1,0:22:29.640000,DFL-OBJ-002GKO,DFL-OBJ-0002F5,3.092604080706093,129.04695564764182,23.12,18.2,-0.21249264625971764,5.900923656513442,2,25.619999999999997,19.9,-32.6,8.38,False,0
J03WMX,1,0:23:06.760000,DFL-OBJ-0002F5,DFL-OBJ-000270,4.940091092277551,60.42400225618923,13.85,8.91,3.565958998545009,5.569380575970723,1,31.2,85.19,-32.69,2.8,False,0
J03WMX,1,0:23:09.680000,DFL-OBJ-J01APO,DFL-OBJ-J01BGM,4.905150354474366,25.85825941838157,1.44,17.98,4.8841719646833415,19.237954672989538,0,2.969999999999999,77.81,-25.31,31.03,False,0
J03WMX,1,0:23:11.600000,DFL-OBJ-J01B8N,DFL-OBJ-0002BO,4.831252425613881,9.783373456551177,2.76,13.02,4.7334163067458945,10.980733126708799,1,5.57,63.22,-10.72,28.43,False,0
J03WMX,1,0:23:17.240000,DFL-OBJ-0002AU,DFL-OBJ-00012X,4.921483516176804,24.196134880090913,4.68,14.52,4.756277288098613,16.46895564387736,1,3.4200000000000017,45.51,6.99,-30.58,False,0
J03WMX,1,0:23:18.480000,DFL-OBJ-00012X,DFL-OBJ-0002AU,1.0358571330062836,71.02489893644209,13.7,14.24,2.295666778962358,7.433579218653691,1,6.609999999999999,60.09,7.59,-27.39,False,0
J03WMX,1,0:23:20.240000,DFL-OBJ-0027G0,DFL-OBJ-0028BD,4.927037649541558,17.592424562181588,1.93,14.44,3.949416203800049,8.879352453867343,1,12.91,52.61,-0.11,-21.09,False,0
J03WMX,1,0:23:22.840000,DFL-OBJ-0027KL,DFL-OBJ-0027AX,4.814862407172193,7.720282392740651,9.04,12.57,5.651275936315773,6.128507159170168,0,22.369999999999997,57.82,-5.32,-11.63,False,0
J03WMX,1,0:23:24.320000,DFL-OBJ-0002AU,DFL-OBJ-00012X,4.748052232231654,9.451090203052848,6.58,11.69,1.153117862109807,6.015795874196531,2,19.240000000000002,42.74,9.76,-14.76,False,0
J03WMX,1,0:23:26.120000,DFL-OBJ-0002F5,DFL-OBJ-002GKO,3.1345972628074565,6.962729588689959,10.54,13.38,2.753714584097678,5.596972395858318,1,24.43,50.62,1.88,-9.57,False,0
J03WMX,1,0:23:31,DFL-OBJ-J01APO,DFL-OBJ-J01BGM,4.87944668994344,51.89388779792079,16.37,20.91,3.2672327506794296,15.88061711647252,0,12.84,41.61,10.89,21.16,False,0
J03WMX,1,0:23:32.360000,DFL-OBJ-0026PM,DFL-OBJ-0002BO,4.926662156064693,16.92826866353797,10.29,18.94,2.8406242140416627,8.380578738965465,1,4.109999999999999,30.7,21.8,29.89,False,0
J03WMX,1,0:24:36.360000,DFL-OBJ-J01B8N,DFL-OBJ-J01BGM,4.962993048554472,12.219541458516026,3.33,22.29,5.075955970607093,10.981602797406218,1,24.939999999999998,20.340000000000003,32.16,-9.06,False,0
J03WMX,1,0:24:38.040000,DFL-OBJ-J017RE,DFL-OBJ-0002BO,4.929949289800048,8.162974283718063,10.19,17.58,1.6640733048136602,10.11466756744877,1,14.280000000000001,12.630000000000003,39.87,-19.72,False,0
J03WMX,1,0:24:42.960000,DFL-OBJ-000270,DFL-OBJ-0027KL,3.365828278447967,29.392432629774795,20.96,27.78,2.702139698596676,4.387174489349608,3,15.75,82.07,29.57,-18.25,False,0
J03WMX,1,0:25:23.680000,DFL-OBJ-002G4A,DFL-OBJ-0027G6,4.850041236938092,26.829047000758372,8.55,19.19,3.897108053436118,14.200975318618083,0,17.89,71.56,19.06,-16.11,False,0
J03WMX,1,0:25:33.880000,DFL-OBJ-J01D1W,DFL-OBJ-0000IA,2.6303041649208563,52.932321638490386,17.46,25.62,1.7203230009718529,9.548910932666614,0,5.789999999999999,66.03,13.53,-28.21,False,0
J03WMX,1,0:25:36.240000,DFL-OBJ-0027G0,DFL-OBJ-0028BD,1.6456001944579388,38.58554834814562,8.32,13.69,1.228342164790223,10.209681679660733,1,7.16,59.9,-7.4,-26.84,False,0
J03WMX,1,0:25:36.600000,DFL-OBJ-0002F5,DFL-OBJ-0028BD,4.630172782953136,36.748821358202086,1.52,15.73,3.1078280689192272,9.858118481738794,2,11.43,58.58,-6.08,-22.57,False,0
J03WMX,1,0:25:41.120000,DFL-OBJ-0027KL,DFL-OBJ-0028BD,4.994486960639701,5.170240315663581,6.1,20.84,4.253331576793202,9.017078240760698,0,7.199999999999999,75.87,-23.37,-26.8,False,0
J03WMX,1,0:25:46.120000,DFL-OBJ-0002DR,DFL-OBJ-0027AX,4.961703336556914,33.39648236074858,14.44,24.98,5.6373948533679,15.328509386107966,0,32.33,97.65,-45.15,1.67,False,0
J03WMX,1,0:25:55.960000,DFL-OBJ-0000IA,DFL-OBJ-00012X,1.6929264603047594,89.52464328778441,4.31,9.2,-0.1054226459571056,3.350373113550191,2,24.35,43.1,9.4,-9.65,False,0
J03WMX,1,0:26:06.080000,DFL-OBJ-J017RE,DFL-OBJ-000270,2.427385424690527,28.952078402944043,17.58,11.32,1.2565791002655013,16.447796204963144,0,0.060000000000002274,83.28999999999999,-30.79,33.94,False,0
J03WMX,1,0:26:07.880000,DFL-OBJ-0027G6,DFL-OBJ-0027B6,4.747135978671771,14.154278324254511,10.77,12.39,3.00243241128362,12.120668298406652,0,13.36,58.22,-5.72,20.64,False,0
J03WMX,1,0:26:08.320000,DFL-OBJ-0027B6,DFL-OBJ-0027G6,3.7582575749940297,63.187168092529625,11.75,6.12,2.186805069525488,16.04821796960647,0,15.940000000000001,50.19,-2.31,18.06,False,0
J03WMX,1,0:26:14.280000,DFL-OBJ-0027AX,DFL-OBJ-0002F5,4.949767671315494,66.73500897298882,16.75,21.05,1.5626940450441351,5.933843611016387,0,27.69,30.87,-21.63,-6.31,False,0
J03WMX,1,0:26:17.680000,DFL-OBJ-0028BD,DFL-OBJ-0027G0,4.950353522729463,97.9569438718635,9.83,5.03,1.7513284093214665,9.428918283663299,0,7.489999999999998,19.78,-32.72,-26.51,False,0
J03WMX,1,0:26:31.520000,DFL-OBJ-0027AX,DFL-OBJ-0002F5,4.338686437160445,2.1506740017108634,1.49,11.57,2.9730161765750207,6.848277155606363,1,9.100000000000001,17.17,-35.33,-24.9,False,0
J03WMX,1,0:26:40.080000,DFL-OBJ-0027B6,DFL-OBJ-0027G6,4.9203760018925395,30.16950979552017,14.03,21.28,5.040934893906339,10.699107439408206,0,17.25,34.17,-18.33,16.75,False,0
J03WMX,1,0:27:54.120000,DFL-OBJ-002G4A,DFL-OBJ-0027G6,4.971005934416092,28.236227915645276,10.89,16.06,1.839952528562363,8.079931930406344,2,20.490000000000002,71.3,18.8,-13.51,False,0
J03WMX,1,0:27:59.800000,DFL-OBJ-J01D1W,DFL-OBJ-0000IA,4.978604222068673,25.534154298833535,6.36,13.73,2.0076410975542625,10.585409770056142,1,1.8200000000000003,76.39,23.89,-32.18,False,0
J03WMX,1,0:28:10.240000,DFL-OBJ-0002DR,DFL-OBJ-0028BD,4.946048928185002,4.180574823182141,0.93,8.74,2.6262918890108677,16.510657164389308,0,30.37,92.78,-40.28,-3.63,False,0
J03WMX,1,0:28:19.920000,DFL-OBJ-0027G0,DFL-OBJ-0027AX,4.917529867728308,20.10662697928648,3.21,13.8,3.6286437322807874,12.586723163715009,0,4.16,82.45,-29.95,-29.84,False,0
J03WMX,1,0:28:20.240000,DFL-OBJ-0027G0,DFL-OBJ-0027AX,3.88124979871175,3.7657684477408644,6.25,13.16,3.263973289541203,11.45143222483546,1,4.440000000000001,82.78,-30.28,-29.56,False,0
J03WMX,1,0:28:21.880000,DFL-OBJ-0027KL,DFL-OBJ-0028BD,4.96291245137369,3.287274510535843,3.61,17.19,3.8823820049764723,12.92973704295644,0,13.3,94.87,-42.37,-20.7,False,0
J03WMX,1,0:28:25.880000,DFL-OBJ-0002DR,DFL-OBJ-0028BD,4.994176608811505,23.912301994032212,14.54,22.93,2.489975834425784,11.422193309518095,0,31.37,100.05,-47.55,2.63,False,0
J03WMX,1,0:28:32.640000,DFL-OBJ-J01B8N,DFL-OBJ-002GKO,4.356386116955201,18.677188444554314,10.48,22.37,2.507005636077251,8.705819892462742,1,16.45,58.65,-6.15,17.55,False,0
J03WMX,1,0:28:38.880000,DFL-OBJ-J01APO,DFL-OBJ-J01BGM,4.9058740301805575,8.99591727996436,7.49,18.15,4.142801782687493,19.988176505124223,0,4.18,87.17,-34.67,29.82,False,0
J03WMX,1,0:28:47.360000,DFL-OBJ-0000IA,DFL-OBJ-002G4A,4.864668539582116,21.496749290774304,10.28,5.81,4.46520824404111,5.208992224989397,1,19.869999999999997,64.95,-12.45,-14.13,False,0
J03WMX,1,0:28:49.120000,DFL-OBJ-J01B8N,DFL-OBJ-J01BGM,4.977569688110856,13.138382218080851,14.98,23.3,2.3511974419465287,16.937795015880905,0,26.75,57.269999999999996,-4.77,7.25,False,0
J03WMX,1,0:28:53.680000,DFL-OBJ-J01D1W,DFL-OBJ-J01B8N,1.838967101391432,32.2055510840015,3.55,24.11,6.8854499197117685,8.04340723822933,3,33.65,79.98,27.48,-0.35,False,0
J03WMX,1,0:29:10.280000,DFL-OBJ-J01D1W,DFL-OBJ-0000IA,4.866559359547567,41.262770082537735,9.8,20.59,4.539775609562817,13.135790802231895,0,17.79,93.71000000000001,41.21,-16.21,False,0
J03WMX,1,0:29:16.840000,DFL-OBJ-0002F5,DFL-OBJ-002GKO,4.9950875868196745,14.696351233655232,12.08,17.23,1.386019714358937,6.016144945062411,2,16.98,58.980000000000004,-6.48,-17.02,False,0
J03WMX,1,0:29:27.880000,DFL-OBJ-0027KL,DFL-OBJ-0028BD,4.870451724429679,5.477404514155823,10.56,12.33,6.3841777984539245,5.745824570938445,0,12.920000000000002,87.63,-35.13,-21.08,False,0
J03WMX,1,0:29:30.800000,DFL-OBJ-0027G0,DFL-OBJ-002GKO,4.906526266107215,41.29084800394007,15.04,16.96,5.045620246119815,9.0467784321271,1,1.5499999999999972,72.65,-20.15,-32.45,False,0
J03WMX,1,0:29:32.400000,DFL-OBJ-0000IA,DFL-OBJ-00012X,3.7288738246285584,42.93520207716157,7.41,12.44,3.4968686405960736,5.711357106677884,3,6.690000000000001,55.85,-3.35,-27.31,False,0
J03WMX,1,0:29:33.880000,DFL-OBJ-0002AU,DFL-OBJ-00012X,3.914715826212676,53.78127870764983,9.93,3.15,-0.6187404273562136,5.0,2,0.4299999999999997,58.99,-6.49,-33.57,False,0
J03WMX,1,0:29:35.720000,DFL-OBJ-002GKO,DFL-OBJ-0002AU,1.1682465493208178,168.51800864525177,9.34,5.47,1.4744092238930384,5.283578332910376,2,1.1700000000000017,43.6,-8.9,-32.83,False,0
J03WMX,1,0:30:03.200000,DFL-OBJ-0002HE,DFL-OBJ-0027G6,4.828426244647419,16.88527871937691,11.53,24.01,4.41870394407871,21.81625540737915,0,29.23,99.05,46.55,-4.77,False,0
J03WMX,1,0:30:05.200000,DFL-OBJ-0027B6,DFL-OBJ-0026PM,4.920894227678543,49.31240773150232,14.59,27.29,4.275007868721774,5.522680508593631,1,23.73,96.33,43.83,10.27,False,0
J03WMX,1,0:30:08.360000,DFL-OBJ-0002BO,DFL-OBJ-J01APO,4.450269654751272,14.69556384829672,18.53,19.73,5.768056209022334,12.141387894305987,0,4.719999999999999,84.35,31.85,29.28,False,0
J03WMX,1,0:30:14.320000,DFL-OBJ-0027AX,DFL-OBJ-J01B8N,4.902448367907612,45.123086686502994,10.63,4.54,3.748643995717862,7.599611832192485,1,25.57,60.1,7.6,8.43,False,0
J03WMX,1,0:30:18.040000,DFL-OBJ-J01BGM,DFL-OBJ-J01APO,4.975188438642299,55.712965988573266,25.03,29.9,4.116824281169233,10.672492679781984,0,7.789999999999999,35.69,-16.81,26.21,False,0
J03WMX,1,0:30:19.800000,DFL-OBJ-J01BGM,DFL-OBJ-J01APO,1.7900279327429525,76.83161558131606,26.79,27.97,0.4823740659593112,5.026420197317373,0,12.7,24.58,-27.92,21.3,False,0
J03WMX,1,0:30:40.280000,DFL-OBJ-0002F5,DFL-OBJ-0027AX,4.896059640159626,44.74940622143622,6.0,11.76,2.307896300959842,8.882978104217075,2,31.45,90.58,-38.08,-2.55,False,0
J03WMX,1,0:30:49.680000,DFL-OBJ-0027KL,DFL-OBJ-0027AX,4.855357865286554,38.88927837478039,16.16,20.92,4.333494269143496,17.265607432117758,0,11.850000000000001,90.55,-38.05,-22.15,False,0
J03WMX,1,0:30:51.320000,DFL-OBJ-0028BD,DFL-OBJ-0027G0,4.961058354827123,134.39521425989122,23.14,14.68,3.547941876397205,11.481332675260306,2,5.32,36.75,-15.75,-28.68,False,0
J03WMX,1,0:30:51.800000,DFL-OBJ-0027G0,DFL-OBJ-0028BD,3.4188009594008277,21.781226988859743,16.69,24.51,3.158258171002567,7.718374181134262,0,2.2399999999999984,62.53,-10.03,-31.76,False,0
J03WMX,1,0:30:52.080000,DFL-OBJ-0027G0,DFL-OBJ-0028BD,2.5830602006147654,26.56213473054556,18.44,24.1,2.9988287587374916,5.3588524891062255,0,2.620000000000001,61.22,-8.72,-31.38,False,0
J03WMX,1,0:30:52.560000,DFL-OBJ-00012X,DFL-OBJ-0027G0,1.4516542288024379,5.430835934859,7.73,19.72,8.047470313267244,7.971198153351853,2,4.190000000000001,47.57,-4.93,-29.81,False,0
J03WMX,1,0:30:54.640000,DFL-OBJ-0002AU,DFL-OBJ-00012X,1.945507645834372,1.389161761237911,4.04,11.31,4.470308236711304,2.7346846253270236,2,3.8200000000000003,50.62,1.88,-30.18,False,0
J03WMX,1,0:31:03.400000,DFL-OBJ-002G4A,DFL-OBJ-0002AU,4.898377282325239,19.54813826681115,9.25,24.52,4.072164068010051,9.116929307612294,0,26.95,78.8,26.3,-7.05,False,0
J03WMX,1,0:31:12.800000,DFL-OBJ-0002F5,DFL-OBJ-0028BD,2.3418155350069725,16.277042018417486,12.48,16.29,4.084305411186738,7.077683236766108,2,17.71,42.47,10.03,-16.29,False,0
J03WMX,1,0:31:13.400000,DFL-OBJ-0002F5,DFL-OBJ-0028BD,2.124735277628724,1.7676823032602826,20.79,15.95,-0.41253977491014726,8.337199769706855,2,14.989999999999998,41.92,10.58,-19.01,False,0
J03WMX,1,0:31:15.480000,DFL-OBJ-0000IA,DFL-OBJ-002GKO,4.987474310710786,41.664811798872464,3.13,17.63,2.6842842291327607,6.5195398610638176,2,9.36,31.33,21.17,-24.64,False,0
J03WMX,1,0:31:21.360000,DFL-OBJ-00012X,DFL-OBJ-0000IA,1.6480594649465792,18.95577834740678,6.59,12.41,0.2359533795972224,8.06876694421149,1,5.379999999999999,78.88,26.38,-28.62,False,0
J03WMX,1,0:31:22.280000,DFL-OBJ-0000IA,DFL-OBJ-00012X,0.21931712199461237,95.91364023412119,8.47,4.57,0.7017071950134703,7.356765593655949,2,5.02,26.77,25.73,-28.98,False,0
J03WMX,1,0:31:25.880000,DFL-OBJ-002G4A,DFL-OBJ-0002AU,0.8039900496896718,97.49049403820602,16.13,17.28,1.810037964758632,5.3927080395660205,1,17.39,83.16,30.66,-16.61,False,0
J03WMX,1,0:31:26.080000,DFL-OBJ-0002AU,DFL-OBJ-002G4A,0.6609841147864285,36.311410600707596,19.05,13.86,1.2111039256892016,3.828315556481729,2,16.51,22.95,29.55,-17.49,False,0
J03WMX,1,0:31:26.680000,DFL-OBJ-0002AU,DFL-OBJ-0027AX,1.9900753754569165,85.4630424291479,19.2,1.36,1.331950373846305,2.554251358030374,2,13.440000000000001,24.33,28.17,-20.56,False,0
J03WMX,1,0:31:28.240000,DFL-OBJ-00012X,DFL-OBJ-0002AU,1.95563288988501,163.49646549560768,3.85,2.44,-1.432114622897317,7.251848040327376,3,11.379999999999999,79.44,26.94,-22.62,False,0
J03WMX,1,0:31:28.880000,DFL-OBJ-002G4A,DFL-OBJ-J01B8N,2.8706793621022872,80.65419319090796,5.13,3.98,-1.1351754184584373,7.648091265145836,2,16.82,82.48,29.98,-17.18,False,0
J03WMX,1,0:31:56.440000,DFL-OBJ-0027G6,DFL-OBJ-002G4A,4.954069034642127,7.566975118765825,5.11,12.89,2.3439015526608764,5.877431411764836,2,6.760000000000002,31.63,20.87,27.24,False,0
J03WMX,1,0:31:57.680000,DFL-OBJ-J01APO,DFL-OBJ-J01BGM,3.7901187316494465,10.353201121945217,2.01,15.81,4.328190049198102,4.443703410444939,1,0.46000000000000085,28.39,24.11,33.54,False,0
J03WMX,1,0:31:58.400000,DFL-OBJ-J01BGM,DFL-OBJ-J01APO,0.6940461079784215,53.79054318281371,10.02,1.34,3.687349575490938,5.816734479069851,3,1.0799999999999983,77.41,24.91,32.92,False,0
J03WMX,1,0:31:58.960000,DFL-OBJ-0027G6,DFL-OBJ-0027AX,1.5344380078712845,38.98402685555934,3.24,18.61,3.1893053247861594,5.450146787014091,1,1.7000000000000028,33.75,18.75,32.3,False,0
J03WMX,1,0:32:12.080000,DFL-OBJ-J01B8N,DFL-OBJ-J01BGM,1.7927911200137092,26.54732352309138,16.35,13.63,-0.2962132342709328,4.846906229751098,2,12.510000000000002,27.4,25.1,21.49,False,0
J03WMX,1,0:32:13.160000,DFL-OBJ-0027G6,DFL-OBJ-0027B6,2.9751638610335407,24.608309589178372,11.74,19.81,4.314749620959308,3.101612483854163,3,19.2,20.5,32.0,14.8,False,0
J03WMX,1,0:32:15.880000,DFL-OBJ-J01B8N,DFL-OBJ-002GKO,4.670524595802917,47.746946943104405,17.23,17.18,-0.8373482088240336,5.091168824543141,0,27.93,17.560000000000002,34.94,6.07,False,0
J03WMX,1,0:32:17.680000,DFL-OBJ-0028BD,DFL-OBJ-0002AU,4.8051326724659775,49.847961981422806,24.93,17.96,7.223023511677407,10.046496901905657,3,27.03,83.65,31.15,-6.97,False,0
J03WMX,1,0:32:24.680000,DFL-OBJ-0002F5,DFL-OBJ-0028BD,1.5220052562327102,130.2511119537304,12.57,3.21,-0.6865199146792411,13.922126274387832,3,16.98,64.21000000000001,-11.71,-17.02,False,0
J03WMX,1,0:32:28.560000,DFL-OBJ-0027G0,DFL-OBJ-0028BD,4.828954338156451,29.412025326444272,1.37,17.85,3.9988034385417848,5.671833918584005,2,16.12,64.53,-12.03,-17.88,False,0
J03WMX,1,0:32:30.560000,DFL-OBJ-0027KL,DFL-OBJ-0028BD,4.961904876153914,25.880090009651553,10.19,21.71,3.5710202630664356,12.299959349526324,0,18.259999999999998,75.41,-22.91,-15.74,False,0
J03WMX,1,0:32:33.760000,DFL-OBJ-0002AU,DFL-OBJ-002GKO,4.9237891912631655,19.628134085151853,4.53,6.37,3.3983475262914586,9.146283398189667,0,1.7700000000000031,68.13,-15.63,-32.23,False,0
J03WMX,1,0:32:55,DFL-OBJ-J01APO,DFL-OBJ-J01BGM,4.845420518386408,4.598004826412731,1.21,20.95,6.344847876226569,14.955550808980592,0,5.34,70.09,-17.59,28.66,False,0
J03WMX,1,0:32:56.560000,DFL-OBJ-0026PM,DFL-OBJ-0002BO,3.694766569081191,6.57354515823839,3.98,14.2,3.0456423498004113,13.162682097505813,1,1.25,54.17,-1.67,32.75,False,0
J03WMX,1,0:33:03.120000,DFL-OBJ-0027KL,DFL-OBJ-0027AX,4.960181448294003,37.040803678034116,5.13,14.71,4.088103017127504,16.635663497438266,0,27.71,72.65,-20.15,-6.29,False,0
J03WMX,1,0:33:05.720000,DFL-OBJ-J017RE,DFL-OBJ-000270,4.91467191173531,10.33634307613279,8.93,18.7,4.527469767992391,15.70487822302357,0,20.869999999999997,75.47,-22.97,13.13,False,0
J03WMX,1,0:33:07.400000,DFL-OBJ-J01APO,DFL-OBJ-J01BGM,4.2062096952006565,11.602729675100779,4.12,22.73,6.605259914600718,13.601058782315441,1,4.57,68.78,-16.28,29.43,False,0
J03WMX,1,0:33:08.640000,DFL-OBJ-J01B8N,DFL-OBJ-002GKO,4.2825342964184205,14.609870472101221,14.05,21.35,2.5200819523431894,8.995743437871045,2,13.079999999999998,65.44,-12.94,20.92,False,0
J03WMX,1,0:33:10.040000,DFL-OBJ-J01APO,DFL-OBJ-J01BGM,4.222380844973602,1.4677215265227705,19.03,17.71,-0.4013349359964846,7.709714651010112,1,5.5,59.53,-7.03,28.5,False,0
J03WMX,1,0:33:12.120000,DFL-OBJ-0026PM,DFL-OBJ-0002BO,3.750653276430654,37.999076054447244,14.89,12.37,6.1990891035715245,5.607111555872597,1,11.11,42.04,10.46,22.89,False,0
J03WMX,1,0:33:24.640000,DFL-OBJ-0028BD,DFL-OBJ-0000IA,4.930365098042943,4.597771035448835,10.2,15.21,2.6614360864905784,4.961451400548029,2,33.47,54.07,1.57,0.53,False,0
J03WMX,1,0:33:25.280000,DFL-OBJ-002GKO,DFL-OBJ-J01B8N,2.628402556687236,46.57300353669531,5.38,13.09,1.9687901515257822,8.967541469098428,1,23.14,55.99,3.49,10.86,False,0
J03WMX,1,0:33:27.360000,DFL-OBJ-002G4A,DFL-OBJ-0027G6,4.95975805861536,21.140195874964768,11.81,22.38,6.024383646098032,7.300000000000001,2,25.9,63.01,10.51,8.1,False,0
J03WMX,1,0:33:31.480000,DFL-OBJ-00012X,DFL-OBJ-0002AU,2.1566872745022634,16.162449378822366,4.23,7.65,1.7513291326412306,12.03059848885333,0,15.989999999999998,63.14,10.64,-18.01,False,0
J03WMX,1,0:33:34.040000,DFL-OBJ-002G4A,DFL-OBJ-0027G6,4.926032886613731,7.147748257851141,7.48,15.44,1.9131467667228663,12.098214744333148,2,32.75,70.17,17.67,-1.25,False,0
J03WMX,1,0:33:37.080000,DFL-OBJ-002GKO,DFL-OBJ-J01B8N,4.879221249338873,30.006138434345353,8.34,18.59,3.4426789567058513,14.568465945321769,0,12.809999999999999,62.87,10.37,21.19,False,0
J03WMX,1,0:33:45.160000,DFL-OBJ-J01D1W,DFL-OBJ-0000IA,4.828674766434372,35.932416696650144,13.65,24.86,5.7067586008877,16.159198618743442,0,20.11,87.59,35.09,-13.89,False,0
J03WMX,1,0:33:47.560000,DFL-OBJ-00012X,DFL-OBJ-0002AU,4.903977977112051,11.688096133091397,2.81,18.16,4.399980777342396,16.038179447805163,1,1.7800000000000011,69.93,17.43,-32.22,False,0
J03WMX,1,0:33:50.840000,DFL-OBJ-0027AX,DFL-OBJ-0002F5,4.9289349762397965,42.41197805728502,21.76,23.51,5.314219054362896,5.891960624444124,1,4.149999999999999,63.67,11.17,-29.85,False,0
J03WMX,1,0:34:43.960000,DFL-OBJ-0027G6,DFL-OBJ-J01D1W,2.0462648899885862,58.60961465748053,16.98,12.79,2.1034963132516715,2.5229546171106603,4,9.530000000000001,45.78,6.72,-24.47,False,0
J03WMX,1,0:34:44.160000,DFL-OBJ-0000IA,DFL-OBJ-J01D1W,2.4259637260272475,73.33692380303808,8.42,12.75,4.545521873154154,2.5100199202396762,4,9.190000000000001,46.42,6.08,-24.81,False,0
J03WMX,1,0:34:45.760000,DFL-OBJ-0000IA,DFL-OBJ-002G4A,1.3399999999999999,129.15543412261314,1.43,6.16,-0.14677896485428277,2.435159132377184,4,11.34,45.72,6.78,-22.66,False,0
J03WMX,1,0:34:46.760000,DFL-OBJ-0028BD,DFL-OBJ-0000IA,1.3154847015454039,16.747692831703556,19.85,15.1,4.613226299550981,7.164251531039373,4,10.95,55.16,2.66,-23.05,False,0
J03WMX,1,0:34:48.720000,DFL-OBJ-002G4A,DFL-OBJ-0002AU,3.7503333185198358,75.41297764634594,2.89,3.7,0.032673492771675416,6.717648398063121,2,16.13,60.37,7.87,-17.87,False,0
J03WMX,1,0:34:49.720000,DFL-OBJ-00012X,DFL-OBJ-0027G6,4.827131653477041,22.871947646328817,1.71,18.48,5.575441538152801,11.75980016837021,0,8.86,68.71000000000001,16.21,-25.14,False,0
J03WMX,1,0:35:02.640000,DFL-OBJ-0027AX,DFL-OBJ-0000IA,4.936800583373811,27.031944749915354,3.12,12.55,3.5406935269890716,8.002312165868062,0,22.17,60.33,7.83,-11.83,False,0
J03WMX,1,0:35:03.760000,DFL-OBJ-0027AX,DFL-OBJ-0000IA,3.848428250597899,58.581367650845614,14.15,15.3,-0.7706115988510387,8.683875862770032,1,20.02,60.980000000000004,8.48,-13.98,False,0
J03WMX,1,0:35:04.480000,DFL-OBJ-0027AX,DFL-OBJ-0000IA,4.300348823060753,52.3840000609565,11.53,14.58,-0.18364678324801043,9.183332728372635,2,17.47,61.58,9.08,-16.53,False,0
J03WMX,1,0:35:11.680000,DFL-OBJ-002G4A,DFL-OBJ-0027G6,4.724235387869661,0.34437729729598165,16.95,15.7,8.874218756887085,14.193533738995376,1,26.22,70.03,17.53,-7.78,False,0
J03WMX,1,0:35:12.560000,DFL-OBJ-002GKO,DFL-OBJ-J01B8N,4.627050896629515,53.08977129441645,11.28,12.55,2.6278385838227147,4.911466176204413,1,28.87,57.2,4.7,-5.13,False,0
J03WMX,1,0:35:23.800000,DFL-OBJ-J01D1W,DFL-OBJ-0002AU,4.965168677900077,1.92739951228824,2.79,8.36,2.1867572400757385,12.924492253082905,0,10.79,65.9,13.4,-23.21,False,0
J03WMX,1,0:35:34.240000,DFL-OBJ-0002BO,DFL-OBJ-0026PM,4.999849997749933,34.158291693963506,7.43,9.93,2.5473223704563464,17.361019555314144,0,1.9699999999999989,57.41,4.91,32.03,False,0
J03WMX,1,0:35:43.360000,DFL-OBJ-002G4A,DFL-OBJ-0027G6,4.976524891930109,57.640985903221406,10.13,3.5,3.6882413907806044,14.995072523999342,1,27.58,70.45,17.95,-6.42,False,0
J03WMX,1,0:35:49.160000,DFL-OBJ-0002BO,DFL-OBJ-0026PM,4.894374321606389,55.06657488503232,9.24,18.79,5.8642195820573795,13.724204895002114,0,1.6700000000000017,52.61,0.11,32.33,False,0
J03WMX,1,0:35:54.880000,DFL-OBJ-0002F5,DFL-OBJ-000270,4.789415413179358,178.7852729828537,9.14,8.95,-1.5741996116515211,5.539034211845964,4,29.97,91.81,-39.31,4.03,False,0
J03WMX,1,0:35:58.400000,DFL-OBJ-J01B8N,DFL-OBJ-002GKO,4.873817805375987,21.069527939533906,15.45,19.03,5.842189106381457,15.030482360855888,1,12.7,82.53,-30.03,21.3,False,0
J03WMX,1,0:35:59.080000,DFL-OBJ-002GKO,DFL-OBJ-J01B8N,1.3146862743635843,77.55619359687375,19.3,15.08,4.868382412826572,14.6398428953319,0,12.530000000000001,26.25,-26.25,21.47,False,0
J03WMX,1,0:36:00.840000,DFL-OBJ-0027AX,DFL-OBJ-0002F5,4.532604108015612,26.29689816063448,18.36,6.04,-3.669713809678048,10.625107058284165,2,21.119999999999997,27.65,-24.85,12.88,False,0
J03WMX,1,0:36:46.600000,DFL-OBJ-0027KL,DFL-OBJ-000270,4.900255095400648,15.060355460731635,16.29,17.29,4.998456440614,19.932568825919052,0,12.489999999999998,89.92,-37.42,-21.51,False,0
J03WMX,1,0:36:51.280000,DFL-OBJ-0000IA,DFL-OBJ-00012X,4.9453210209247285,29.614278136487968,10.44,19.1,3.894195717717306,7.058363833070664,1,2.030000000000001,56.74,-4.24,-31.97,False,0
J03WMX,1,0:36:54.880000,DFL-OBJ-0002F5,DFL-OBJ-002GKO,4.848463674196187,0.42688665460224484,4.75,18.66,3.4648120707386476,9.927678479886419,1,12.829999999999998,72.9,-20.4,-21.17,False,0
J03WMX,1,0:37:02.720000,DFL-OBJ-J01B8N,DFL-OBJ-002GKO,4.904222670311777,0.9034391043756035,10.23,13.6,0.9743403770880232,8.357846612614999,1,22.89,69.17,-16.67,-11.11,False,0
J03WMX,1,0:37:16.600000,DFL-OBJ-J01APO,DFL-OBJ-J01BGM,4.8607921165176355,11.544337762335795,4.38,15.5,5.827348116630384,12.762104058500698,0,8.16,72.61,-20.11,25.84,False,0
J03WMX,1,0:37:24.200000,DFL-OBJ-0027KL,DFL-OBJ-002GKO,4.900704031055133,43.40597672190352,8.28,14.07,3.4108745985588773,20.39669090808605,1,22.439999999999998,87.09,-34.59,-11.56,False,0
J03WMX,1,0:37:30.480000,DFL-OBJ-0002F5,DFL-OBJ-000270,4.959939515760248,9.435953037634011,7.86,8.03,1.4371035484518102,9.47219087645514,1,23.85,81.64,-29.14,-10.15,False,0
J03WMX,1,0:37:38.680000,DFL-OBJ-J01APO,DFL-OBJ-J01BGM,4.952352976111457,16.104003110522854,2.65,11.63,4.644925176395516,12.800265622243938,1,6.710000000000001,72.55,-20.05,27.29,False,0
J03WMX,1,0:37:40.760000,DFL-OBJ-J017RE,DFL-OBJ-0027AX,4.9907614649470045,4.573310312704028,9.14,18.8,3.466453104637357,12.162322968906881,0,17.06,80.72,-28.22,16.94,False,0
J03WMX,1,0:37:45.520000,DFL-OBJ-J01B8N,DFL-OBJ-002GKO,4.892954117912818,19.812723430920588,4.76,20.93,4.25037084610653,5.962021469266946,0,22.79,69.77,-17.27,-11.21,False,0
J03WMX,1,0:37:48.600000,DFL-OBJ-0027G0,DFL-OBJ-0028BD,4.946402733300231,44.62386806253183,9.53,19.49,4.516843192737336,12.656322530656366,1,3.5,63.99,-11.49,-30.5,False,0
J03WMX,1,0:37:50.640000,DFL-OBJ-0002AU,DFL-OBJ-00012X,4.875920425929856,16.071167802768745,7.39,15.82,2.7651730240863848,5.100529384289438,2,1.490000000000002,51.11,1.39,-32.51,False,0
J03WMX,1,0:37:52.160000,DFL-OBJ-0028BD,DFL-OBJ-0002AU,1.9191925385432307,151.48570368245962,13.35,16.54,-0.31293675349169436,9.63338465960952,3,2.2300000000000004,54.86,2.36,-31.77,False,0
J03WMX,1,0:37:59,DFL-OBJ-0027AX,DFL-OBJ-0026PM,4.81814279572534,14.94776579871881,18.59,11.83,8.754192284649296,6.312947013875532,4,20.310000000000002,50.8,-1.7,-13.69,False,0
J03WMX,1,0:38:01.240000,DFL-OBJ-0027B6,DFL-OBJ-0000IA,4.926926019334977,4.856818846038422,13.57,22.84,3.155766415934631,10.490019065759604,0,26.19,64.93,12.43,-7.81,False,0
J03WMX,1,0:38:02.760000,DFL-OBJ-0027AX,DFL-OBJ-0026PM,3.4021169879943876,47.49262351764529,7.59,6.22,3.3731017817637197,10.16379850252847,2,25.25,56.14,3.64,-8.75,False,0
J03WMX,1,0:38:07.680000,DFL-OBJ-00012X,DFL-OBJ-0002AU,4.917570538385802,1.4118451183651475,3.07,21.62,5.3570828319833685,16.69014679384217,1,1.0499999999999972,56.13,3.63,-32.95,False,0
J03WMX,1,0:38:10.040000,DFL-OBJ-J01D1W,DFL-OBJ-0026PM,4.89538558236223,21.02365283372779,13.98,23.13,3.959934884720615,16.817568195193974,0,9.129999999999999,72.65,20.15,-24.87,False,0
J03WMX,1,0:38:15.920000,DFL-OBJ-0027B6,DFL-OBJ-0000IA,4.914926245631768,25.708045662149928,22.53,29.29,2.7514052424296254,20.211187496037933,0,15.260000000000002,71.76,19.26,18.74,False,0
J03WMX,1,0:38:24.680000,DFL-OBJ-00012X,DFL-OBJ-0002AU,4.985549117198625,11.505543997502643,4.79,17.65,4.119741107477603,18.92024577007392,0,4.760000000000002,40.269999999999996,-12.23,-29.24,False,0
J03WMX,1,0:38:29.080000,DFL-OBJ-0027AX,DFL-OBJ-0026PM,4.982569618178957,43.518646269955774,8.33,9.59,2.0639926152411014,6.799823527121862,1,11.52,48.83,-3.67,-22.48,False,0
J03WMX,1,0:38:30.960000,DFL-OBJ-002G4A,DFL-OBJ-0027G6,4.96229785482492,6.493782677385094,3.61,17.17,3.879543969529846,14.149618369411945,1,27.95,57.62,5.12,-6.05,False,0
J03WMX,1,0:38:32.680000,DFL-OBJ-J01D1W,DFL-OBJ-0027G6,4.913501806247761,9.841445075183657,11.26,20.92,3.6769981295411647,11.022000725821062,0,19.0,60.96,8.46,-15.0,False,0
J03WMX,1,0:38:37.360000,DFL-OBJ-0028BD,DFL-OBJ-0027KL,4.777164430915062,63.62500568414868,28.45,21.63,6.9055636620645995,10.400735550911774,0,0.8699999999999974,26.32,-26.18,-33.13,False,0
J03WMX,1,0:38:38.040000,DFL-OBJ-0028BD,DFL-OBJ-0027KL,2.2325769863545553,87.93852523448483,18.16,15.01,2.727024600907584,10.321128814233449,0,1.3800000000000026,21.93,-30.57,-32.62,False,0
J03WMX,1,0:38:43.040000,DFL-OBJ-002GKO,DFL-OBJ-0000IA,4.146613075752305,27.864353019957434,9.63,19.07,7.577442622684287,4.718728642335773,1,29.44,34.04,-18.46,-4.56,False,0
J03WMX,1,0:38:48.600000,DFL-OBJ-0002BO,DFL-OBJ-J01APO,4.990651260106239,1.7109022717339795,6.03,12.07,3.2644010409912494,14.290769748337564,0,2.5199999999999996,30.93,-21.57,31.48,False,0
J03WMX,1,0:38:52.800000,DFL-OBJ-0027B6,DFL-OBJ-0026PM,4.964876634922566,15.96366186970353,0.58,5.84,1.9325374097851622,11.718929131964234,1,12.64,40.21,-12.29,21.36,False,0
J03WMX,1,0:38:54.880000,DFL-OBJ-002G4A,DFL-OBJ-0000IA,4.968349826652709,26.332262279893385,14.74,15.78,2.1855666494892834,13.419545446847295,0,22.77,48.3,-4.2,11.23,False,0
J03WMX,1,0:38:55.800000,DFL-OBJ-002G4A,DFL-OBJ-0000IA,3.734836007109281,59.22763284065155,19.47,20.81,1.0409215933207039,11.835962149314268,0,27.009999999999998,49.86,-2.64,6.99,False,0
J03WMX,1,0:38:59.960000,DFL-OBJ-0028BD,DFL-OBJ-0002AU,4.998849867719571,4.380953233921913,7.95,22.72,4.944671396473663,10.998058919645773,1,1.9500000000000028,38.16,-14.34,-32.05,False,0
J03WMX,1,0:39:01.120000,DFL-OBJ-0002AU,DFL-OBJ-0028BD,0.6488451279003331,62.98060951030416,20.15,15.18,1.1930248323010129,11.404775315629854,0,2.8299999999999983,62.97,-10.47,-31.17,False,0
J03WMX,1,0:39:07,DFL-OBJ-0028BD,DFL-OBJ-0027G6,0.9135097153287418,47.147775655645766,11.85,24.12,3.5662791302376715,14.39670101099554,0,3.2300000000000004,39.99,-12.51,-30.77,False,0
J03WMX,1,0:39:08.080000,DFL-OBJ-00012X,DFL-OBJ-0027KL,2.5715753926338616,1.5791357992740183,9.57,13.18,2.6993485975994735,8.303649799937373,2,13.059999999999999,33.32,-19.18,-20.94,False,0
J03WMX,1,0:39:14.960000,DFL-OBJ-0028BD,DFL-OBJ-0027G0,4.917977226462115,68.55813973501357,10.31,13.26,2.392636720862038,11.799466089616091,0,3.6099999999999994,4.18,-48.32,-30.39,False,0
J03WMX,1,0:39:18.880000,DFL-OBJ-0026PM,DFL-OBJ-J01BGM,3.2935846732701446,140.44421684179684,6.69,2.85,-1.9362438425603967,4.651075144523037,6,33.04,90.0,-37.5,-0.96,False,0
J03WMX,1,0:39:19.800000,DFL-OBJ-0026PM,DFL-OBJ-0002BO,4.99415658545064,47.357548953093286,18.88,16.8,7.2999092669662975,5.096596903817292,5,33.55,86.89,-34.39,0.45,False,0
J03WMX,1,0:40:12.040000,DFL-OBJ-J01BGM,DFL-OBJ-J017RE,3.984532594922518,49.303440237419636,5.5,7.91,0.4260707384670037,4.673842102596106,1,1.740000000000002,21.65,-30.85,32.26,False,0
J03WMX,1,0:40:12.720000,DFL-OBJ-J01BGM,DFL-OBJ-J017RE,2.9806207407182823,15.434552668409244,1.27,9.07,2.20071472139838,3.640178567048602,3,1.5499999999999972,21.81,-30.69,32.45,False,0
J03WMX,1,0:40:13.160000,DFL-OBJ-J017RE,DFL-OBJ-J01BGM,2.1592822881689226,116.4392648160169,5.18,3.18,1.7708684875908876,5.003238950919694,2,2.780000000000001,84.88,-32.38,31.22,False,0
J03WMX,1,0:40:13.360000,DFL-OBJ-J01BGM,DFL-OBJ-J017RE,2.151115989434324,30.049718274154607,4.53,3.19,0.6126190274758014,2.236604569431086,2,1.6199999999999974,22.17,-30.33,32.38,False,0
J03WMX,1,0:40:14.080000,DFL-OBJ-J01BGM,DFL-OBJ-0002F5,1.417674151559519,17.342661987274177,11.45,11.99,0.6331343359422886,2.853506614676056,1,1.1799999999999997,23.62,-28.88,32.82,False,0
J03WMX,1,0:40:14.680000,DFL-OBJ-0002BO,DFL-OBJ-0027G6,1.1301769772916088,15.264011420588883,13.05,12.09,0.28311429583816883,3.617070637961057,1,4.09,28.28,-24.22,29.91,False,0
J03WMX,1,0:40:15.680000,DFL-OBJ-002GKO,DFL-OBJ-J01APO,3.97212789320787,23.94341361492256,10.09,3.99,2.8764411767498133,5.998483141595047,2,10.82,19.72,-32.78,23.18,False,0
J03WMX,1,0:40:16.760000,DFL-OBJ-002GKO,DFL-OBJ-J01APO,1.3418271125595844,67.17034022945967,20.14,14.32,1.4813654274036625,2.8793402021991095,3,8.190000000000001,15.850000000000001,-36.65,25.81,False,0
J03WMX,1,0:40:25,DFL-OBJ-0002AU,DFL-OBJ-00012X,4.991192242340503,43.575746024418486,18.02,21.49,1.019912748298486,9.138774534914404,2,15.850000000000001,91.95,-39.45,-18.15,False,0
J03WMX,1,0:40:26.600000,DFL-OBJ-0027G0,DFL-OBJ-0028BD,4.870164268276787,19.467245458383754,4.12,15.96,5.102121705200153,10.816066752752588,1,20.39,100.36,-47.86,-13.61,False,0
J03WMX,1,0:40:49.520000,DFL-OBJ-J01D1W,DFL-OBJ-0000IA,4.869270992664096,15.503636287385774,7.81,20.46,4.564747270231792,13.209848598678184,0,8.91,54.88,2.38,-25.09,False,0
J03WMX,1,0:41:02.360000,DFL-OBJ-002GKO,DFL-OBJ-0000IA,4.851494615064516,27.325454591647585,11.26,15.0,4.801007996737329,5.80803753431398,3,19.22,46.38,-6.12,-14.78,False,0
J03WMX,1,0:41:08.600000,DFL-OBJ-0002BO,DFL-OBJ-0026PM,4.893107397145496,42.12607129365949,17.34,26.19,3.8990517702063876,18.811661276984548,0,2.6900000000000013,40.29,-12.21,31.31,False,0
J03WMX,1,0:41:10.360000,DFL-OBJ-J01BGM,DFL-OBJ-J017RE,3.8827438751480905,2.0165178869082045,4.55,14.99,3.7210264078635302,4.3782416561902995,0,15.969999999999999,22.46,-30.04,18.03,False,0
J03WMX,1,0:41:11.360000,DFL-OBJ-J017RE,DFL-OBJ-J01BGM,0.3499999999999986,111.30265577748249,8.99,6.53,1.4169696769372868,13.301864530959556,1,16.58,82.06,-29.56,17.42,False,0
J03WMX,1,0:41:11.960000,DFL-OBJ-0002F5,DFL-OBJ-J01BGM,2.1779348015953084,61.68943742980424,2.95,10.9,2.583277656378756,8.863413563633369,2,16.75,78.67,-26.17,17.25,False,0
J03WMX,1,0:41:13.400000,DFL-OBJ-J017RE,DFL-OBJ-J01BGM,2.999083193244228,19.200586643228633,8.18,11.8,0.25781424301965616,7.8363894747517495,1,17.15,82.59,-30.09,16.85,False,0
J03WMX,1,0:41:34.720000,DFL-OBJ-000270,DFL-OBJ-J017RE,0.47634021455258335,157.33626866475353,2.88,2.09,0.07430755650654874,4.92345407209207,2,6.16,26.5,-26.0,27.84,False,0
J03WMX,1,0:41:35.280000,DFL-OBJ-000270,DFL-OBJ-J017RE,0.4964876634922553,104.03624346792661,5.45,3.77,-0.12402401015542353,4.256994244769422,1,6.68,26.63,-25.87,27.32,False,0
J03WMX,1,0:41:38,DFL-OBJ-0002BO,DFL-OBJ-0002F5,4.9140004070003895,40.073047170001786,16.46,11.88,6.105026850884656,11.302322770121192,1,3.3200000000000003,32.16,-20.34,30.68,False,0
J03WMX,1,0:41:48.120000,DFL-OBJ-0002AU,DFL-OBJ-00012X,0.7496665925596526,7.987514679249002,13.58,5.13,3.1346382662427645,8.028281260643526,1,20.939999999999998,54.02,-1.52,-13.06,False,0
J03WMX,1,0:41:54.160000,DFL-OBJ-0000IA,DFL-OBJ-J01D1W,4.899387716847893,92.30157440803893,19.76,18.3,3.4365952598672966,6.943752587758295,1,29.91,29.68,22.82,4.09,False,0
J03WMX,1,0:41:57.960000,DFL-OBJ-J01BGM,DFL-OBJ-0000IA,4.997129175836863,27.80328733089547,22.08,27.52,4.189877681110712,9.54739755116545,1,11.719999999999999,70.87,18.37,22.28,False,0
J03WMX,1,0:41:58.680000,DFL-OBJ-J01BGM,DFL-OBJ-0000IA,2.9143095237122645,17.772768471797587,19.28,27.51,2.5153740826756663,8.817760486654196,1,7.649999999999999,70.87,18.37,26.35,False,0
J03WMX,1,0:42:02.680000,DFL-OBJ-J01APO,DFL-OBJ-J01BGM,4.708386135397139,32.9804985217632,8.5,12.83,3.2155702851928325,8.616414567556507,1,3.530000000000001,39.69,12.81,30.47,False,0
J03WMX,1,0:42:03.520000,DFL-OBJ-0026PM,DFL-OBJ-0002BO,4.097999511957025,102.68038349182002,3.68,1.99,-1.4147595419103898,4.235717176582971,2,7.920000000000002,34.33,18.17,26.08,False,0
J03WMX,1,0:42:08.720000,DFL-OBJ-000270,DFL-OBJ-J017RE,3.133448579440869,16.959956345544246,13.05,11.41,1.056330744745101,7.732037247711628,1,22.310000000000002,52.9,0.4,11.69,False,0
J03WMX,1,0:42:09.720000,DFL-OBJ-0027AX,DFL-OBJ-0002F5,3.3903687115120658,88.50582598344673,23.49,22.46,0.26711116179600314,7.4654202828775835,1,15.670000000000002,56.62,4.12,18.33,False,0
J03WMX,1,0:42:10.520000,DFL-OBJ-J01APO,DFL-OBJ-0027AX,2.1876928486421487,31.821207476997557,8.24,16.98,6.081741863301701,5.262413894782508,1,11.309999999999999,53.48,-0.98,22.69,False,0
J03WMX,1,0:42:10.760000,DFL-OBJ-0002F5,DFL-OBJ-0027AX,4.793714634810877,107.24337431363108,23.52,15.01,-1.319566712600111,9.229788729976434,1,14.95,55.08,-2.58,19.05,False,0
J03WMX,1,0:42:17.440000,DFL-OBJ-0027KL,DFL-OBJ-000270,4.993766113866367,16.559267407137927,4.21,18.19,4.929408247229654,12.590035742602161,1,32.36,76.4,-23.9,-1.64,False,0
J03WMX,1,0:42:20.080000,DFL-OBJ-0002F5,DFL-OBJ-0027AX,4.9948473450146595,41.65400038337021,13.86,10.49,1.2457118264666378,6.577788382123586,2,31.6,68.11,-15.61,-2.4,False,0
J03WMX,1,0:42:23.120000,DFL-OBJ-0027G0,DFL-OBJ-0028BD,4.884557298261532,16.33335301779079,5.17,18.7,5.342541498442712,18.941726426067923,0,4.98,59.95,-7.45,-29.02,False,0
J03WMX,1,0:42:24.520000,DFL-OBJ-0002AU,DFL-OBJ-J01D1W,2.863424523188973,43.43894012820492,9.24,13.61,2.3697189670824526,8.15924016070124,2,15.66,48.59,3.91,-18.34,False,0
J03WMX,1,0:42:27.360000,DFL-OBJ-0027G6,DFL-OBJ-0028BD,4.902091390416949,16.84946521611757,0.39,15.75,5.027873820709782,6.042929753025431,1,0.3500000000000014,47.46,5.04,-33.65,False,0
J03WMX,1,0:42:30.840000,DFL-OBJ-0002F5,DFL-OBJ-002GKO,4.807130120976546,32.909542863011986,18.24,18.73,6.5647606317067675,5.3318383321327385,1,10.620000000000001,47.87,4.63,-23.38,False,0
J03WMX,1,0:42:32.520000,DFL-OBJ-0002AU,DFL-OBJ-00012X,3.5845362322063363,1.3917302303713517,4.54,10.83,3.2515880199468636,6.265365113064043,2,0.8599999999999994,42.019999999999996,10.48,-33.14,False,0
J03WMX,1,0:42:38.520000,DFL-OBJ-J01B8N,DFL-OBJ-002GKO,4.866374420448966,46.55384928556994,16.67,21.4,3.4747960289306157,10.289645280572117,1,33.91,44.4,8.1,0.09,False,0
J03WMX,1,0:42:40.920000,DFL-OBJ-J01APO,DFL-OBJ-J01BGM,4.929675445706338,56.29594680772979,14.76,16.45,2.9345998369841397,13.855110970324272,0,12.55,39.35,13.15,21.45,False,0
J03WMX,1,0:42:42.440000,DFL-OBJ-0000IA,DFL-OBJ-0002BO,4.880696671582858,29.16573790739132,2.08,10.82,3.7479056525671472,10.780445259821134,1,1.3400000000000034,28.01,24.49,32.66,False,0
J03WMX,1,0:42:44.080000,DFL-OBJ-J01APO,DFL-OBJ-J01BGM,3.4308308031729005,51.67382612892125,9.87,7.77,-1.1330777467823672,6.924579409610378,0,4.620000000000001,34.43,18.07,29.38,False,0
J03WMX,1,0:42:50.840000,DFL-OBJ-0002F5,DFL-OBJ-0028BD,4.884147827410632,32.489099559607084,4.48,10.4,3.6926175722592647,7.3771810334300465,1,25.9,38.59,13.91,-8.1,False,0
J03WMX,1,0:42:54.040000,DFL-OBJ-0027G0,DFL-OBJ-0028BD,4.8610286977140955,47.94658622576734,17.6,20.59,3.949019791957382,10.778984182194534,1,9.93,32.84,19.66,-24.07,False,0
J03WMX,1,0:42:55.440000,DFL-OBJ-0002AU,DFL-OBJ-00012X,4.893260671576777,8.073135321318999,1.46,11.98,3.1974388800742504,10.141365785731232,0,1.6499999999999986,24.88,27.62,-32.35,False,0
J03WMX,1,0:42:57.160000,DFL-OBJ-0002F5,DFL-OBJ-002GKO,4.708566660885242,2.0873007651009012,13.23,17.55,1.6287932342028544,9.628338382088574,0,12.27,31.49,21.01,-21.73,False,0
J03WMX,1,0:42:59.800000,DFL-OBJ-0002AU,DFL-OBJ-00012X,4.961451400548028,11.703492629185783,11.54,21.33,2.602974212102418,8.748857068211825,0,2.8000000000000007,36.379999999999995,16.12,-31.2,False,0
J03WMX,1,0:43:07.360000,DFL-OBJ-J01APO,DFL-OBJ-J01BGM,4.8609669819903125,24.650798223808984,4.58,14.96,5.1082676415086565,11.548441453287106,1,9.98,42.8,9.7,24.02,False,0
J03WMX,1,0:43:11,DFL-OBJ-J017RE,DFL-OBJ-0027AX,4.992684648563336,24.073964465886796,10.78,15.44,3.7609213240226436,11.631104848637554,0,22.990000000000002,50.37,2.13,11.01,False,0
J03WMX,1,0:43:14.400000,DFL-OBJ-J01B8N,DFL-OBJ-002G4A,4.961663027655143,38.236592868514116,7.96,15.37,1.888235512498262,5.601830058114937,1,21.11,31.23,21.27,12.89,False,0
J03WMX,1,0:43:18.600000,DFL-OBJ-0026PM,DFL-OBJ-0002BO,4.926266334659546,59.570146871056565,15.46,11.22,5.311107123822365,11.637680181204498,0,6.390000000000001,13.530000000000001,38.97,27.61,False,0
J03WMX,1,0:43:20.440000,DFL-OBJ-0026PM,DFL-OBJ-0002BO,2.1507673049402642,72.9658965584401,27.86,20.2,-1.218042212262123,6.530122510336232,0,12.559999999999999,6.020000000000003,46.48,21.44,False,0
J03WMX,1,0:44:03.040000,DFL-OBJ-0002AU,DFL-OBJ-0028BD,3.858147223733174,118.05475314799574,16.6,10.09,-3.7374813813405416,8.817828530879925,2,4.460000000000001,42.44,10.06,-29.54,False,0
J03WMX,1,0:44:04,DFL-OBJ-0002AU,DFL-OBJ-00012X,4.863661172409112,58.065071011863765,15.15,5.95,3.3512669536869866,5.6230685572914725,2,2.120000000000001,38.69,13.81,-31.88,False,0
J03WMX,1,0:44:04.760000,DFL-OBJ-0002AU,DFL-OBJ-00012X,2.612221276997798,57.855252988122864,12.34,11.74,2.996579114763552,4.860329206957081,2,0.6599999999999966,36.239999999999995,16.26,-33.34,False,0
J03WMX,1,0:44:05.640000,DFL-OBJ-0027G6,DFL-OBJ-J01D1W,4.115774532211401,130.41277548362152,12.48,7.22,0.8006775101856678,6.217668373273057,3,10.129999999999999,31.2,21.3,-23.87,False,0
J03WMX,1,0:44:06.440000,DFL-OBJ-0027G6,DFL-OBJ-J01D1W,2.8182263926093665,92.70572691736663,11.39,11.15,1.7323893612657004,4.383811127318329,2,8.370000000000001,29.53,22.97,-25.63,False,0
J03WMX,1,0:44:09.200000,DFL-OBJ-0002AU,DFL-OBJ-002G4A,4.924032899971319,62.89479343614605,28.07,28.76,2.55539789704307,7.217548060110165,2,16.55,12.240000000000002,40.26,-17.45,False,0
J03WMX,1,0:46:45.200000,DFL-OBJ-0027B6,DFL-OBJ-0027G6,4.956137609066154,28.921404557618146,3.65,15.58,3.8090579724701157,17.025915540727905,1,32.31,81.83,29.33,1.69,False,0
J03WMX,1,0:46:53.800000,DFL-OBJ-0027AX,DFL-OBJ-0002F5,3.2140006222774753,79.10262122938529,12.88,14.91,0.7048497016218502,3.6661696632861935,3,22.77,50.96,-1.54,-11.23,False,0
J03WMX,1,0:46:59.800000,DFL-OBJ-0002BO,DFL-OBJ-0026PM,4.996518788116382,28.849318951061502,12.82,23.9,3.342093380483575,14.540030949072976,0,10.809999999999999,74.27,21.77,23.19,False,0
J03WMX,2,0:00:13.480000,DFL-OBJ-0002AU,DFL-OBJ-00012X,3.2987421845303375,68.22426673542982,10.0,2.58,3.097223390656809,3.7012970699472394,4,14.219999999999999,59.03,6.53,19.78,False,0
J03WMX,2,0:00:14.280000,DFL-OBJ-0002AU,DFL-OBJ-00012X,1.9365949499056319,79.58178933416015,12.12,12.63,0.8385214280460074,3.887029714319147,4,12.120000000000001,61.11,8.61,21.88,False,0
J03WMX,2,0:00:29.440000,DFL-OBJ-00012X,DFL-OBJ-0000IA,3.890321323489874,3.2777666399518712,6.15,16.35,3.366417664051471,10.700210278307617,2,5.370000000000001,55.25,-2.75,28.63,False,0
J03WMX,2,0:00:30.280000,DFL-OBJ-00012X,DFL-OBJ-0000IA,1.3284953895290743,63.379321869998805,2.5,10.48,2.104683106885982,9.180920433159194,2,4.989999999999998,54.05,-1.55,29.01,False,0
J03WMX,2,0:00:34.880000,DFL-OBJ-0028BD,DFL-OBJ-0026PM,4.914560000651126,6.9473962673395055,3.18,18.6,5.9248774110085645,7.600664444639036,1,0.4299999999999997,46.45,6.05,33.57,False,0
J03WMX,2,0:00:36.640000,DFL-OBJ-0027G0,DFL-OBJ-0027AX,3.976128770550572,77.64857488223933,3.99,3.54,-0.6063784939358818,8.792565040987755,1,5.66,70.44,17.94,28.34,False,0
J03WMX,2,0:00:37.080000,DFL-OBJ-0002F5,DFL-OBJ-0027AX,4.14366987102013,80.55800986333925,9.45,2.05,0.7207903494702927,4.886972477925365,2,4.850000000000001,67.02,14.52,29.15,False,0
J03WMX,2,0:00:38.600000,DFL-OBJ-0027G0,DFL-OBJ-0027AX,2.6072207424765557,22.071359462422333,9.37,13.37,1.872493418103961,4.072259814893937,1,7.309999999999999,73.77,21.27,26.69,False,0
J03WMX,2,0:00:40,DFL-OBJ-0027KL,DFL-OBJ-0027AX,4.980863378973573,4.0851762326072,12.91,12.01,4.522178800305667,6.5007691852580045,0,10.030000000000001,82.67,30.17,23.97,False,0
J03WMX,2,0:01:04.760000,DFL-OBJ-0026PM,DFL-OBJ-J01D1W,1.50602124819008,28.235628000212976,7.08,12.1,1.4498893528412593,5.173490117899133,2,0.5399999999999991,29.74,-22.76,33.46,False,0
J03WMX,2,0:01:39.120000,DFL-OBJ-0002F5,DFL-OBJ-002GKO,4.68240322911216,38.24360922309026,14.88,10.54,-0.7057523939336607,4.968349826652708,3,20.25,46.06,-6.44,13.75,False,0
J03WMX,2,0:01:41.040000,DFL-OBJ-J017RE,DFL-OBJ-J01BGM,4.785237716143264,17.67385640088259,4.11,22.94,6.591453669643454,9.083066662752179,0,26.89,59.62,7.12,7.11,False,0
J03WMX,2,0:01:47.680000,DFL-OBJ-0002BO,DFL-OBJ-0027G6,4.9040799340956935,17.088982381141253,0.72,19.01,5.144989764417531,19.797365986413446,1,7.649999999999999,77.16,-24.66,-26.35,False,0
J03WMX,2,0:01:51.960000,DFL-OBJ-0002BO,DFL-OBJ-0027G6,1.9409533739891847,19.37112120923682,5.81,21.38,4.931180588428747,12.722079232578299,0,0.8200000000000003,77.53,-25.03,-33.18,False,0
J03WMX,2,0:01:53.760000,DFL-OBJ-J01BGM,DFL-OBJ-J017RE,4.845719760778576,13.284563650418933,1.36,19.9,5.9877723026955465,6.59276118178112,1,1.1700000000000017,55.82,-3.32,-32.83,False,0
J03WMX,2,0:01:55.040000,DFL-OBJ-002GKO,DFL-OBJ-J01B8N,1.9016045856065884,78.7255363468804,27.62,27.98,0.33335032771802053,10.19117755708338,1,5.32,44.85,7.65,-28.68,False,0
J03WMX,2,0:02:07.080000,DFL-OBJ-0002AU,DFL-OBJ-J01D1W,3.642691312752153,20.80627192105704,7.24,13.46,4.21623122417532,10.25061949347453,0,25.58,61.72,9.22,-8.42,False,0
J03WMX,2,0:02:07.640000,DFL-OBJ-0002AU,DFL-OBJ-J01D1W,2.9260553651631405,16.64506299195787,14.7,16.65,0.9548751904666941,9.040763242116233,0,26.97,62.91,10.41,-7.03,False,0
J03WMX,2,0:02:13.880000,DFL-OBJ-0026PM,DFL-OBJ-00012X,4.976906669810074,94.68542635196872,21.9,19.01,2.9564751571960035,15.67969387456273,0,4.789999999999999,37.15,-15.35,29.21,False,0
J03WMX,2,0:02:15.280000,DFL-OBJ-0026PM,DFL-OBJ-00012X,2.4764894508154067,126.06205932441353,25.27,20.81,1.347095151044565,12.270631605585756,1,7.469999999999999,28.93,-23.57,26.53,False,0
J03WMX,2,0:02:17.320000,DFL-OBJ-0026PM,DFL-OBJ-00012X,3.365857988685796,178.99536438634865,1.62,1.34,-0.243812700764362,5.7468687126121125,0,9.41,21.68,-30.82,24.59,False,0
J03WMX,2,0:02:20.960000,DFL-OBJ-0002F5,DFL-OBJ-0027AX,4.890368084306128,22.795585253216505,11.79,16.06,2.8231038439699185,15.62439118813914,1,20.75,41.78,-10.72,13.25,False,0
J03WMX,2,0:02:26.880000,DFL-OBJ-J01APO,DFL-OBJ-J01BGM,4.938552419484885,25.64850428025119,8.33,18.59,4.168933813560316,14.539164350126867,0,2.789999999999999,31.2,-21.3,-31.21,False,0
J03WMX,2,0:02:27.440000,DFL-OBJ-J01APO,DFL-OBJ-J01BGM,3.096853241598637,32.48281785828779,5.68,11.72,3.04272317691879,12.658629467679347,0,2.3500000000000014,30.21,-22.29,-31.65,False,0
J03WMX,2,0:02:27.920000,DFL-OBJ-J01APO,DFL-OBJ-J01BGM,2.319698256239375,47.83788725425265,10.95,8.04,1.5221698646163828,10.934349546269317,0,2.120000000000001,29.23,-23.27,-31.88,False,0
J03WMX,2,0:02:29.560000,DFL-OBJ-J01APO,DFL-OBJ-J01BGM,1.8122085972646793,55.35237310136738,18.15,16.19,0.25957245163729603,4.913023509001357,0,1.2299999999999969,21.99,-30.51,-32.77,False,0
J03WMX,2,0:02:30.880000,DFL-OBJ-0027G6,DFL-OBJ-002GKO,2.4466303357883894,33.26446293448209,8.45,18.46,2.2705049995337343,5.306675041869438,1,7.649999999999999,17.0,-35.5,-26.35,False,0
J03WMX,2,0:02:38.200000,DFL-OBJ-0002F5,DFL-OBJ-000270,4.569387267457202,170.47855639768474,7.22,8.14,-0.28892170280075957,6.568782231129298,1,9.379999999999999,40.6,-11.9,-24.62,False,0
J03WMX,2,0:02:43.800000,DFL-OBJ-0026PM,DFL-OBJ-00012X,4.972574785762403,55.669106007018044,5.28,4.05,2.5413717233452693,8.510757898095795,0,12.690000000000001,23.85,-28.65,21.31,False,0
J03WMX,2,0:02:47.240000,DFL-OBJ-0002AU,DFL-OBJ-0028BD,0.6946221994724922,45.60171437519928,28.61,20.83,1.935296894866203,5.914025701668871,1,16.17,26.75,-25.75,17.83,False,0
J03WMX,2,0:03:12.800000,DFL-OBJ-0002BO,DFL-OBJ-0027G6,4.876474136094643,18.38382947825566,12.71,22.26,3.6549892770014547,6.998071162827653,1,1.9200000000000017,61.69,-9.19,-32.08,False,0
J03WMX,2,0:03:16.080000,DFL-OBJ-0002F5,DFL-OBJ-0027AX,2.9844429966075747,90.28416316903147,14.12,5.88,-3.3799005621903087,7.0309601051350015,3,9.82,61.5,9.0,-24.18,False,0
J03WMX,2,0:03:24.720000,DFL-OBJ-0002DR,DFL-OBJ-000270,4.94814106508697,10.079447508457585,10.09,20.28,6.19470187531181,12.31286319261284,0,31.89,94.95,42.45,-2.11,False,0
J03WMX,2,0:03:33.560000,DFL-OBJ-0002BO,DFL-OBJ-0027G6,4.962438916500636,28.697512586901723,10.39,15.19,5.551665654059825,15.491688093942509,1,1.3699999999999974,68.73,-16.23,-32.63,False,0
J03WMX,2,0:03:42.440000,DFL-OBJ-00012X,DFL-OBJ-0026PM,4.924804564650255,9.986577886320704,8.36,21.45,5.756780745018372,12.276717802409568,1,15.329999999999998,76.52,-24.02,18.67,False,0
J03WMX,2,0:03:51.040000,DFL-OBJ-0002BO,DFL-OBJ-J01APO,4.867864007960781,30.561962649566794,15.51,13.48,7.711062426729606,13.230162508450148,0,2.6900000000000013,74.42,-21.92,-31.31,False,0
J03WMX,2,0:03:54.160000,DFL-OBJ-002GKO,DFL-OBJ-J01B8N,4.948383574461461,58.92488672400131,2.89,16.3,1.8916232283774237,7.2861581097310815,2,17.77,59.12,-6.62,-16.23,False,0
J03WMX,2,0:03:55.120000,DFL-OBJ-002GKO,DFL-OBJ-J01B8N,3.7163691958684626,57.27235268758702,13.89,20.02,0.9580403725426045,4.884270672270325,2,19.66,59.91,-7.41,-14.34,False,0
J03WMX,2,0:03:58.960000,DFL-OBJ-002GKO,DFL-OBJ-0002AU,4.9987398411999795,131.04171766761786,21.05,12.64,2.757596470194581,8.441386142097754,3,32.06,62.6,-10.1,1.94,False,0
J03WMX,2,0:04:00.280000,DFL-OBJ-00012X,DFL-OBJ-0026PM,4.96798752011315,4.714446137171196,5.08,18.44,4.566514796977625,17.34579199690807,0,7.239999999999998,57.15,-4.65,26.76,False,0
J03WMX,2,0:04:02.600000,DFL-OBJ-002GKO,DFL-OBJ-0002F5,3.0200165562460084,11.429881222575526,8.61,13.0,1.7080631670144708,7.0466516871490095,2,18.259999999999998,53.99,-1.49,15.74,False,0
J03WMX,2,0:04:03.800000,DFL-OBJ-00012X,DFL-OBJ-0002AU,2.5367104683033905,157.65805796221397,17.1,1.41,-1.9682049754993869,4.106701839676214,1,18.560000000000002,59.5,-7.0,15.44,False,0
J03WMX,2,0:04:05.040000,DFL-OBJ-002G4A,DFL-OBJ-0000IA,4.98081318661923,18.1380821555973,8.26,20.68,2.5882462861785838,8.547432362996503,1,25.53,67.24,-14.74,8.47,False,0
J03WMX,2,0:04:10.360000,DFL-OBJ-0002BO,DFL-OBJ-J01APO,4.863517245780054,32.43915973314819,4.26,13.88,5.131666682790656,9.900085858213552,0,1.9699999999999989,56.63,-4.13,-32.03,False,0
J03WMX,2,0:04:11.440000,DFL-OBJ-J01BGM,DFL-OBJ-J01B8N,2.369071548096427,33.174779100792605,20.83,23.68,0.8468299745718211,13.448364212795546,1,5.550000000000001,36.78,15.72,-28.45,False,0
J03WMX,2,0:04:17.560000,DFL-OBJ-00012X,DFL-OBJ-0002F5,4.836992867474584,34.292354669066974,9.11,13.94,1.8638112145869146,7.1652564504000855,1,7.190000000000001,17.310000000000002,35.19,-26.81,False,0
J03WMX,2,0:04:19.440000,DFL-OBJ-J01BGM,DFL-OBJ-J01B8N,4.078259432650157,36.57729957362072,13.36,15.84,0.9193469199481541,7.1363085695617166,1,1.1700000000000017,20.130000000000003,32.37,-32.83,False,0
J03WMX,2,0:04:20.880000,DFL-OBJ-00012X,DFL-OBJ-0002F5,1.5505160431288683,21.106710903593335,4.64,15.3,1.8771871016573298,5.506813960903348,2,1.7100000000000009,16.299999999999997,36.2,-32.29,False,0
J03WMX,2,0:04:37.560000,DFL-OBJ-J017RE,DFL-OBJ-0027AX,4.862026326543285,4.7617224270177365,6.45,13.64,4.206971037285654,10.912396620357967,0,3.9200000000000017,93.36,40.86,-30.08,False,0
J03WMX,2,0:04:42.680000,DFL-OBJ-002G4A,DFL-OBJ-J01B8N,0.8614522621712724,59.88425683794362,14.69,15.58,-0.20363065542818443,6.491594565282093,3,13.46,45.86,6.64,-20.54,False,0
J03WMX,2,0:04:43.600000,DFL-OBJ-0002BO,DFL-OBJ-0000IA,1.262695529413169,37.68296561009824,14.8,17.77,1.5508348614984684,5.082214084432101,3,7.879999999999999,47.75,4.75,-26.12,False,0
J03WMX,2,0:04:46.600000,DFL-OBJ-0027AX,DFL-OBJ-J017RE,4.946038819095541,48.36985867567116,6.91,12.2,4.092822778290192,6.341616513161293,2,3.8099999999999987,31.3,21.2,-30.19,False,0
J03WMX,2,0:04:55.440000,DFL-OBJ-00012X,DFL-OBJ-0002AU,4.9332038271289775,28.977699568760276,19.42,21.23,3.09334774685168,12.452377283073298,0,7.370000000000001,40.59,11.91,26.63,False,0
J03WMX,2,0:04:56.440000,DFL-OBJ-0028BD,DFL-OBJ-0026PM,4.8201659722461825,14.892990589348255,1.82,16.71,3.346601825886426,6.682828742381476,1,1.6700000000000017,32.31,20.19,32.33,False,0
J03WMX,2,0:04:57.440000,DFL-OBJ-00012X,DFL-OBJ-0002AU,4.1930537797648135,98.03431432285257,15.79,6.2,-4.110723433084198,5.24660842830871,0,7.050000000000001,31.53,20.97,26.95,False,0
J03WMX,2,0:06:05.960000,DFL-OBJ-J01APO,DFL-OBJ-J01BGM,4.899387716847893,24.41337535517209,7.19,19.19,6.592393878128073,16.66010804286695,0,1.5,62.6,10.1,-32.5,False,0
J03WMX,2,0:06:10.720000,DFL-OBJ-J017RE,DFL-OBJ-000270,4.929665303040358,3.998241412788985,12.25,23.22,2.8152720026722,13.447765613662371,0,9.690000000000001,90.92,38.42,-24.31,False,0
J03WMX,2,0:06:15.680000,DFL-OBJ-J017RE,DFL-OBJ-J01BGM,4.997479364639738,5.082667797709243,9.98,19.33,4.644927554329188,9.955350320305158,0,8.41,100.87,48.37,-25.59,False,0
J03WMX,2,0:06:21.640000,DFL-OBJ-00012X,DFL-OBJ-0002AU,4.991963541533532,25.47122496878951,6.63,12.95,3.47097278324191,9.643754455604933,2,27.93,58.28,-5.78,6.07,False,0
J03WMX,2,0:06:23.240000,DFL-OBJ-002G4A,DFL-OBJ-0027G6,2.3338380406532067,62.1110792106412,21.78,23.68,5.337692041114435,6.2701275904083476,0,24.27,48.34,4.16,-9.73,False,0
J03WMX,2,0:06:27.200000,DFL-OBJ-0002BO,DFL-OBJ-J01APO,4.915384013482568,0.37492111036884695,4.41,15.91,6.310632686101176,16.061123871012263,0,1.9600000000000009,56.02,-3.52,-32.04,False,0
J03WMX,2,0:06:28.560000,DFL-OBJ-J01BGM,DFL-OBJ-J017RE,3.412828738744445,11.21300648672356,14.7,17.57,0.8847017513518141,13.173856686635085,0,2.5,39.31,13.19,-31.5,False,0
J03WMX,2,0:07:26.800000,DFL-OBJ-0002AU,DFL-OBJ-J01BGM,2.425386567126975,15.830155736978538,16.01,12.82,0.5445306312133757,7.115370686057048,7,26.27,88.84,36.34,7.73,False,0
J03WMX,2,0:07:57.520000,DFL-OBJ-J01B8N,DFL-OBJ-0028BD,4.827432029557745,6.176345277221737,8.31,15.53,4.645055826172386,9.043699464267926,1,19.189999999999998,46.43,-6.07,14.81,False,0
J03WMX,2,0:07:58,DFL-OBJ-J01B8N,DFL-OBJ-0028BD,3.0095846889562687,41.35012409287187,7.29,15.24,3.6983931998170525,8.323280603223708,1,19.47,45.34,-7.16,14.53,False,0
J03WMX,2,0:07:58.960000,DFL-OBJ-0027G6,DFL-OBJ-0027B6,4.278562842824679,66.58627741429312,18.37,14.07,-1.9510869299612599,9.78086397001819,1,32.17,37.019999999999996,-15.48,1.83,False,0
J03WMX,2,0:08:04.920000,DFL-OBJ-J01APO,DFL-OBJ-0002BO,4.97115680702188,60.967824755441804,27.06,21.73,1.4450357556300264,8.131727983645295,1,13.940000000000001,10.130000000000003,-42.37,-20.06,False,0
J03WMX,2,0:08:07.080000,DFL-OBJ-0027B6,DFL-OBJ-0002AU,1.8527007313648889,89.3626610597568,2.35,2.52,0.5746144668074976,7.812867591352102,5,26.73,98.64,-46.14,-7.27,False,0
J03WMX,2,0:08:08.160000,DFL-OBJ-0027B6,DFL-OBJ-0002AU,2.9607093744574113,38.4029759494967,12.57,3.14,-1.0024570664052757,6.14056186354311,5,25.02,98.93,-46.43,-8.98,False,0
J03WMX,2,0:08:13.640000,DFL-OBJ-0027KL,DFL-OBJ-000270,3.0233755969115044,12.178750712992054,26.86,25.78,-0.355097753659005,8.841832389273165,0,10.170000000000002,53.39,0.89,-23.83,False,0
J03WMX,2,0:08:29.960000,DFL-OBJ-J01APO,DFL-OBJ-0028BD,4.937175305779614,17.412513988398345,15.87,22.66,1.9975856102216527,10.881038553373477,2,10.559999999999999,42.6,-9.9,-23.44,False,0
J03WMX,2,0:08:36.280000,DFL-OBJ-J01B8N,DFL-OBJ-0027AX,4.900663220422313,22.478121344984725,4.43,14.37,3.910353735847485,8.22868762318755,1,9.23,34.730000000000004,-17.77,-24.77,False,0
J03WMX,2,0:08:38.160000,DFL-OBJ-J017RE,DFL-OBJ-0027AX,4.664697203463479,23.017773708330182,5.54,14.18,3.3038842752208497,12.55740817207118,0,12.32,44.47,-8.03,-21.68,False,0
J03WMX,2,0:08:42.760000,DFL-OBJ-0027G0,DFL-OBJ-J01BGM,4.963839239943212,15.776330780994078,4.48,21.52,5.0504455713359215,12.061882108526845,1,20.689999999999998,49.88,-2.62,13.31,False,0
J03WMX,2,0:08:47.040000,DFL-OBJ-0027KL,DFL-OBJ-000270,4.957358167411349,33.39468458148235,17.21,23.99,4.4697300331783785,14.690952998359228,0,28.58,64.88,12.38,5.42,False,0
J03WMX,2,0:08:50.560000,DFL-OBJ-J017RE,DFL-OBJ-0028BD,4.9149771108317495,1.6612150085553918,10.99,12.38,4.384258545821056,8.719661690685024,1,18.86,60.71,8.21,-15.14,False,0
J03WMX,2,0:08:51.760000,DFL-OBJ-0002F5,DFL-OBJ-002G4A,4.985549117198627,9.569123994364803,3.9,18.2,4.242301215435167,5.820661474437419,2,30.47,55.97,3.47,-3.53,False,0
J03WMX,2,0:09:06.600000,DFL-OBJ-0027AX,DFL-OBJ-J01B8N,4.9852783272351004,16.631130688115427,4.11,17.37,3.3275649298939625,7.1845528740486,2,27.12,58.05,-5.55,-6.88,False,0
J03WMX,2,0:09:09.960000,DFL-OBJ-0002BO,DFL-OBJ-J01APO,4.940374479733293,46.44476567298688,7.25,16.75,3.4810922556689894,11.792476415070757,0,8.29,63.99,-11.49,-25.71,False,0
J03WMX,2,0:09:12.080000,DFL-OBJ-J01B8N,DFL-OBJ-0002BO,4.69055433824191,32.178786096109505,20.95,18.96,7.984049207939834,5.662022606807571,1,8.120000000000001,50.68,-1.82,-25.88,False,0
J03WMX,2,0:09:39.880000,DFL-OBJ-0002BO,DFL-OBJ-0027G6,4.021852806854075,62.99059898776246,1.02,4.78,0.3671000845837935,12.821676957403037,1,2.460000000000001,52.24,0.26,-31.54,False,0
J03WMX,2,0:09:45.880000,DFL-OBJ-J01D1W,DFL-OBJ-0002AU,4.924895937986913,47.825230052087285,22.12,23.87,5.370979601728503,16.446592352216918,1,24.810000000000002,63.08,-10.58,9.19,False,0
J03WMX,2,0:09:47.760000,DFL-OBJ-00012X,DFL-OBJ-0026PM,4.97860422206867,14.055980215169619,11.42,21.31,3.6639286070609955,9.550335072655825,0,7.350000000000001,58.76,-6.26,26.65,False,0
J03WMX,2,0:09:52.040000,DFL-OBJ-002G4A,DFL-OBJ-0002AU,4.894180217360207,30.965993381494126,13.2,12.48,4.500308327950375,10.960770958285737,0,25.619999999999997,64.89,-12.39,8.38,False,0
J03WMX,2,0:09:57.320000,DFL-OBJ-J01BGM,DFL-OBJ-J017RE,4.788788990966297,49.41650391133304,3.02,10.68,1.49966439417488,7.213355668480518,2,14.829999999999998,37.78,14.72,-19.17,False,0
J03WMX,2,0:09:57.720000,DFL-OBJ-002GKO,DFL-OBJ-J01B8N,3.258619339536301,46.28588013746455,8.99,16.96,5.100196534337154,5.9412119975641335,1,18.55,41.6,10.9,-15.45,False,0
J03WMX,2,0:09:58.240000,DFL-OBJ-J01BGM,DFL-OBJ-J01B8N,3.6208424434100968,29.934191457793872,5.53,15.42,3.25531035472975,5.5835830789914835,2,14.420000000000002,38.16,14.34,-19.58,False,0
J03WMX,2,0:10:01.760000,DFL-OBJ-0002BO,DFL-OBJ-J01APO,4.458620863002369,59.681985124078224,25.9,27.79,-1.000801815614003,13.956063198481152,1,3.780000000000001,17.61,34.89,-30.22,False,0
J03WMX,2,0:10:02.520000,DFL-OBJ-0002BO,DFL-OBJ-J01APO,4.1642526340269015,54.89686696289385,17.95,24.6,1.0006019153042134,15.004229403738135,1,1.7899999999999991,13.450000000000003,39.05,-32.21,False,0
J03WMX,2,0:10:32.840000,DFL-OBJ-0002BO,DFL-OBJ-J01B8N,4.9706035850789725,32.70533044190066,1.07,15.54,3.9304658492902633,5.441654160271489,1,1.7000000000000028,16.439999999999998,36.06,-32.3,False,0
J03WMX,2,0:11:08.120000,DFL-OBJ-00012X,DFL-OBJ-0002AU,4.985509001095075,9.526292718540905,2.03,17.19,4.116053340738472,13.88254299471102,1,12.21,66.66,-14.16,21.79,False,0
J03WMX,2,0:11:13.440000,DFL-OBJ-002G4A,DFL-OBJ-0000IA,3.846101922726437,1.2793895267504143,3.23,8.97,2.253111761503238,5.845220269587794,1,24.96,66.9,-14.4,9.04,False,0
J03WMX,2,0:11:19.800000,DFL-OBJ-0027B6,DFL-OBJ-0027G6,4.8584977101980815,19.022363259834837,7.9,21.38,4.635032493570967,19.568597292601225,0,18.71,79.44,-26.94,-15.29,False,0
J03WMX,2,0:11:23.920000,DFL-OBJ-J01BGM,DFL-OBJ-J017RE,3.9770592150482247,17.338616472906228,16.98,16.05,0.2948443311189608,5.322189399110106,2,4.100000000000001,60.16,-7.66,-29.9,False,0
J03WMX,2,0:11:26.600000,DFL-OBJ-J01APO,DFL-OBJ-0002BO,4.235209557979394,174.12843168608438,3.42,3.93,-1.8004972235807093,8.216233930457433,2,4.859999999999999,43.85,-8.65,-29.14,False,0
J03WMX,2,0:11:27.320000,DFL-OBJ-0002BO,DFL-OBJ-J01APO,4.591786144846034,119.57463501930488,4.98,3.56,0.06246905114511314,9.630877426278461,1,2.039999999999999,58.24,-5.74,-31.96,False,0
J03WMX,2,0:11:35.400000,DFL-OBJ-0002DR,DFL-OBJ-000270,4.865408513167214,16.443214909358232,13.58,28.1,4.35593694064365,18.79030068945146,0,31.89,100.93,48.43,2.11,False,0
J03WMX,2,0:12:02.600000,DFL-OBJ-0002AU,DFL-OBJ-J01D1W,1.9873600579663473,60.34885566595959,21.05,21.5,2.1126043742184035,3.553603804590489,3,13.280000000000001,51.88,-0.62,20.72,False,0
J03WMX,2,0:12:02.920000,DFL-OBJ-J01D1W,DFL-OBJ-0002AU,1.0742439201596619,89.10468780487338,23.78,22.42,2.795094990045228,5.7869249174324,1,14.600000000000001,54.96,-2.46,19.4,False,0
J03WMX,2,0:12:04.280000,DFL-OBJ-0002AU,DFL-OBJ-J01D1W,0.8300602387778852,84.42155624172086,22.42,24.05,-0.4969791867360504,3.502798880895105,2,23.71,50.7,-1.8,10.29,False,0
J03WMX,2,0:12:07.760000,DFL-OBJ-0000IA,DFL-OBJ-002G4A,4.952019789944301,21.167914370477888,15.97,22.0,2.545808959413638,7.862168911947898,1,18.05,47.33,-5.17,15.95,False,0
J03WMX,2,0:12:11.280000,DFL-OBJ-0026PM,DFL-OBJ-00012X,4.911995521170597,75.11533543709943,25.37,27.17,4.060011962067365,14.293362095742204,1,12.05,15.740000000000002,-36.76,21.95,False,0
J03WMX,2,0:12:21.880000,DFL-OBJ-002GKO,DFL-OBJ-0000IA,4.92061987964931,17.98764603521035,2.48,18.51,4.170263346197511,8.620005800462085,1,12.510000000000002,83.55,-31.05,-21.49,False,0
J03WMX,2,0:12:43.680000,DFL-OBJ-0002F5,DFL-OBJ-0027AX,2.0985947679340073,4.826084370112845,10.03,15.79,2.0331507771935895,7.619927821180461,0,4.190000000000001,65.8,13.3,-29.81,False,0
J03WMX,2,0:12:44.040000,DFL-OBJ-J01APO,DFL-OBJ-0027AX,4.982057807773813,22.99064664026763,2.51,15.37,4.331755134760106,5.619368291899011,1,0.35999999999999943,62.26,9.76,-33.64,False,0
J03WMX,2,0:12:50.200000,DFL-OBJ-0027B6,DFL-OBJ-0027G6,4.959808464043747,20.743717428214733,17.46,22.89,3.894208462048969,11.182057055837268,1,15.120000000000001,61.04,-8.54,-18.88,False,0
J03WMX,2,0:12:50.440000,DFL-OBJ-0027B6,DFL-OBJ-0027G6,4.094447459670232,23.32129474492738,17.16,23.89,3.71020703180577,10.432319972086745,1,15.8,60.09,-7.59,-18.2,False,0
J03WMX,2,0:12:52.360000,DFL-OBJ-0028BD,DFL-OBJ-0002F5,4.942893889211056,31.803625840965868,5.8,22.78,5.62242392223034,10.594810050208546,1,30.92,49.64,2.86,-3.08,False,0
J03WMX,2,0:12:54.760000,DFL-OBJ-00012X,DFL-OBJ-0026PM,4.8834516481685375,9.190134047043516,4.45,18.7,6.837515502572568,13.647453975009405,0,17.89,58.24,-5.74,16.11,False,0
J03WMX,2,0:13:05.120000,DFL-OBJ-0002BO,DFL-OBJ-0000IA,4.88335949936107,50.83876486744583,20.48,26.51,3.517078191900278,7.194755034050848,0,5.559999999999999,31.29,21.21,-28.44,False,0
J03WMX,2,0:13:06.600000,DFL-OBJ-0027AX,DFL-OBJ-J01APO,4.870041067588648,67.58676326165,5.2,15.13,1.6262786024808906,8.825417837133829,1,0.9600000000000009,16.700000000000003,35.8,-33.04,False,0
J03WMX,2,0:13:10.800000,DFL-OBJ-002G4A,DFL-OBJ-0027G6,4.3238061936215395,8.713206719896878,7.67,21.31,5.97310201143832,10.28000486381208,0,24.55,29.92,22.58,-9.45,False,0
J03WMX,2,0:13:17.840000,DFL-OBJ-00012X,DFL-OBJ-0027G6,4.986160847786603,50.21999474503798,17.03,18.9,4.179736059593464,9.000472209834324,1,8.829999999999998,29.59,22.91,25.17,False,0
J03WMX,2,0:13:28.720000,DFL-OBJ-0002F5,DFL-OBJ-002GKO,4.983171680767181,23.32812106806041,5.69,15.2,3.580871407853339,5.1157013204447335,3,23.119999999999997,81.65,29.15,10.88,False,0
J03WMX,2,0:13:29.840000,DFL-OBJ-0027G0,DFL-OBJ-0028BD,4.918058560041755,18.40259971157798,4.08,17.0,3.710106643818416,11.55907003179754,1,11.780000000000001,84.83,32.33,22.22,False,0
J03WMX,2,0:13:32.600000,DFL-OBJ-0026PM,DFL-OBJ-00012X,4.933659899101274,28.25535552072351,9.58,8.18,4.335958230301427,5.733210269997081,2,2.4499999999999993,71.18,18.68,31.55,False,0
J03WMX,2,0:13:38.320000,DFL-OBJ-J01BGM,DFL-OBJ-0000IA,3.2549807987144876,52.029823860352934,23.73,23.58,3.4740993638201654,9.317360141155863,1,27.82,43.2,9.3,-6.18,False,0
J03WMX,2,0:13:43.240000,DFL-OBJ-0000IA,DFL-OBJ-J01BGM,1.1278741064498277,106.07480053280625,26.32,25.69,-0.10295469427906268,14.336879018810196,1,14.129999999999999,95.38,42.88,-19.87,False,0
J03WMX,2,0:14:51.920000,DFL-OBJ-0028BD,DFL-OBJ-0026PM,2.8319604517012595,19.126417447499087,10.06,26.32,4.399700344665708,13.806382581979975,1,21.14,27.88,24.62,-12.86,False,0
J03WMX,2,0:14:54.600000,DFL-OBJ-0027AX,DFL-OBJ-0000IA,4.79338085280108,12.403263444717453,11.22,20.72,6.17833811565736,11.333353431354729,0,4.68,23.82,28.68,-29.32,False,0
J03WMX,2,0:15:00,DFL-OBJ-000270,DFL-OBJ-0027G0,3.5405225603009525,6.504457864868892,8.63,15.33,2.2635766395679235,4.6963070598077366,0,13.8,15.46,37.04,20.2,False,0
J03WMX,2,0:15:05.080000,DFL-OBJ-0026PM,DFL-OBJ-002GKO,4.9555221722841685,44.61502004181765,22.32,27.5,0.8523472759084383,8.54239427795276,6,28.79,76.33,23.83,5.21,False,0
J03WMX,2,0:15:10,DFL-OBJ-0027G6,DFL-OBJ-002GKO,4.881905365735803,59.84511698090412,14.04,19.93,3.6915608463189953,9.661397414453045,0,7.739999999999998,53.99,1.49,26.26,False,0
J03WMX,2,0:15:26.920000,DFL-OBJ-002G4A,DFL-OBJ-0027G6,4.927930600160682,0.7703187571109159,8.95,9.67,5.545380607269896,8.639317102641852,2,33.07,69.53,-17.03,0.93,False,0
J03WMX,2,0:15:47.640000,DFL-OBJ-002G4A,DFL-OBJ-0000IA,4.839762390861769,15.16869743808517,6.76,22.26,4.19664415777091,15.503757609044332,1,17.83,63.96,-11.46,-16.17,False,0
J03WMX,2,0:15:50.200000,DFL-OBJ-0002BO,DFL-OBJ-J01APO,4.995087586819674,43.67477286076977,6.55,13.29,4.994075134243738,11.97931550632172,1,1.4299999999999997,59.97,-7.47,-32.57,False,0
J03WMX,2,0:15:51.120000,DFL-OBJ-J01BGM,DFL-OBJ-J01B8N,2.152324325003087,57.945947101605164,27.77,26.61,0.5344765854130284,11.859852444276026,1,3.530000000000001,42.42,10.08,-30.47,False,0
J03WMX,2,0:16:57,DFL-OBJ-002G4A,DFL-OBJ-0027G6,3.1551386657324607,33.83451294420836,9.94,15.0,0.8556151786690247,7.347033414923329,1,9.27,19.72,32.78,-24.73,False,0
J03WMX,2,0:16:58.040000,DFL-OBJ-0027V2,DFL-OBJ-0027G6,4.882704168798267,6.389838125097912,1.38,14.05,4.280242034485015,7.188115191063649,2,0.6000000000000014,19.189999999999998,33.31,-33.4,False,0
J03WMX,2,0:17:07.720000,DFL-OBJ-J01BGM,DFL-OBJ-J01B8N,2.8471740375326564,37.9718191241348,24.53,24.36,0.4065665507957261,6.257899008453235,2,10.79,10.740000000000002,41.76,-23.21,False,0
J03WMX,2,0:17:12.560000,DFL-OBJ-J01APO,DFL-OBJ-0028BD,0.900888450364417,0.24397936500215772,24.68,18.62,2.0675734293890233,9.672393705800026,2,17.43,97.72,45.22,16.57,False,0
J03WMX,2,0:17:13.120000,DFL-OBJ-J01APO,DFL-OBJ-0028BD,1.8984203960134869,56.956314254484354,20.38,20.81,-1.8823776497241,11.3640705735225,0,14.719999999999999,99.96000000000001,47.46,19.28,False,0
J03WMX,2,0:17:19.560000,DFL-OBJ-00012X,DFL-OBJ-0027G6,2.4726706210087954,16.85923264495705,2.56,15.05,4.068811240749124,16.12242227458393,0,1.6599999999999966,40.2,12.3,32.34,False,0
J03WMX,2,0:17:23.760000,DFL-OBJ-J01DVC,DFL-OBJ-0002F5,2.770415131347647,1.635094768643907,7.37,17.15,3.0615169274257137,7.474122022017033,2,25.64,35.28,17.22,8.36,False,0
J03WMX,2,0:17:24.960000,DFL-OBJ-0026PM,DFL-OBJ-J01DVC,1.3601470508735445,9.187216546025754,19.36,16.69,5.286439899174713,9.024793626449306,3,29.58,65.61,13.11,4.42,False,0
J03WMX,2,0:17:25.680000,DFL-OBJ-0026PM,DFL-OBJ-J01DVC,3.3810353443878696,72.05755291084135,21.52,3.5,-4.606486438243235,10.157937782837616,3,28.0,62.06,9.56,6.0,False,0
J03WMX,2,0:17:33.280000,DFL-OBJ-00012X,DFL-OBJ-0027G6,4.988476721405043,80.23746591318172,15.41,19.85,1.4684324740638877,10.461304889926494,1,13.100000000000001,55.73,-3.23,20.9,False,0
J03WMX,2,0:17:48.760000,DFL-OBJ-J015S4,DFL-OBJ-J01BGM,4.9904909578116685,7.954552185826595,9.48,21.72,3.5026062612793774,6.946200400218814,1,4.469999999999999,67.21000000000001,14.71,-29.53,False,0
J03WMX,2,0:17:50.720000,DFL-OBJ-J01B8N,DFL-OBJ-J01DVC,4.873704956190927,2.0461349176787578,7.07,22.91,5.162801482120829,10.020603774224385,2,14.739999999999998,59.519999999999996,7.02,-19.26,False,0
J03WMX,2,0:17:53.440000,DFL-OBJ-J015S4,DFL-OBJ-0027V2,4.238171775659878,84.37972809414069,8.47,13.08,1.9765880998135676,4.6056161368485755,1,0.6099999999999994,50.65,-1.85,-33.39,False,0
J03WMX,2,0:17:54.200000,DFL-OBJ-0026PM,DFL-OBJ-002GKO,1.5559562975867927,43.62032413762148,7.9,12.8,2.896354536009272,3.5005142479355795,2,6.149999999999999,48.19,-4.31,-27.85,False,0
J03WMX,2,0:18:07.360000,DFL-OBJ-002G4A,DFL-OBJ-0027G6,4.872258203338571,20.65054782988026,7.0,10.91,4.315452515125666,6.685633851775012,2,25.29,63.37,-10.87,-8.71,False,0
J03WMX,2,0:18:08.880000,DFL-OBJ-002GKO,DFL-OBJ-J01B8N,4.982609757948138,27.51722459169902,5.05,10.89,4.71911242010685,8.86301303169526,2,15.7,50.44,2.06,-18.3,False,0
J03WMX,2,0:18:09.640000,DFL-OBJ-002GKO,DFL-OBJ-J01B8N,3.7316216314090584,67.4614529666477,7.98,0.98,0.4623324422924724,5.928009784067499,2,16.87,50.37,2.13,-17.13,False,0
J03WMX,2,0:18:17.200000,DFL-OBJ-0027V2,DFL-OBJ-0026PM,4.9729267036625435,28.19272463333559,8.29,8.86,3.6008130039310715,13.862485347151859,2,2.1400000000000006,53.74,-1.24,-31.86,False,0
J03WMX,2,0:18:20.720000,DFL-OBJ-002G89,DFL-OBJ-0027KL,0.8811923740024092,79.45738357269137,32.79,32.83,1.2979118082810392,6.945250175479641,1,15.27,6.710000000000001,45.79,-18.73,False,0
J03WMX,2,0:18:42.600000,DFL-OBJ-J01APO,DFL-OBJ-00012X,3.038634561772768,18.881470213739174,11.6,15.15,2.6587171015595046,18.84048831638925,0,1.2000000000000028,68.59,16.09,32.8,False,0
J03WMX,2,0:18:44.080000,DFL-OBJ-J01D1W,DFL-OBJ-0002AU,1.1123398761170087,19.693856192614334,20.6,15.46,3.293687329102457,10.246326170877051,0,9.690000000000001,50.5,2.0,24.31,False,0
J03WMX,2,0:18:45.640000,DFL-OBJ-J01APO,DFL-OBJ-00012X,4.930162269134761,53.408336088852074,2.07,6.11,1.0806796991126588,7.788485090182812,2,4.809999999999999,69.55,17.05,29.19,False,0
J03WMX,2,0:18:47.560000,DFL-OBJ-0027G6,DFL-OBJ-002G4A,3.856967720891633,41.811975696700905,23.85,26.38,1.1252406106767887,9.50970556852314,0,5.390000000000001,44.69,-7.81,28.61,False,0
J03WMX,2,0:18:55.320000,DFL-OBJ-0028BD,DFL-OBJ-J01APO,1.7725969649077062,32.96839538357826,11.95,12.22,4.193217727787619,2.521447996687617,2,0.7299999999999969,61.15,-8.65,33.27,False,0
J03WMX,2,0:18:59.320000,DFL-OBJ-00012X,DFL-OBJ-0027G6,4.275347939057125,149.6792143537452,1.4,5.35,-0.4768261347656977,7.395140296167478,1,-0.14000000000000057,64.68,-12.18,34.14,False,0
J03WMX,2,0:19:01.400000,DFL-OBJ-002GKO,DFL-OBJ-0002F5,3.031913587159106,27.495502463499463,13.28,25.78,3.507652615911857,8.471989140691813,1,17.77,65.03,-12.53,16.23,False,0
J03WMX,2,0:19:08.960000,DFL-OBJ-0027V2,DFL-OBJ-0026PM,4.884362803887524,41.78589892137005,29.59,31.11,4.530732694921831,12.762072715668094,0,4.02,49.46,3.04,-29.98,False,0
J03WMX,2,0:19:13.240000,DFL-OBJ-0027V2,DFL-OBJ-J015S4,4.80101031034094,61.76911798226773,27.6,28.53,-1.321906645858062,12.731885170704299,0,2.0599999999999987,16.54,35.96,-31.94,False,0
J03WMX,2,0:19:20.760000,DFL-OBJ-0028BD,DFL-OBJ-J01APO,4.846792753976591,9.30882652476243,2.03,13.62,4.168690499089829,12.833725102245259,0,1.3999999999999986,13.689999999999998,38.81,32.6,False,0
J03WMX,2,0:19:25.320000,DFL-OBJ-002G4A,DFL-OBJ-0027G6,4.950727219308292,13.81132767186784,9.32,18.55,2.1585268048794615,6.244109223900558,2,20.98,25.69,26.81,13.02,False,0
J03WMX,2,0:19:27.120000,DFL-OBJ-002GKO,DFL-OBJ-0027G6,4.963033346654038,23.032668381108113,9.8,21.21,3.755530504151068,6.000833275470998,1,29.12,32.29,20.21,4.88,False,0
J03WMX,2,0:19:30.160000,DFL-OBJ-0027B6,DFL-OBJ-0026PM,4.96960763038693,54.310378502449,18.8,23.9,2.2106145033198565,13.326740036483042,1,17.25,28.7,23.8,-16.75,False,0
J03WMX,2,0:19:32.280000,DFL-OBJ-0027V2,DFL-OBJ-J015S4,4.998599803945098,52.79121631908479,7.47,9.03,2.8244012469465662,11.567575372566196,0,6.260000000000002,11.0,41.5,-27.74,False,0
J03WMX,2,0:19:42.240000,DFL-OBJ-002G89,DFL-OBJ-J01B8N,1.2238055401083927,66.69643835132361,15.23,16.34,3.6055536662662724,1.8245547402037565,3,16.64,4.390000000000001,48.11,-17.36,False,0
J03WMX,2,0:19:43.040000,DFL-OBJ-002G89,DFL-OBJ-J01B8N,0.6040695324215583,123.08787912434944,12.31,12.41,-0.46824053184516046,3.844216435113925,3,13.239999999999998,4.289999999999999,48.21,-20.76,False,0
J03WMX,2,0:21:19.360000,DFL-OBJ-0027V2,DFL-OBJ-0027G6,1.7962182495454164,136.5379063660358,7.98,12.88,-1.6723014896551514,6.02481534986758,2,7.559999999999999,73.71000000000001,-21.21,-26.44,False,0
J03WMX,2,0:21:19.760000,DFL-OBJ-002GKO,DFL-OBJ-0026PM,3.5220022714359507,47.08799608227679,4.21,12.96,1.645263456700372,3.631225688386773,3,6.100000000000001,72.57,-20.07,-27.9,False,0
J03WMX,2,0:21:20.600000,DFL-OBJ-002G4A,DFL-OBJ-0027G6,3.234377838163006,130.79279880965433,2.57,6.81,-0.9502508659933917,3.821060062338721,4,9.25,69.44,-16.94,-24.75,False,0
J03WMX,2,0:21:21.880000,DFL-OBJ-J01BGM,DFL-OBJ-J015S4,4.762656821565039,0.9180670231184378,8.26,13.72,0.7985242181202112,5.79987068821366,3,2.5199999999999996,64.33,-11.83,-31.48,False,0
J03WMX,2,0:21:22.520000,DFL-OBJ-002GKO,DFL-OBJ-0026PM,2.7578614903580623,32.315278477902986,8.79,11.76,-0.07904663628090391,5.596516773851393,2,3.1999999999999993,70.66,-18.16,-30.8,False,0
J03WMX,2,0:21:27.280000,DFL-OBJ-002G4A,DFL-OBJ-J015S4,1.7439323381370049,15.884400308558396,17.47,29.37,3.2194171384616834,7.080028248531216,1,6.100000000000001,40.01,12.49,-27.9,False,0
J03WMX,2,0:21:27.880000,DFL-OBJ-002G4A,DFL-OBJ-J015S4,0.7102112361825876,95.83966899056861,16.82,26.73,1.1872619797307504,8.224846503126974,1,5.5,37.15,15.35,-28.5,False,0
J03WMX,2,0:21:29.240000,DFL-OBJ-J015S4,DFL-OBJ-002G4A,1.6970562748477136,19.993633029132916,10.71,10.98,1.3513292806227644,2.8153862967628425,1,3.5500000000000007,73.82,21.32,-30.45,False,0
J03WMX,2,0:21:35.920000,DFL-OBJ-J01DVC,DFL-OBJ-J015S4,4.990490957811663,47.299865519697356,8.84,16.01,3.792473383344892,5.385164807134504,1,10.309999999999999,21.36,31.14,-23.69,False,0
J03WMX,2,0:21:36.920000,DFL-OBJ-J01BGM,DFL-OBJ-0027KL,4.80160389869885,45.866792292772374,6.18,13.3,2.4241744771945672,7.515271119527229,1,1.1099999999999994,14.729999999999997,37.77,-32.89,False,0
J03WMX,2,0:21:39.600000,DFL-OBJ-0027KL,DFL-OBJ-J01BGM,1.143547113152756,102.29863777742283,15.79,11.47,0.04382493251186559,10.855210730335918,0,1.6099999999999994,94.84,42.34,-32.39,False,0
J03WMX,2,0:22:08,DFL-OBJ-0027B6,DFL-OBJ-0027G6,4.903396781823801,3.270155636281746,1.37,12.6,3.5665870341849093,14.021187538864176,0,6.809999999999999,37.39,15.11,-27.19,False,0
J03WMX,2,0:22:11.440000,DFL-OBJ-002G4A,DFL-OBJ-0002F5,4.8849155571002445,16.111234683199473,11.09,17.61,4.926136501666458,7.618169071371414,1,23.380000000000003,40.46,12.04,-10.62,False,0
J03WMX,2,0:22:13.720000,DFL-OBJ-00012X,DFL-OBJ-J01APO,4.95429106936603,29.18884561117401,1.79,17.83,4.801513233722989,15.701439424460421,0,18.939999999999998,47.97,4.53,15.06,False,0
J03WMX,2,0:22:16.200000,DFL-OBJ-0028BD,DFL-OBJ-0027G0,2.7244265451650547,14.891797528289874,16.12,16.61,0.42944466877566145,7.887008304801004,1,12.0,39.54,12.96,22.0,False,0
J03WMX,2,0:22:25.120000,DFL-OBJ-0027B6,DFL-OBJ-0026PM,4.981576055828115,0.5374216230548032,14.41,17.91,1.8214101188296805,14.140438465620504,0,17.55,75.72,-23.22,-16.45,False,0
J03WMX,2,0:22:34.720000,DFL-OBJ-002G4A,DFL-OBJ-0027G6,4.995377863585497,10.281536959201155,7.37,16.39,1.8175418501868923,7.4333976080928155,2,30.44,76.44,-23.94,3.56,False,0
J03WMX,2,0:22:36.640000,DFL-OBJ-0027G6,DFL-OBJ-002G4A,1.1150336317797782,170.9508225539543,12.23,20.69,-1.3072969451406973,9.337087340279085,2,25.28,32.11,-20.39,8.72,False,0
J03WMX,2,0:22:37.200000,DFL-OBJ-0002F5,DFL-OBJ-002G4A,1.4620875486782594,70.81553782155937,12.05,11.38,4.675935009970445,7.746186158362063,0,24.060000000000002,36.32,-16.18,9.94,False,0
J03WMX,2,0:22:41.560000,DFL-OBJ-0027G6,DFL-OBJ-00012X,4.915038148376876,79.86192315887088,27.12,20.69,2.08468698086262,8.268010643437755,1,18.47,14.119999999999997,-38.38,15.53,False,0
J03WMX,2,0:23:33.640000,DFL-OBJ-0002F5,DFL-OBJ-0028BD,3.1071047616712253,44.47670084049086,19.77,4.71,4.2210870814418655,8.54363505774913,3,32.42,51.38,-1.12,1.58,False,0
J03WMX,2,0:24:02.440000,DFL-OBJ-0002AU,DFL-OBJ-J01D1W,4.945563668582177,131.93544999491075,25.83,19.39,3.1324815373515613,8.299572278135779,1,13.39,15.090000000000003,-37.41,20.61,False,0
J03WMX,2,0:25:30.880000,DFL-OBJ-J01DVC,DFL-OBJ-0002AU,1.7840403582878959,162.4160669722011,24.49,19.97,1.9745708130778439,10.318178133759858,3,18.08,78.8,-26.3,15.92,False,0
J03WMX,2,0:26:00.200000,DFL-OBJ-002G4A,DFL-OBJ-0002AU,1.718138527593162,16.290818433861574,1.1,15.72,4.995946648091152,3.466770831768374,3,13.64,70.63,-18.13,20.36,False,0
J03WMX,2,0:26:00.680000,DFL-OBJ-0027G6,DFL-OBJ-002G4A,1.5163442880823577,0.4750347306678523,11.58,3.03,4.0064545228761705,7.910025284409652,3,15.239999999999998,34.730000000000004,-17.77,18.76,False,0
J03WMX,2,0:26:02.680000,DFL-OBJ-0002AU,DFL-OBJ-002GKO,2.1272047386182646,147.46969420986503,27.22,14.03,4.308156913662112,6.6077530220189065,2,23.810000000000002,37.04,-15.46,10.19,False,0
J03WMX,2,0:26:05.400000,DFL-OBJ-J015S4,DFL-OBJ-J01BGM,4.869024542965459,6.0459039705693955,4.09,20.65,4.956653452378423,11.765007437311716,0,23.47,51.65,-0.85,-10.53,False,0
J03WMX,2,0:26:10.520000,DFL-OBJ-J01APO,DFL-OBJ-00012X,2.368142732184865,67.99146479847742,23.76,23.69,0.04977717138402338,8.460171393062907,0,7.190000000000001,35.34,-17.16,26.81,False,0
J03WMX,2,0:26:11.120000,DFL-OBJ-J01APO,DFL-OBJ-00012X,2.5738104048278307,72.30227393995641,22.61,21.06,-0.4186096230229275,8.834415656963397,0,3.969999999999999,33.11,-19.39,30.03,False,0
J03WMX,2,0:26:13.200000,DFL-OBJ-0027G6,DFL-OBJ-0028BD,4.5322069679130905,52.48355096428805,8.37,12.35,4.035536888334234,5.262822436677869,2,8.579999999999998,28.92,-23.58,25.42,False,0
J03WMX,2,0:26:15.160000,DFL-OBJ-J01APO,DFL-OBJ-0028BD,3.839192623456136,39.369101355299264,18.3,17.4,0.1249938090133218,7.293791880770935,1,5.82,36.16,-16.34,28.18,False,0
J03WMX,2,0:26:18.520000,DFL-OBJ-000191,DFL-OBJ-002G4A,3.411803042380964,6.6105760067961254,14.77,16.85,0.223099148609347,7.386271048370754,2,11.98,43.15,-9.35,22.02,False,0
J03WMX,2,0:26:20.200000,DFL-OBJ-J01APO,DFL-OBJ-00012X,4.995538009063688,18.841361188404058,2.84,9.81,1.3035668403906953,6.506811815320925,2,1.2800000000000011,46.96,-5.54,32.72,False,0
J03WMX,2,0:26:21.680000,DFL-OBJ-000191,DFL-OBJ-0028BD,4.018370316434263,58.37460728824438,1.09,5.79,0.5974406876183447,6.346416311588769,1,7.77,49.76,-2.74,26.23,False,0
J03WMX,2,0:26:22.960000,DFL-OBJ-0027G6,DFL-OBJ-J01D1W,2.1958369702689677,21.13223858863699,14.17,19.9,1.3568026111334441,4.5354161881794255,3,12.95,43.14,-9.36,21.05,False,0
J03WMX,2,0:26:29.400000,DFL-OBJ-0000RP,DFL-OBJ-00012X,2.0155892438688987,46.592466644261776,12.86,10.39,-0.07409647474968972,7.6565854008167396,1,8.079999999999998,36.83,-15.67,25.92,False,0
J03WMX,2,0:26:32.680000,DFL-OBJ-0027G6,DFL-OBJ-002G89,2.91247317584214,12.422064453498635,5.98,17.63,3.395573356199103,4.215459642791046,2,8.8,48.12,-4.38,25.2,False,0
J03WMX,2,0:26:33.600000,DFL-OBJ-000191,DFL-OBJ-002GKO,1.5250573759698338,14.158120385408148,4.18,17.35,4.643493384890871,6.365885641448487,2,15.760000000000002,39.2,-13.3,18.24,False,0
J03WMX,2,0:26:36.880000,DFL-OBJ-J01D1W,DFL-OBJ-0027G6,4.9686718547314035,14.864991990245345,2.68,19.49,4.8271065523501395,6.583281856338827,0,18.630000000000003,78.61,-26.11,15.37,False,0
J03WMX,2,0:26:37.800000,DFL-OBJ-J01BGM,DFL-OBJ-0002F5,3.4688326566728476,13.598642942181323,12.87,23.12,3.0357149059181143,8.45994089813871,3,30.43,64.89,-12.39,3.57,False,0
J03WMX,2,0:26:40.280000,DFL-OBJ-0027V2,DFL-OBJ-0002AU,4.89,18.98509715043188,15.97,21.29,3.5446306234483482,11.026536174157325,0,26.7,72.42,-19.92,-7.3,False,0
J03WMX,2,0:26:42.280000,DFL-OBJ-002G4A,DFL-OBJ-000191,4.751431363284119,17.700979201039583,9.75,15.02,6.244766343793953,7.014820026201671,2,28.009999999999998,64.03999999999999,-11.54,5.99,False,0
J03WMX,2,0:26:51.680000,DFL-OBJ-J01BGM,DFL-OBJ-J017RE,4.900663220422313,46.55970112171154,12.23,15.04,5.003268781591174,5.518378384996809,2,12.11,11.590000000000003,40.91,-21.89,False,0
J03WMX,2,0:27:53.320000,DFL-OBJ-00012X,DFL-OBJ-J01APO,4.855069515465252,24.167485106428863,10.39,21.54,7.373925325709836,13.10294623357663,0,24.39,64.17,-11.67,9.61,False,0
J03WMX,2,0:27:58.800000,DFL-OBJ-002GKO,DFL-OBJ-000191,4.969547263081415,77.98514300508884,19.66,21.26,1.926327833989403,12.121551055867394,1,11.23,47.38,5.12,-22.77,False,0
J03WMX,2,0:28:00.680000,DFL-OBJ-002G89,DFL-OBJ-J017RE,2.2368057582186274,67.5284760905939,24.99,24.7,0.4196929326589516,5.677226435505281,1,10.25,23.92,28.58,-23.75,False,0
J03WMX,2,0:28:53.440000,DFL-OBJ-0027G0,DFL-OBJ-002G89,4.889989775040434,51.967774611947036,13.49,23.73,4.042035890052855,14.631589113968447,1,13.32,85.17,32.67,20.68,False,0
J03WMX,2,0:28:56.200000,DFL-OBJ-J01APO,DFL-OBJ-00012X,4.9258501804257095,33.78731284176887,9.23,10.65,4.108928518768198,5.774192584249335,1,1.5499999999999972,73.09,20.59,32.45,False,0
J03WMX,2,0:29:00.040000,DFL-OBJ-0002AU,DFL-OBJ-0027B6,4.933254503874698,128.39824429712067,28.25,16.12,3.7876577654225607,5.460567736050895,0,17.3,39.67,-12.83,16.7,False,0
J03WMX,2,0:29:20.720000,DFL-OBJ-0027V2,DFL-OBJ-0027G6,4.8989080415945745,50.49395437493886,17.13,23.55,4.010977802845345,18.159895374147943,1,2.1700000000000017,69.28999999999999,-16.79,-31.83,False,0
J03WMX,2,0:29:21.040000,DFL-OBJ-0027V2,DFL-OBJ-0027G6,3.772969652674136,59.179762524801745,13.07,22.51,3.5829994111733354,17.35571663746559,1,2.0100000000000016,67.93,-15.43,-31.99,False,0
J03WMX,2,0:29:21.520000,DFL-OBJ-0027V2,DFL-OBJ-0027G6,2.6240617370786077,84.25988949156658,1.98,11.48,2.212138687064864,16.667633305301624,1,1.9299999999999997,66.97,-14.47,-32.07,False,0
J03WMX,2,0:29:23.640000,DFL-OBJ-002GKO,DFL-OBJ-0027G6,4.954926841034084,18.541984589761753,3.21,16.08,3.2668556638052304,14.979028673448754,0,9.23,73.65,-21.15,-24.77,False,0
J03WMX,2,0:29:24.360000,DFL-OBJ-002GKO,DFL-OBJ-0027G6,2.5663982543634956,29.23550487885731,3.54,13.76,3.2066664178059177,16.005299122478156,1,9.84,73.89,-21.39,-24.16,False,0
J03WMX,2,0:29:30.560000,DFL-OBJ-0027V2,DFL-OBJ-J015S4,4.950010100999795,31.380499553213642,5.31,11.82,4.869267281553624,8.774383169203407,2,2.3299999999999983,59.58,-7.08,-31.67,False,0
J03WMX,2,0:29:33,DFL-OBJ-J01DVC,DFL-OBJ-0002F5,3.4967556391603916,55.51198320983244,19.95,17.6,0.9491183316700103,5.738649666951277,1,11.2,52.26,0.24,-22.8,False,0
J03WMX,2,0:29:35.520000,DFL-OBJ-J01BGM,DFL-OBJ-000191,4.87381780537599,71.21914570011928,14.97,24.22,2.5725935898644647,8.032017181256526,1,0.3299999999999983,31.37,21.13,-33.67,False,0
J03WMX,2,0:30:07.360000,DFL-OBJ-J015S4,DFL-OBJ-002GKO,2.3972692798265274,25.238727412500477,11.76,18.73,3.7518896529759838,3.3408980828513783,1,0.21999999999999886,67.43,14.93,-33.78,False,0
J03WMX,2,0:30:19.520000,DFL-OBJ-002G4A,DFL-OBJ-0002AU,1.3170041761513138,12.347777237868046,14.99,20.06,2.9336440710356415,12.531580107871472,2,26.45,47.769999999999996,4.73,7.55,False,0
J03WMX,2,0:30:20.120000,DFL-OBJ-002G4A,DFL-OBJ-0002AU,1.445441109142812,75.73266817781686,17.47,20.71,-0.8386027728570311,9.183125829476586,2,25.29,45.3,7.2,8.71,False,0
J03WMX,2,0:30:25,DFL-OBJ-0028BD,DFL-OBJ-J01APO,4.9040799340956935,60.19633737928206,11.4,11.14,3.8705162059041376,10.13185570367048,2,3.8999999999999986,26.17,26.33,30.1,False,0
J03WMX,2,0:30:26.320000,DFL-OBJ-002G4A,DFL-OBJ-0002F5,4.893505900681022,1.3582153868809337,1.45,16.38,3.7836086284743553,7.062952640362244,1,10.82,27.99,24.51,23.18,False,0
J03WMX,2,0:30:29.040000,DFL-OBJ-00012X,DFL-OBJ-J01APO,4.918668519020165,22.554532196023185,2.86,12.05,4.551065939241951,7.20725329095627,1,1.75,24.48,28.02,32.25,False,0
J03WMX,2,0:30:30.280000,DFL-OBJ-J01DVC,DFL-OBJ-0002F5,3.704105830021601,101.28952654158672,4.27,3.79,0.8407873503644514,6.822155084722128,2,11.719999999999999,22.33,30.17,22.28,False,0
J03WMX,2,0:30:32.480000,DFL-OBJ-0002AU,DFL-OBJ-002G4A,4.520707909166439,5.827529616491698,8.35,11.81,3.3992931138278437,11.566235342582305,3,14.059999999999999,73.83,21.33,19.94,False,0
J03WMX,2,0:30:34.760000,DFL-OBJ-0000RP,DFL-OBJ-002GKO,3.1093729271349875,31.775177759856067,19.2,21.44,8.354513149580256,11.05800162778067,2,22.61,65.23,12.73,11.39,False,0
J03WMX,2,0:30:35.560000,DFL-OBJ-0002AU,DFL-OBJ-002GKO,4.007804885470347,7.800767798043563,12.94,15.44,5.342962359126521,7.90690837179741,1,17.51,64.15,11.65,16.49,False,0
J03WMX,2,0:30:47.240000,DFL-OBJ-0002AU,DFL-OBJ-002GKO,4.412357646428946,22.27589784825921,9.7,12.17,1.0441317638170822,7.971254606396663,0,1.5600000000000023,7.420000000000002,-45.08,32.44,False,0
J03WMX,2,0:30:48.240000,DFL-OBJ-0002AU,DFL-OBJ-002GKO,3.2561480310329873,23.12554152775216,1.84,6.48,1.3478133628870481,5.063200568810203,0,0.6000000000000014,7.780000000000001,-44.72,33.4,False,0
J03WMX,2,0:30:48.640000,DFL-OBJ-0002AU,DFL-OBJ-002GKO,2.890674661735557,50.34156333119619,1.02,3.28,0.9136834232435753,3.7335907649339366,1,0.5900000000000034,7.640000000000001,-44.86,33.41,False,0
J03WMX,2,0:30:50.040000,DFL-OBJ-0002AU,DFL-OBJ-00012X,1.4905032707109378,49.055142367449115,14.31,13.21,-0.0394573956121802,1.778145100940865,1,2.620000000000001,4.960000000000001,-47.54,31.38,False,0
J03WMX,2,0:31:12.360000,DFL-OBJ-0027B6,DFL-OBJ-0027G6,4.810000000000002,29.10985555689108,9.6,17.45,5.233765888672332,17.269452799669132,1,23.22,98.86,-46.36,-10.78,False,0
J03WMX,2,0:31:14.720000,DFL-OBJ-0027V2,DFL-OBJ-J015S4,4.991803281380384,22.433842766800673,6.8,17.25,5.6314863854720905,12.46782258455742,0,3.91,92.83,-40.33,-30.09,False,0
J03WMX,2,0:31:15.840000,DFL-OBJ-J01BGM,DFL-OBJ-000191,1.981236987338971,22.28122725608416,9.85,21.36,4.715542388756236,7.890982194885499,1,2.1400000000000006,71.81,-19.31,-31.86,False,0
J03WMX,2,0:31:19.360000,DFL-OBJ-0000RP,DFL-OBJ-0027B6,4.973178058344581,172.05919593867412,20.32,10.93,3.097106367253377,7.060318689690998,0,20.22,16.33,-36.17,-13.78,False,0
J03WMX,2,0:31:50.720000,DFL-OBJ-0027B6,DFL-OBJ-0027G6,4.956823579672768,69.48875057025374,2.14,8.7,1.4061519855733473,20.972660775399955,0,15.45,97.37,-44.87,-18.55,False,0
J03WMX,2,0:32:14,DFL-OBJ-00012X,DFL-OBJ-J01APO,4.859958847562398,22.214954519254746,10.63,10.13,3.2260581359716656,12.936923900216776,0,3.129999999999999,85.49000000000001,-32.99,30.87,False,0
J03WMX,2,0:32:14.640000,DFL-OBJ-00012X,DFL-OBJ-J01APO,3.460520192109852,53.62679944351397,10.99,12.92,2.1091885885363246,11.104490082844869,0,5.079999999999998,85.49000000000001,-32.99,28.92,False,0
J03WMX,2,0:32:30.280000,DFL-OBJ-0027KL,DFL-OBJ-002G89,4.992995093127971,26.812185410666803,16.45,32.02,3.9282176146049674,8.477717853290471,0,22.240000000000002,79.87,27.37,-11.76,False,0
J03WMX,2,0:32:38.760000,DFL-OBJ-0028BD,DFL-OBJ-0027G0,4.958921253659909,93.09554283048938,12.41,10.71,1.2007206193226394,11.307134915618546,0,5.530000000000001,35.489999999999995,17.01,28.47,False,0
J03WMX,2,0:33:01.040000,DFL-OBJ-0028BD,DFL-OBJ-0002F5,4.968671854731405,15.168911536414889,6.79,12.39,6.054132253315858,14.351797796791871,1,9.79,4.609999999999999,47.89,24.21,False,0
J03WMX,2,0:33:02.920000,DFL-OBJ-J01DVC,DFL-OBJ-0027G6,4.859886829958078,36.932525221559345,20.94,19.01,6.189465704061998,6.722090448662529,0,12.350000000000001,16.03,36.47,21.65,False,0
J03WMX,2,0:36:38.840000,DFL-OBJ-0002F5,DFL-OBJ-002GBW,4.9756205643115505,13.771708279038036,13.65,23.17,2.730346237117367,7.886095358287268,1,32.08,54.8,2.3,1.92,False,0
J03WMX,2,0:36:44.080000,DFL-OBJ-0027KL,DFL-OBJ-002GBW,4.93128786423993,23.040042359443973,14.85,24.05,4.1035331369564965,17.651997054157924,0,32.6,66.49,13.99,1.4,False,0
J03WMX,2,0:36:48.920000,DFL-OBJ-J017RE,DFL-OBJ-J01DVC,4.998079631218375,36.877903203918684,3.93,14.21,4.187501542656935,7.4681189063913545,0,10.969999999999999,52.4,-0.1,-23.03,False,0
J03WMX,2,0:36:57,DFL-OBJ-0027KL,DFL-OBJ-002GBW,4.901632381156302,27.551266091337652,0.78,12.83,4.114047376273821,17.079437929861744,1,26.17,79.99,27.49,7.83,False,0
J03WMX,2,0:36:58.160000,DFL-OBJ-0002F5,DFL-OBJ-00012X,4.943531126634081,9.460822609469895,12.05,19.66,4.545942220300843,8.371935260141468,1,30.52,76.78,24.28,-3.48,False,0
J03WMX,2,0:37:01.200000,DFL-OBJ-0027KL,DFL-OBJ-002GBW,4.928498757228209,23.621047021275622,10.25,19.18,4.646829751027952,12.440164789905317,0,19.75,83.91,31.41,14.25,False,0
J03WMX,2,0:37:03,DFL-OBJ-0027G0,DFL-OBJ-002G89,4.8100415798618625,13.504715563094962,2.0,23.08,5.490407033471129,10.900541270964485,1,3.539999999999999,78.87,26.37,30.46,False,0
J03WMX,2,0:37:04.600000,DFL-OBJ-002GBW,DFL-OBJ-0027G0,2.0205444810743485,16.20960681600002,16.27,4.01,6.280893647960579,9.339261212751255,1,8.600000000000001,26.39,26.11,25.4,False,0
J03WMX,2,0:37:08.880000,DFL-OBJ-0027G0,DFL-OBJ-002GBW,1.8216750533506267,148.55233416788704,0.18,4.35,-1.2495507395560028,6.575484773003431,2,12.079999999999998,75.55,23.05,21.92,False,0
J03WMX,2,0:37:09.080000,DFL-OBJ-0002F5,DFL-OBJ-002GBW,4.2215281593280904,87.99801543661518,10.83,4.36,-1.9186452408610566,7.971681127591597,1,15.670000000000002,76.92,24.42,18.33,False,0
J03WMX,2,0:37:16.520000,DFL-OBJ-J017RE,DFL-OBJ-J01DVC,4.974102934198287,15.83470255572468,4.8,19.55,5.685207614388985,9.807028092138822,0,21.060000000000002,75.17,22.67,-12.94,False,0
J03WMX,2,0:37:18.800000,DFL-OBJ-0027KL,DFL-OBJ-002GBW,4.842571630858958,23.959167439882403,12.32,22.62,3.757996534894159,15.255163060419905,0,24.6,78.56,26.06,9.4,False,0
J03WMX,2,0:37:21.120000,DFL-OBJ-0027G0,DFL-OBJ-002G89,4.938117050050556,16.73259638050487,8.97,25.38,3.9949185118204023,13.290240780362106,0,4.710000000000001,69.05,16.55,29.29,False,0
J03WMX,2,0:37:23.800000,DFL-OBJ-002G89,DFL-OBJ-0027G0,3.9319333666785345,41.34241952210037,11.28,9.9,-1.1538248297941767,8.58643697932967,2,4.469999999999999,40.53,11.97,29.53,False,0
J03WMX,2,0:37:24.200000,DFL-OBJ-002GBW,DFL-OBJ-0027KL,3.2460745524402235,16.64852505617073,11.74,12.23,0.756467917845044,5.260617834437322,3,9.59,35.629999999999995,16.87,24.41,False,0
J03WMX,2,0:37:37,DFL-OBJ-J017RE,DFL-OBJ-J01DVC,4.845172855533638,15.999248829270838,8.65,16.92,6.537671068569142,8.809086218218095,1,18.17,72.11,19.61,-15.83,False,0
J03WMX,2,0:37:37.920000,DFL-OBJ-000191,DFL-OBJ-00012X,1.9165855055279943,12.809930027449033,11.48,11.59,3.6917918022937695,3.3588688572196435,2,21.57,62.28,9.78,-12.43,False,0
J03WMX,2,0:37:52.440000,DFL-OBJ-0027KL,DFL-OBJ-002GBW,4.932443613463818,27.341344451051985,7.28,13.95,4.332567781497425,11.746693151691671,1,23.2,66.57,14.07,-10.8,False,0
J03WMX,2,0:37:59.080000,DFL-OBJ-J017RE,DFL-OBJ-J01DVC,4.882058991859888,6.332635448111581,5.85,19.65,5.519499907534038,10.938249402898071,0,10.489999999999998,73.46000000000001,20.96,-23.51,False,0
J03WMX,2,0:37:59.960000,DFL-OBJ-0002F5,DFL-OBJ-002GBW,3.8882000977315974,48.2996621469274,7.4,8.48,0.20050020925430734,5.853622809850324,2,17.25,69.34,16.84,-16.75,False,0
J03WMX,2,0:38:02.520000,DFL-OBJ-J015S4,DFL-OBJ-002GKO,4.892535130175358,25.64631838781032,2.48,18.3,5.178662892539765,7.1647191152200795,1,1.5799999999999983,62.39,9.89,-32.42,False,0
J03WMX,2,0:38:06.200000,DFL-OBJ-0027V2,DFL-OBJ-000191,2.4545875417267147,22.10667827842134,10.11,11.42,0.6304081949578655,4.342453223697408,2,1.0399999999999991,63.28,-10.78,-32.96,False,0
J03WMX,2,0:38:13.320000,DFL-OBJ-0002F5,DFL-OBJ-00012X,3.9177161714447877,17.607258027857743,9.74,18.62,2.0057360544091574,9.540869981296256,1,5.359999999999999,56.5,4.0,-28.64,False,0
J03WMX,2,0:38:16.520000,DFL-OBJ-J017RE,DFL-OBJ-00012X,4.924408593932877,24.96539196571597,11.62,17.09,2.9635693443848066,13.283226264729512,0,8.07,70.83,18.33,-25.93,False,0
J03WMX,2,0:38:19.640000,DFL-OBJ-0027KL,DFL-OBJ-002GBW,4.975791394341205,29.419347227621913,19.92,23.21,3.5111092776120034,16.377658562810495,0,31.1,69.93,17.43,2.9,False,0
J03WMX,2,0:38:23.800000,DFL-OBJ-0027G0,DFL-OBJ-002G89,4.892003679475314,15.443344708322444,3.58,21.87,4.598723671020002,13.761006503886263,0,3.3200000000000003,55.12,2.62,30.68,False,0
J03WMX,2,0:38:33.680000,DFL-OBJ-J015S4,DFL-OBJ-J01DVC,4.963809021306117,5.2361950215199125,5.43,16.46,4.524116305526988,15.270396196562814,1,17.54,61.11,8.61,-16.46,False,0
J03WMX,2,0:39:24.520000,DFL-OBJ-J01N65,DFL-OBJ-0027B6,4.992995093127974,113.27290406408206,12.64,7.71,2.090711126730429,6.886080162182256,2,19.939999999999998,17.68,-34.82,-14.06,False,0
J03WMX,2,0:39:28.360000,DFL-OBJ-0002F5,DFL-OBJ-00012X,2.27481867409251,37.10500000184876,15.91,19.72,7.661010289474815,6.835034747534205,0,30.25,27.08,-25.42,-3.75,False,0
J03WMX,2,0:39:30.360000,DFL-OBJ-J01N65,DFL-OBJ-002G89,3.4989426974444724,122.70693891251659,2.47,21.7,-2.250963513518043,3.528469923352046,2,32.03,27.15,-25.35,1.97,False,0
J03WMX,2,0:39:32.560000,DFL-OBJ-002G89,DFL-OBJ-0027KL,4.696083474556218,15.05432550214002,27.09,17.05,11.689273275445483,9.29066736031379,2,24.560000000000002,66.35,-13.85,9.44,False,0
J03WMX,2,0:39:49.440000,DFL-OBJ-0027G0,DFL-OBJ-002G89,1.7176728442867126,135.61050569221865,20.9,5.12,5.197458948657514,11.887556519318846,1,2.210000000000001,73.11,20.61,31.79,False,0
J03WMX,2,0:39:54.200000,DFL-OBJ-0002F5,DFL-OBJ-002G89,3.8921716303369776,6.312761988913967,10.25,13.88,0.2016527804452961,4.686704599182671,3,8.030000000000001,71.36,18.86,25.97,False,0
J03WMX,2,0:39:59.800000,DFL-OBJ-J015S4,DFL-OBJ-J01DVC,4.83735464897913,12.030596096537908,4.81,16.35,5.4750687735168375,11.252488613635654,1,23.869999999999997,74.27,21.77,-10.13,False,0
J03WMX,2,0:40:01.840000,DFL-OBJ-J017RE,DFL-OBJ-002GBW,4.894507125339588,18.412553079627497,6.28,13.79,3.8920070479001456,12.319383101438156,0,33.1,80.11,27.61,-0.9,False,0
J03WMX,2,0:40:03.760000,DFL-OBJ-0027KL,DFL-OBJ-002G89,4.899234634103579,21.67605705009185,4.62,24.99,5.575388104037746,6.735257975757127,1,20.89,79.35,26.85,13.11,False,0
J03WMX,2,0:40:12.960000,DFL-OBJ-002GKO,DFL-OBJ-002GCR,2.3716871631815204,22.022729633196246,9.03,21.96,3.1289965960199337,10.30611954132107,0,7.09,40.59,11.91,26.91,False,0
J03WMX,2,0:40:13.760000,DFL-OBJ-0026ZI,DFL-OBJ-002GCR,4.373213921133976,3.5269684794425737,4.68,21.79,6.608505180872299,9.455421725126806,1,0.3299999999999983,38.07,14.43,33.67,False,0
J03WMX,2,0:40:19.600000,DFL-OBJ-0002F5,DFL-OBJ-002G89,2.0223748416156706,55.82179481365268,6.88,10.18,2.541842176777027,7.330436549074007,3,10.350000000000001,71.15,18.65,23.65,False,0
J03WMX,2,0:40:20.480000,DFL-OBJ-0026ZI,DFL-OBJ-002GCR,1.0660675400742667,12.317179974563075,11.14,15.06,2.6869919284158152,3.705401462729782,1,8.29,39.47,13.03,25.71,False,0
J03WMX,2,0:40:22.960000,DFL-OBJ-002GKO,DFL-OBJ-0027G0,3.334576434871451,91.77707780978902,8.95,9.68,-1.8802425152634117,10.436498454941676,2,2.0,26.33,26.17,32.0,False,0
J03WMX,2,0:40:24.400000,DFL-OBJ-0026ZI,DFL-OBJ-0027G0,4.127529527453439,4.096942854354168,23.58,16.77,-1.4609177455258016,5.338951207868451,2,5.440000000000001,20.9,31.6,28.56,False,0
J03WMX,2,0:40:26.040000,DFL-OBJ-0027KL,DFL-OBJ-0026ZI,0.7002856560004632,50.44234456299524,18.43,17.8,6.230866217296509,11.900357137498018,0,7.34,93.13,40.63,26.66,False,0
J03WMX,2,0:41:04.720000,DFL-OBJ-0027B6,DFL-OBJ-J01N65,1.7191858538273284,28.058877404404523,13.14,18.9,9.15719236934657,9.539444428267299,1,21.240000000000002,63.66,-11.16,-12.76,False,0
J03WMX,2,0:41:05.840000,DFL-OBJ-J01DVC,DFL-OBJ-J01N65,2.800803456153251,114.66875315419219,24.89,11.32,1.3259938211919187,4.023257386745222,2,21.34,64.5,-12.0,-12.66,False,0
J03WMX,2,0:42:04.160000,DFL-OBJ-002GBW,DFL-OBJ-0027KL,1.1669190203266044,65.22660069723466,14.56,16.85,-0.07641300546800012,1.3860014430006913,2,23.11,6.369999999999997,46.13,-10.89,False,0
J03WMX,2,0:42:05.960000,DFL-OBJ-0027KL,DFL-OBJ-002GBW,1.352368293032634,8.42180528034058,17.95,17.54,0.5278034838348167,5.835220647070679,1,20.59,103.3,50.8,-13.41,False,0
J03WMX,2,0:42:07,DFL-OBJ-0027KL,DFL-OBJ-002GBW,1.9283671849520785,28.666442303710593,25.34,26.31,0.22313794531947762,6.0370936716271055,0,14.86,103.82,51.32,-19.14,False,0
J03WMX,2,0:42:08.920000,DFL-OBJ-0027KL,DFL-OBJ-002GBW,1.1363538181394044,116.80254136965895,28.67,30.41,1.2242876527262507,6.67236090151005,1,4.41,94.36,41.86,-29.59,False,0
J03WMX,2,0:42:09.280000,DFL-OBJ-002GBW,DFL-OBJ-0027KL,0.8139410298049893,16.669601735088936,18.55,25.02,0.8806233729101745,11.331813623599713,1,2.9400000000000013,13.990000000000002,38.51,-31.06,False,0
J03WMX,2,0:42:31.440000,DFL-OBJ-J015S4,DFL-OBJ-J01DVC,4.914275124573305,17.0028827453834,4.13,16.23,4.637982741966191,14.88863324821993,0,2.030000000000001,70.86,18.36,-31.97,False,0
J03WMX,2,0:42:38.360000,DFL-OBJ-0027KL,DFL-OBJ-002GBW,4.908462080937369,42.179938286672666,11.89,18.07,3.134708129518251,17.64381194640206,0,29.78,77.71000000000001,25.21,4.22,False,0
J03WMX,2,0:42:43.320000,DFL-OBJ-J017RE,DFL-OBJ-00012X,4.88844556070741,27.050077327331824,8.08,12.23,3.8450967591185004,14.987307963740518,0,20.47,79.34,26.84,-13.53,False,0
J03WMX,2,0:42:46.160000,DFL-OBJ-0027KL,DFL-OBJ-002GBW,4.9768363445064185,38.56396394818454,16.44,19.25,3.758256357235168,15.2455140943164,0,23.490000000000002,71.76,19.26,10.51,False,0
J03WMX,2,0:42:48.680000,DFL-OBJ-J01D1W,DFL-OBJ-0000RP,1.542627628431437,1.7785152188624234,21.29,13.15,-2.3565690710785927,10.904907152286992,2,18.15,54.12,-1.62,15.85,False,0
J03WMX,2,0:42:53.280000,DFL-OBJ-0000RP,DFL-OBJ-002GBW,4.864277952584536,37.33339684403187,13.15,15.68,4.714768075151143,6.662979813867064,3,14.719999999999999,61.58,9.08,19.28,False,0
J03WMX,2,0:42:55.480000,DFL-OBJ-J01N65,DFL-OBJ-0027B6,1.5748650735856686,42.67148948813442,23.68,28.23,1.8403800462975484,7.403526186892299,1,16.14,33.72,-18.78,17.86,False,0
J03WMX,2,0:42:57.920000,DFL-OBJ-0002AU,DFL-OBJ-0026ZI,4.911903907854876,61.57942120857859,33.16,29.43,2.252553363515426,8.429976275174209,1,11.5,18.369999999999997,-34.13,22.5,False,0
J03WMX,2,0:43:05,DFL-OBJ-002GBW,DFL-OBJ-0002F5,2.549450921276972,86.11511732056816,21.37,19.38,5.030127560886329,8.373589433450865,1,27.98,62.43,-9.93,6.02,False,0
J03WMX,2,0:43:09.720000,DFL-OBJ-0027G6,DFL-OBJ-0027V2,4.912290708009859,28.314887170211968,14.77,17.14,2.907364782240891,10.921172098268574,2,7.829999999999998,21.01,-31.49,-26.17,False,0
J03WMX,2,0:43:12.600000,DFL-OBJ-002GCR,DFL-OBJ-002GKO,2.8887713651308595,123.20974991890805,10.74,4.07,0.19970382004453224,4.757909204682243,2,17.67,16.89,-35.61,-16.33,False,0
J03WMX,2,0:44:39.240000,DFL-OBJ-002G4A,DFL-OBJ-0000RP,4.867658574715363,1.0886197272087648,3.69,17.05,5.641278880985447,8.544588931013593,2,30.52,63.08,-10.58,3.48,False,0
J03WMX,2,0:44:41.840000,DFL-OBJ-0026ZI,DFL-OBJ-0002AU,4.797551458817299,30.45803058594867,7.51,17.43,4.513695372175932,17.536775644342377,0,4.940000000000001,63.34,-10.84,29.06,False,0
J03WMX,2,0:44:42.840000,DFL-OBJ-002G89,DFL-OBJ-0027G0,4.99144267722269,4.613005818074881,14.76,24.11,2.9262829527667744,9.458398384504642,1,1.9099999999999966,49.76,2.74,32.09,False,0
J03WMX,2,0:44:45.720000,DFL-OBJ-002G89,DFL-OBJ-0002AU,0.7156814934033199,81.90597990059081,21.39,23.09,0.12129358394597528,6.094276002939149,1,2.5100000000000016,61.26,-8.76,31.49,False,0
J03WMX,2,0:44:46.480000,DFL-OBJ-0002AU,DFL-OBJ-002G89,0.9771898484941387,18.910941287406903,23.41,21.35,-0.5292087003348819,10.190961681804124,1,2.6700000000000017,38.59,-13.91,31.33,False,0
J03WMX,2,0:45:28.800000,DFL-OBJ-0027KL,DFL-OBJ-002G89,4.858446253690577,9.356598873671611,4.98,26.14,6.8585219576878,10.939876598938401,0,21.439999999999998,44.71,-7.79,12.56,False,0
J03WMX,2,0:45:31.680000,DFL-OBJ-J017RE,DFL-OBJ-J01DVC,4.981816937624264,32.44714563742032,2.08,10.91,3.466296986828905,14.26650622962749,0,25.9,52.39,-0.11,-8.1,False,0
J03WMX,2,0:45:32.800000,DFL-OBJ-002GCR,DFL-OBJ-J01DVC,4.9080546044232225,0.1626095729822218,12.87,10.22,5.154863488941945,5.049059318328515,2,29.52,45.04,-7.46,-4.48,False,0
J03WMX,2,0:45:42.960000,DFL-OBJ-0002F5,DFL-OBJ-002GBW,4.2047235343123335,25.979243545709885,5.94,12.16,3.5253294053280015,6.814763385474215,2,19.53,54.68,2.18,14.47,False,0
J03WMX,2,0:45:45.840000,DFL-OBJ-0027G0,DFL-OBJ-002G89,4.9621467128653105,18.352773784033612,10.35,17.03,2.098512009387621,6.945761297366904,1,6.940000000000001,63.07,10.57,27.06,False,0
J03WMX,2,0:45:47.440000,DFL-OBJ-0002AU,DFL-OBJ-0026ZI,0.7683749084919405,61.30713853012669,18.01,21.11,0.1636790004134464,6.515681084890513,1,4.989999999999998,44.67,-7.83,29.01,False,0
J03WMX,2,0:45:47.640000,DFL-OBJ-0026ZI,DFL-OBJ-0002AU,0.8672946442818601,117.02734441525712,21.11,17.99,-0.3121654913775915,10.250995073650166,0,4.260000000000002,59.65,-7.15,29.74,False,0
J03WMX,2,0:45:49.040000,DFL-OBJ-002G89,DFL-OBJ-0002F5,3.0893526830065867,25.77229162256697,14.25,1.72,3.0025506528893096,3.7177546987395496,2,4.98,50.61,1.89,29.02,False,0
J03WMX,2,0:45:51.360000,DFL-OBJ-002GKO,DFL-OBJ-0000RP,4.920589395590737,6.987606574113014,4.47,19.66,6.128817474542966,9.943047822473751,2,23.2,60.86,-8.36,10.8,False,0
J03WMX,2,0:46:09.520000,DFL-OBJ-J01D1W,DFL-OBJ-0000RP,4.887954582440389,1.22386872424652,8.59,15.69,2.741250699877511,12.60641899985876,0,21.83,61.76,-9.26,12.17,False,0
J03WMX,2,0:46:26.080000,DFL-OBJ-002GKO,DFL-OBJ-0027G6,2.1294130646729865,140.6583040536699,13.23,14.52,1.8015111978316622,4.078345252672951,2,30.85,44.18,8.32,3.15,False,0
J03WMX,2,0:46:26.440000,DFL-OBJ-0002F5,DFL-OBJ-002GKO,3.438168116890156,130.0195247715679,13.76,9.85,1.926253766592435,6.974847668587466,1,31.759999999999998,63.49,10.99,2.24,False,0
J03WMX,2,0:46:31.400000,DFL-OBJ-J01N65,DFL-OBJ-0027B6,4.966538029654056,40.23647964234075,21.0,25.13,3.033978547070988,10.423022594238198,0,15.66,23.35,-29.15,-18.34,False,0
J03WMX,2,0:47:51.560000,DFL-OBJ-J01D1W,DFL-OBJ-0000RP,3.0750934945136232,74.95323721268682,7.87,3.56,-1.8183214999523811,6.264000319284793,1,5.030000000000001,61.55,-9.05,28.97,False,0
J03WMX,2,0:47:52.760000,DFL-OBJ-J01N65,DFL-OBJ-0027B6,0.6896375859826667,27.71481211580051,9.5,5.59,-0.02170593633334522,2.5909457732650445,4,9.57,40.46,-12.04,24.43,False,0
J03WMX,2,0:47:53.600000,DFL-OBJ-002GKO,DFL-OBJ-J01N65,2.7454872063078355,37.472485404060684,10.07,9.74,5.090622200235641,4.3735683371818945,4,13.850000000000001,62.07,-9.57,20.15,False,0
J03WMX,2,0:47:56.080000,DFL-OBJ-0026ZI,DFL-OBJ-J01N65,4.917601041158178,33.379245307030295,9.61,19.2,2.300003015850902,10.219593925396447,3,3.0700000000000003,64.3,-11.8,30.93,False,0
J03WMX,2,0:48:33.320000,DFL-OBJ-0002F5,DFL-OBJ-002G89,2.6401515108038773,19.514938707863,11.31,21.79,2.5561079946729923,5.482928049865329,2,14.469999999999999,30.41,-22.09,19.53,False,0
J03WMX,2,0:48:36.600000,DFL-OBJ-0027G0,DFL-OBJ-00012X,4.908441707915046,8.769085910583843,3.07,18.08,6.142766181586805,10.7628481360651,1,11.46,39.78,-12.72,22.54,False,0
J03WMX,2,0:48:37.720000,DFL-OBJ-0000RP,DFL-OBJ-0026ZI,2.153717715950723,1.6903851243510617,12.16,18.17,1.6007343428490473,10.991132789662766,0,4.379999999999999,24.59,-27.91,29.62,False,0
J03WMX,2,0:48:39.160000,DFL-OBJ-0000RP,DFL-OBJ-0026ZI,0.46238512086787603,72.2819003287547,5.88,9.43,0.3417437779053252,10.889719922936495,0,1.5,23.63,-28.87,32.5,False,0
J03WMX,2,0:48:39.560000,DFL-OBJ-0000RP,DFL-OBJ-0026ZI,0.5770615218501431,48.93478205636972,9.27,7.17,-0.28669100245566775,9.682752707778919,0,1.25,24.62,-27.88,32.75,False,0
J03WMX,2,0:48:41.040000,DFL-OBJ-0000RP,DFL-OBJ-0026ZI,0.2529822128134717,73.38335414152996,5.72,6.0,0.07155085998275995,6.775618052989709,1,0.4799999999999969,26.77,-25.73,33.52,False,0
J03WMX,2,0:48:41.440000,DFL-OBJ-0000RP,DFL-OBJ-0026ZI,0.25059928172283114,41.13926737511634,9.36,9.83,0.005957327726601458,5.397666162333494,2,0.7800000000000011,27.72,-24.78,33.22,False,0
J03WMX,2,0:48:42.920000,DFL-OBJ-0026ZI,DFL-OBJ-0000RP,0.9093404203047373,167.20712910485764,8.28,8.64,-1.168814949043114,9.25481496303411,1,0.7299999999999969,73.45,-20.95,33.27,False,0
J03WMX,2,0:49:15.360000,DFL-OBJ-002GKO,DFL-OBJ-0002AU,2.7721832551258196,76.31935864730062,7.73,10.48,3.072072791905188,4.811423905664517,3,15.920000000000002,89.25999999999999,-36.76,18.08,False,0
J03WN1,1,0:00:40.028000,DFL-OBJ-002G02,DFL-OBJ-000199,6.994690843775726,64.20062100462744,13.28,17.97,4.179736030630414,6.0018747071227665,3,13.8,69.77,-17.27,-20.2,False,1
J03WN1,1,0:00:41.590000,DFL-OBJ-002G8H,DFL-OBJ-000199,2.3794537188186706,28.62234755380614,10.33,11.95,2.4880786292060573,2.4283739415501886,2,12.14,67.65,-15.15,-21.86,False,1
J03WN1,1,0:02:47.839000,DFL-OBJ-002G02,DFL-OBJ-J016C3,1.087060255919607,121.09453914838555,9.11,12.82,-0.14702328446335178,5.292352973867107,4,0.3999999999999986,53.53,-1.03,33.6,False,1
J03WN1,1,0:03:01.350000,DFL-OBJ-J013O2,DFL-OBJ-000172,1.2844454056128667,137.94135716114795,3.78,15.58,-0.46520747048297506,3.324154027718933,3,5.73,62.28,-9.78,28.27,False,1
J03WN1,1,0:05:03.384000,DFL-OBJ-J01KDN,DFL-OBJ-000172,0.7253275122315447,42.94437786326141,6.01,4.18,0.7917244052435964,2.728827587078378,2,25.14,46.33,6.17,8.86,False,1
J03WN1,1,0:05:29.498000,DFL-OBJ-0027FG,DFL-OBJ-J01B8R,1.6407315441594925,157.74811493980775,2.72,5.66,-1.0354792391063283,14.825876028080096,0,5.079999999999998,2.6199999999999974,-49.88,28.92,False,1
J03WN1,1,0:05:32.706000,DFL-OBJ-002GBK,DFL-OBJ-000172,5.540000000000003,33.29942053718427,12.66,22.85,6.608800062564755,5.540000000000003,2,2.879999999999999,85.49000000000001,-32.99,31.12,False,1
J03WN1,1,0:05:35.310000,DFL-OBJ-002GAR,DFL-OBJ-0000YV,4.97829288009454,12.84916687211175,17.86,16.9,6.858946636771011,4.97829288009454,0,17.46,93.4,-40.9,16.54,False,1
J03WN1,1,0:07:59.182000,DFL-OBJ-J014F7,DFL-OBJ-002GAR,0.49648766349225837,75.97803852330571,8.35,6.06,0.383973137583869,2.245551157288562,2,19.86,11.350000000000001,-41.15,14.14,False,1
J03WN1,1,0:10:04.622000,DFL-OBJ-002G8H,DFL-OBJ-000199,5.777066729751352,152.37475267037897,1.61,12.76,-3.087271630903159,5.777066729751352,3,9.98,68.77,-16.27,-24.02,False,1
J03WN1,1,0:10:48.387000,DFL-OBJ-002GBK,DFL-OBJ-0000XU,6.499430744303689,15.034939478260917,16.03,12.57,6.719906981236092,6.409555366794174,3,12.620000000000001,49.43,3.07,-21.38,False,1
J03WN1,1,0:14:28.452000,DFL-OBJ-002GBK,DFL-OBJ-0001I0,4.2546210172000105,45.87805576562155,14.68,3.15,-3.7154796492934405,5.75006956479659,2,21.9,0.4099999999999966,52.09,12.1,False,1
J03WN1,1,0:16:24.963000,DFL-OBJ-002GOI,DFL-OBJ-000172,7.459255995070822,37.37819250671364,14.94,21.94,6.343983771619596,7.459255995070822,2,1.2100000000000009,77.35,-24.85,-32.79,False,1
J03WN1,1,0:16:30.690000,DFL-OBJ-002G8H,DFL-OBJ-0027LO,1.3064838307457145,140.3287609050239,2.37,12.29,-0.41346966583138467,4.993846213090668,4,24.72,93.49000000000001,-40.99,-9.28,False,1
J03WN1,1,0:16:00.510000,DFL-OBJ-002G02,DFL-OBJ-J014F7,0.8471717653463198,64.66103485354924,3.38,4.65,-0.04956653417850204,1.4389232085139219,3,7.300000000000001,50.34,2.16,26.7,False,1
J03WN1,1,0:19:29.190000,DFL-OBJ-002GBK,DFL-OBJ-0027LO,0.5277309920783512,160.75453350906895,9.39,11.18,4.007139453898428,4.383389099772001,3,31.02,66.96000000000001,-14.46,-2.98,False,1
J03WN1,1,0:20:02.595000,DFL-OBJ-0002LI,DFL-OBJ-0027LO,1.5467385040788244,42.86936491619736,7.6,16.5,3.7833171367507443,1.5467385040788244,1,28.13,53.85,-1.35,5.87,False,1
J03WN1,1,0:20:07.407000,DFL-OBJ-000172,DFL-OBJ-002G02,4.802051644870139,172.12581095653425,8.98,7.15,-5.321520431230598,6.082310416280973,2,22.869999999999997,69.42,16.92,11.13,False,1
J03WN1,1,0:20:09.701000,DFL-OBJ-0002LI,DFL-OBJ-0000XU,7.40694943954662,153.8090123817925,23.47,18.44,1.782995855899543,6.055353003748006,0,30.509999999999998,29.99,22.51,-3.49,False,1
J03WN1,1,0:20:21.800000,DFL-OBJ-002GBK,DFL-OBJ-J016C3,0.6754257916307304,32.47605233708496,17.61,17.78,0.5785923306740909,10.755696165288418,0,2.039999999999999,16.240000000000002,36.26,31.96,False,1
J03WN1,1,0:22:05.817000,DFL-OBJ-J01B8R,DFL-OBJ-000172,1.414213562373095,137.02684351058738,7.78,19.32,-1.7388355450496435,5.0180673570608825,0,-0.6499999999999986,51.79,0.71,34.65,False,1
J03WN1,1,0:23:35.030000,DFL-OBJ-0028NB,DFL-OBJ-002GOI,1.1433722053644637,61.33458087941258,15.49,16.22,1.8066659486140357,9.875555680568056,1,16.39,45.96,-6.54,-17.61,False,1
J03WN1,1,0:23:35.630000,DFL-OBJ-0028NB,DFL-OBJ-002GOI,1.1543396380615192,73.96341471295105,18.26,14.54,-0.3932350054880926,8.081392206792096,0,14.399999999999999,47.85,-4.65,-19.6,False,1
J03WN1,1,0:23:50.806000,DFL-OBJ-0028NB,DFL-OBJ-002GOI,0.8700000000000017,141.9467105567367,12.59,13.36,-0.44204731743767267,12.467846646474284,2,3.969999999999999,57.37,4.87,-30.03,False,1
J03WN1,1,0:23:59.722000,DFL-OBJ-0000YV,DFL-OBJ-0001UP,3.262422412870535,133.65286713774424,5.57,8.63,-3.0173548344027177,4.476036192883163,0,-0.9200000000000017,59.84,7.34,-34.92,False,1
J03WN1,1,0:22:41.470000,DFL-OBJ-002G02,DFL-OBJ-0027FG,1.7523127574722492,37.92389339505987,10.41,19.01,2.6938647406043645,4.350264359783208,1,31.32,14.170000000000002,38.33,2.68,False,1
J03WN1,1,0:26:08.169000,DFL-OBJ-0027LO,DFL-OBJ-002GAR,3.576870140220359,15.062366597546173,21.38,12.17,9.353486703608281,4.6252459394068985,3,25.21,26.64,-25.86,8.79,False,1
J03WN1,1,0:26:10.270000,DFL-OBJ-002G02,DFL-OBJ-000172,5.397490157471341,32.794883948090224,10.97,18.46,6.27925174685362,5.397490157471341,1,14.54,65.25,-12.75,19.46,False,1
J03WN1,1,0:27:11.367000,DFL-OBJ-002G8H,DFL-OBJ-0027LO,1.6735889578985628,49.76504034273399,19.83,12.85,4.843347251748891,2.510717029057636,3,22.240000000000002,57.78,-5.28,-11.76,False,1
J03WN1,1,0:28:05.427000,DFL-OBJ-0000YV,DFL-OBJ-0001UP,2.414953415699774,114.97391090588346,12.74,3.4,-3.2494631673593046,9.546391988599671,0,2.2600000000000016,25.52,-26.98,-31.74,False,1
J03WN1,1,0:28:15.162000,DFL-OBJ-002GOI,DFL-OBJ-002GM0,2.2060145058453244,148.995898638919,14.49,13.06,-0.953649414103912,3.691517303223704,0,21.48,4.729999999999997,47.77,-12.52,False,1
J03WN1,1,0:28:28.502000,DFL-OBJ-002G8H,DFL-OBJ-000199,3.014796842243274,166.4717162314324,3.74,2.38,-1.13050125647712,3.014796842243274,1,4.41,23.74,28.76,-29.59,False,1
J03WN1,1,0:28:30.819000,DFL-OBJ-000172,DFL-OBJ-0001UP,4.668543670139542,10.970070244521708,18.0,4.65,5.274307674911129,5.145114187265433,1,6.359999999999999,68.65,16.15,-27.64,False,1
J03WN1,1,0:29:22.384000,DFL-OBJ-002G02,DFL-OBJ-J016C3,0.9035485598461199,152.77915401985112,7.52,15.15,-0.8515246051115435,9.482852946239332,1,20.8,60.87,-8.37,13.2,False,1
J03WN1,1,0:29:45.350000,DFL-OBJ-0000YV,DFL-OBJ-002G8H,0.7580237463298877,67.52518734843099,0.65,8.28,0.7996113005091073,2.7294321753800723,4,27.8,22.09,-30.41,-6.2,False,1
J03WN1,1,0:30:43.512000,DFL-OBJ-002GOI,DFL-OBJ-0028NB,0.570087712549571,99.55764444720072,14.76,17.84,1.0060869519089202,16.140192068249995,0,4.219999999999999,42.28,10.22,-29.78,False,1
J03WN1,1,0:31:10.550000,DFL-OBJ-J013O2,DFL-OBJ-002GM0,1.731040149736568,22.678932741045486,11.39,20.59,2.8077429951117954,3.2276926743418435,3,5.510000000000002,49.01,3.49,-28.49,False,1
J03WN1,1,0:31:54.801000,DFL-OBJ-002GBK,DFL-OBJ-002GM0,1.605801980320114,45.90245641918912,2.34,13.23,4.165119123691148,5.586000358037944,1,8.29,31.59,20.91,-25.71,False,1
J03WN1,1,0:32:01.305000,DFL-OBJ-0000YV,DFL-OBJ-0001UP,1.2141251994749143,14.313588320131565,8.24,10.69,0.22198649629317946,6.479706783489512,4,12.89,55.82,3.32,-21.11,False,1
J03WN1,1,0:32:40.427000,DFL-OBJ-002G02,DFL-OBJ-J016C3,1.1107204868912786,102.32269925037716,20.26,24.97,3.1545772060390296,15.442467419424915,1,31.13,38.91,13.59,-2.87,False,1
J03WN1,1,0:35:09.030000,DFL-OBJ-0027LO,DFL-OBJ-0002LI,2.577207791389745,166.11533231474186,10.08,20.99,-4.023050470408349,2.959189078109069,2,25.380000000000003,44.4,-8.1,-8.62,False,1
J03WN1,1,0:38:54.524000,DFL-OBJ-0027LO,DFL-OBJ-0002LI,1.436802004452943,99.83336889283085,12.03,4.08,-1.9439000387474077,1.436802004452943,4,18.73,16.17,-36.33,15.27,False,1
J03WN1,1,0:40:33.924000,DFL-OBJ-0028NB,DFL-OBJ-002G8H,4.715007953333695,9.295400672466263,6.0,14.59,5.5341608953892925,4.715007953333695,2,23.3,16.29,-36.21,-10.7,False,1
J03WN1,1,0:40:36.511000,DFL-OBJ-0028NB,DFL-OBJ-0001UP,0.5632051136131442,133.43359895003405,15.58,15.42,1.7004434244410431,4.510177380103808,2,26.86,12.229999999999997,-40.27,-7.14,False,1
J03WN1,1,0:41:01.430000,DFL-OBJ-J013O2,DFL-OBJ-002GM0,3.355964838909968,96.75225413637655,30.73,28.4,0.9846545593764733,9.239853894948771,1,24.8,32.730000000000004,19.77,9.2,False,1
J03WN1,1,0:40:42.910000,DFL-OBJ-002GOI,DFL-OBJ-0000XU,4.6376071416194815,22.134273762186705,14.15,23.03,8.121410748951531,4.6376071416194815,2,0.6700000000000017,79.03,-26.53,-33.33,False,1
J03WN1,1,0:41:28.070000,DFL-OBJ-002GBK,DFL-OBJ-000172,1.171537451386,128.25025171928863,6.63,7.91,-1.6477308309331062,5.0208067080898475,1,9.98,29.87,22.63,24.02,False,1
J03WN1,1,0:42:00.552000,DFL-OBJ-0027LO,DFL-OBJ-J013O2,1.018331969448076,71.80029041781569,15.56,8.64,6.653762458654149,1.827019430657485,2,20.54,32.59,-19.91,-13.46,False,1
J03WN1,1,0:42:19.390000,DFL-OBJ-000172,DFL-OBJ-002G02,3.146505998723029,65.22959803609581,11.65,16.35,2.336706384118672,8.297234479029743,1,26.53,47.019999999999996,-5.48,-7.47,False,1
J03WN1,1,0:43:09.273000,DFL-OBJ-0000YV,DFL-OBJ-0001UP,0.5059644256269411,46.169139327907395,21.52,18.9,0.2731477774598484,9.134210420173165,2,23.93,32.81,-19.69,-10.07,False,1
J03WN1,1,0:44:21.600000,DFL-OBJ-002G8H,DFL-OBJ-000172,8.968890678339214,166.69680559948426,3.4,4.9,-1.0671189930056002,6.8976590231759065,1,13.149999999999999,83.35,-30.85,-20.85,False,1
J03WN1,1,0:44:11.230000,DFL-OBJ-0028NB,DFL-OBJ-002GOI,1.3148383931114902,67.01384593297358,28.25,30.83,0.6514951358828702,11.574255915608575,1,16.33,12.649999999999999,-39.85,-17.67,False,1
J03WN1,1,0:44:50.250000,DFL-OBJ-002G8H,DFL-OBJ-J014F7,1.63990853403475,172.79641289804073,9.04,19.16,-2.5465488783859658,5.073470212783357,3,20.58,67.1,-14.6,13.42,False,1
J03WN1,1,0:45:10.136000,DFL-OBJ-002GOI,DFL-OBJ-000199,3.02671439022581,75.61732198960883,21.99,4.84,-5.225845993420602,3.02671439022581,0,16.04,39.45,13.05,-17.96,False,1
J03WN1,1,0:45:42.459000,DFL-OBJ-0027FG,DFL-OBJ-J01B8R,3.148412298286232,96.63095088142164,19.82,16.01,1.5768526151224427,3.148412298286232,1,7.760000000000002,54.0,1.5,26.24,False,1
J03WN1,2,0:00:35.642000,DFL-OBJ-002GOI,DFL-OBJ-J014F7,0.9617692030835665,18.762082671537126,20.64,16.45,-0.9040063988965424,14.75092539469982,0,0.6899999999999977,9.310000000000002,-43.19,33.31,False,1
J03WN1,2,0:01:14.036000,DFL-OBJ-0027FG,DFL-OBJ-002GAR,1.448999654934396,21.94819403312535,20.87,15.28,0.15481803229643876,5.410249532138049,1,7.780000000000001,14.770000000000003,37.73,26.22,False,1
J03WN1,2,0:01:21.510000,DFL-OBJ-002GAR,DFL-OBJ-0027FG,1.733580110638098,33.009577467094125,1.82,13.82,3.568145964276538,2.8034978152301107,0,11.239999999999998,82.66,30.16,22.76,False,1
J03WN1,2,0:03:28.694000,DFL-OBJ-J013O2,DFL-OBJ-002GM0,0.4753945729601894,84.39844844275017,4.38,9.11,0.8154160103346977,4.311577437551133,4,13.93,47.12,-5.38,20.07,False,1
J03WN1,2,0:04:10.029000,DFL-OBJ-002G02,DFL-OBJ-J014F7,1.8630351580150075,80.60551017486475,4.18,0.67,-0.07058179083403893,2.3183614903634,1,31.03,8.259999999999998,-44.24,-2.97,False,1
J03WN1,2,0:04:41.365000,DFL-OBJ-0002LI,DFL-OBJ-000199,1.668831926827863,75.03061702322229,19.92,13.24,4.070568422422307,1.668831926827863,3,11.23,49.79,-2.71,-22.77,False,1
J03WN1,2,0:06:10.870000,DFL-OBJ-002G02,DFL-OBJ-002GM0,1.075406899736097,6.308550324001059,22.35,15.42,1.193814524220591,2.11177650332605,2,22.53,8.04,-44.46,11.47,False,1
J03WN1,2,0:06:54.141000,DFL-OBJ-002GOI,DFL-OBJ-0000XU,0.9334880824091986,80.84615152630089,4.01,4.04,0.06640999877840142,2.799517815624685,3,11.309999999999999,53.5,1.0,22.69,False,1
J03WN1,2,0:07:10.678000,DFL-OBJ-002GBK,DFL-OBJ-0027LO,6.8692721594067,79.54108477326845,9.33,10.38,0.03484825092476829,6.8692721594067,2,12.91,20.200000000000003,-32.3,21.09,False,1
J03WN1,2,0:07:31.335000,DFL-OBJ-0027LO,DFL-OBJ-0001UP,1.707922714879101,46.256459666535136,16.38,12.43,6.843726629317448,1.707922714879101,5,26.65,57.16,-4.66,7.35,False,1
J03WN1,2,0:07:33.163000,DFL-OBJ-0001UP,DFL-OBJ-000199,0.6933974329343886,14.659558528241178,17.51,10.38,0.3100939494326102,7.262816258174235,1,22.45,46.01,-6.49,11.55,False,1
J03WN1,2,0:08:02.318000,DFL-OBJ-002G02,DFL-OBJ-J016C3,0.49406477308142444,5.878058008753248,7.19,5.26,-0.17155956339442752,7.2200623266007895,2,19.810000000000002,29.43,-23.07,-14.19,False,1
J03WN1,2,0:06:51.230000,DFL-OBJ-002G8H,DFL-OBJ-000172,0.8405950273467008,69.62419691431433,14.89,20.12,2.3384589403200393,5.913543776789007,4,21.67,65.83,13.33,12.33,False,1
J03WN1,2,0:09:14.332000,DFL-OBJ-J01B8R,DFL-OBJ-000199,7.0376842782267515,150.48085681660666,8.08,4.3,-0.9819975678707515,6.030489200719952,2,-1.009999999999998,19.9,-32.6,-35.01,False,1
J03WN1,2,0:08:56.870000,DFL-OBJ-002G8H,DFL-OBJ-002GM0,2.7994642344563005,91.8883035252202,20.52,19.09,1.643568582308782,3.5300141642775267,0,33.71,19.340000000000003,-33.16,-0.29,False,1
J03WN1,2,0:11:08.898000,DFL-OBJ-J013O2,DFL-OBJ-J014F7,0.6847627326308009,49.00554967103963,8.01,15.85,1.8212397829862828,2.9773310195542564,4,6.539999999999999,42.68,-9.82,-27.46,False,1
J03WN1,2,0:11:24.324000,DFL-OBJ-000172,DFL-OBJ-J013O2,1.5616977940690062,24.4716205337048,8.15,17.98,4.265593334515218,3.9842188694899776,5,16.03,61.32,-8.82,-17.97,False,1
J03WN1,2,0:12:47.865000,DFL-OBJ-0000YV,DFL-OBJ-0001UP,1.465366848267013,125.48729264464542,2.44,6.48,-0.2847154469472851,3.801854810483958,4,25.86,5.490000000000002,47.01,8.14,False,1
J03WN1,2,0:12:55.775000,DFL-OBJ-J013O2,DFL-OBJ-002G4G,0.8490583018851,44.25171606776382,9.38,8.08,0.18224035961047658,4.460717431086623,0,-1.7000000000000028,66.39,13.89,35.7,False,1
J03WN1,2,0:13:06.477000,DFL-OBJ-002GAR,DFL-OBJ-0000YV,1.8853381659532567,19.606697130274455,10.03,17.52,4.589375961144408,8.04075245235171,0,2.1000000000000014,73.21000000000001,20.71,31.9,False,1
J03WN1,2,0:13:55.672000,DFL-OBJ-0002LI,DFL-OBJ-000199,1.092931836849856,170.73291151022664,1.0,16.1,-1.8379024011247236,1.5098675438593943,2,27.06,53.82,1.32,6.94,False,1
J03WN1,2,0:16:42.841000,DFL-OBJ-002GOI,DFL-OBJ-0028D6,1.1112605455067686,108.82184727012913,31.19,23.36,1.54186021029164,3.0629724125430804,1,13.8,16.810000000000002,-35.69,20.2,False,1
J03WN1,2,0:17:37.486000,DFL-OBJ-0028NB,DFL-OBJ-002GAR,1.3697079980784226,57.996070163399075,0.86,9.6,1.39145944072536,5.126402247190518,1,33.66,46.22,6.28,0.34,False,1
J03WN1,2,0:18:42.023000,DFL-OBJ-002GBK,DFL-OBJ-J014F7,1.1178998166204333,147.5300526471065,14.31,12.9,-0.7941246391768259,3.2909725006447554,1,10.8,30.43,-22.07,-23.2,False,1
J03WN1,2,0:19:06.230000,DFL-OBJ-002GBK,DFL-OBJ-000172,1.9922349259060803,134.2061139105246,6.32,17.95,-0.7369891952444602,2.77416654150395,3,4.289999999999999,40.53,-11.97,-29.71,False,1
J03WN1,2,0:20:12.487000,DFL-OBJ-002GBK,DFL-OBJ-002G4G,1.450551619212501,53.20223455900727,12.34,12.27,0.49710552208659553,5.968056635120009,1,8.690000000000001,14.899999999999999,-37.6,-25.31,False,1
J03WN1,2,0:19:33.030000,DFL-OBJ-002G02,DFL-OBJ-000199,1.5638733964103337,96.48762704921285,4.14,19.45,3.015316508974163,1.5638733964103337,2,10.96,6.109999999999999,-46.39,-23.04,False,1
J03WN1,2,0:20:41.908000,DFL-OBJ-002GBK,DFL-OBJ-000172,0.5458937625582472,123.38478367353623,22.5,23.81,0.7161307982728582,3.460996966193415,2,13.57,6.509999999999998,-45.99,-20.43,False,1
J03WN1,2,0:20:27.950000,DFL-OBJ-0002LI,DFL-OBJ-002G4G,1.4290206436577466,110.71225161372276,8.31,14.1,0.40142624685835626,1.8869287214942718,3,23.11,9.14,-43.36,-10.89,False,1
J03WN1,2,0:21:42.332000,DFL-OBJ-0027FG,DFL-OBJ-0001UP,0.5798275605729691,11.560130794217738,13.94,9.48,0.5077890116739194,6.193972876918336,5,9.100000000000001,37.66,14.84,-24.9,False,1
J03WN1,2,0:22:57.176000,DFL-OBJ-0028NB,DFL-OBJ-J01B8R,1.991004771465906,99.07541571451783,31.86,21.2,2.8171176327704694,16.20266953313558,1,1.6400000000000006,9.649999999999999,42.85,-32.36,False,1
J03WN1,2,0:23:57.541000,DFL-OBJ-000172,DFL-OBJ-0002LI,1.4512408483776902,37.78649156066409,4.91,18.16,4.403865259467626,5.364848553314441,1,5.460000000000001,20.51,31.99,-28.54,False,1
J03WN1,2,0:24:13.151000,DFL-OBJ-J014F7,DFL-OBJ-002GOI,0.4569463863518343,50.239049106805815,17.96,22.78,2.2507336495163432,6.761730547722233,2,2.8999999999999986,47.79,4.71,-31.1,False,1
J03WN1,2,0:24:59.479000,DFL-OBJ-002GOI,DFL-OBJ-0028D6,0.7256721022610683,43.46411408242608,4.95,8.12,0.11584565090920734,1.5610893632332519,2,0.8200000000000003,62.56,10.06,33.18,False,1
J03WN1,2,0:25:10.053000,DFL-OBJ-002GBK,DFL-OBJ-000172,1.525942331806809,82.57212134554165,13.65,13.05,0.8233685074464225,2.8584786163272216,4,8.14,59.65,7.15,25.86,False,1
J03WN1,2,0:25:14.937000,DFL-OBJ-J013O2,DFL-OBJ-J014F7,2.4777610861420842,17.972060255922383,8.63,14.27,5.086028349103274,8.35610555222946,1,22.72,39.51,-12.99,11.28,False,1
J03WN1,2,0:25:22.170000,DFL-OBJ-J016C3,DFL-OBJ-002G02,2.0302709178826346,65.57538036923073,25.85,17.35,-2.687555647888734,2.745924252414839,2,17.69,71.63,-19.13,-16.31,False,1
J03WN1,2,0:26:15.094000,DFL-OBJ-002G8H,DFL-OBJ-000199,2.3530618351416077,153.05358126985212,10.86,17.71,-1.7837980399860665,6.902296719208761,2,15.23,73.4,20.9,18.77,False,1
J03WN1,2,0:26:19.135000,DFL-OBJ-002GAR,DFL-OBJ-0028NB,4.2941821107167755,1.755194756548742,22.3,16.86,10.530318280734718,6.8778630402182355,0,11.989999999999998,73.38,20.88,22.01,False,1
J03WN1,2,0:26:28.132000,DFL-OBJ-0027FG,DFL-OBJ-002GOI,5.47892325188079,10.15189334204196,10.33,17.38,6.758620106386459,14.267238695697216,3,20.54,67.88,-15.38,13.46,False,1
J03WN1,2,0:26:36.731000,DFL-OBJ-0028NB,DFL-OBJ-002GOI,1.0602358228243416,68.46149948885292,7.33,5.49,-0.49695890163267337,2.5248564315620037,1,1.2299999999999969,54.25,-1.75,32.77,False,1
J03WN1,2,0:26:04.470000,DFL-OBJ-0028NB,DFL-OBJ-002GAR,0.32649655434628877,4.277114825806263,13.01,14.67,1.3234139602122432,13.844919645848432,0,4.690000000000001,4.850000000000001,47.65,29.31,False,1
J03WN1,2,0:26:49.384000,DFL-OBJ-J01B8R,DFL-OBJ-0000YV,2.5360007886434084,65.16123262633582,20.39,19.33,2.870386185250018,15.38343264684446,0,14.920000000000002,53.39,0.89,-19.08,False,1
J03WN1,2,0:28:55.729000,DFL-OBJ-000199,DFL-OBJ-0002LI,0.4712748667179266,68.7183158676701,7.31,9.2,4.420529203945889,9.789177697845721,1,1.0799999999999983,31.59,20.91,-32.92,False,1
J03WN1,2,0:30:21.031000,DFL-OBJ-0028NB,DFL-OBJ-0001UP,0.41880783182743797,30.842512910731934,10.41,8.65,-0.12778076402609015,13.834453368312026,0,1.6400000000000006,2.6300000000000026,49.87,32.36,False,1
J03WN1,2,0:31:16.206000,DFL-OBJ-J014F7,DFL-OBJ-002GAR,1.0309219175087903,9.700196902119322,4.25,6.47,1.3281401232637184,6.160819750650069,1,1.2199999999999989,8.420000000000002,44.08,32.78,False,1
J03WN1,2,0:31:19.015000,DFL-OBJ-0028NB,DFL-OBJ-002GOI,0.8271033792700895,117.97016551048453,20.32,18.57,0.4428440691500479,12.15664427381175,1,13.75,33.64,18.86,20.25,False,1
J03WN1,2,0:31:23.310000,DFL-OBJ-0028NB,DFL-OBJ-0001UP,1.3656500283747681,103.4741363279888,21.06,15.7,5.4043923781584775,1.910235587565051,3,26.04,14.280000000000001,38.22,7.96,False,1
J03WN1,2,0:31:34.059000,DFL-OBJ-0027FG,DFL-OBJ-J01B8R,1.5074813431681333,171.9904458828108,15.09,24.29,-1.9725268632517203,3.876209488662862,1,10.09,5.420000000000002,47.08,-23.91,False,1
J03WN1,2,0:32:26.986000,DFL-OBJ-0027FG,DFL-OBJ-002G8H,0.6356886030125144,168.14478307302204,18.59,13.16,0.9491096371383761,6.526078454937541,3,14.05,4.200000000000003,48.3,-19.95,False,1
J03WN1,2,0:32:24.430000,DFL-OBJ-0027FG,DFL-OBJ-002G8H,1.2984991336154221,96.89780360931036,16.37,20.2,0.06301945646549678,5.461547399776002,0,9.54,17.85,34.65,-24.46,False,1
J03WN1,2,0:33:07.005000,DFL-OBJ-0027FG,DFL-OBJ-J01B8R,1.0628264204469149,140.1661501074052,20.67,26.79,-0.6768514162860034,10.03127609030875,1,5.239999999999998,36.05,16.45,-28.76,False,1
J03WN1,2,0:33:43.217000,DFL-OBJ-0000YV,DFL-OBJ-0001UP,2.2182200071228277,178.58690363483663,6.12,16.35,-2.434983349175773,2.2182200071228277,3,6.140000000000001,34.97,17.53,-27.86,False,1
J03WN1,2,0:34:02.230000,DFL-OBJ-0027FG,DFL-OBJ-J01B8R,2.1758906222510372,88.15948470265505,27.25,24.61,0.19082625915001095,4.544931242604228,0,8.0,13.369999999999997,39.13,-26.0,False,1
J03WN1,2,0:36:04.558000,DFL-OBJ-002GBK,DFL-OBJ-002G4G,0.4026164427839488,4.551765844444825,15.41,13.86,1.2984805849120267,4.136278520602792,2,10.670000000000002,24.72,-27.78,23.33,False,1
J03WN1,2,0:36:11.235000,DFL-OBJ-J01AQV,DFL-OBJ-002GAR,1.2185236969382265,128.19664357511223,28.4,29.78,-0.6108934667540469,10.971494884472216,0,2.1499999999999986,35.54,16.96,31.85,False,1
J03WN1,2,0:38:43.315000,DFL-OBJ-J01G0J,DFL-OBJ-002G4G,0.47759815745038237,25.455571420505542,29.54,29.47,0.573771559340413,3.6505889935735043,0,13.239999999999998,45.96,-6.54,-20.76,False,1
J03WN1,2,0:37:05.870000,DFL-OBJ-J016C3,DFL-OBJ-002G02,1.7691806012954134,56.1810333000022,8.77,7.32,3.674000083624265,8.674848701850657,0,4.079999999999998,57.93,-5.43,-29.92,False,1
J03WN1,2,0:38:13.430000,DFL-OBJ-J01B8R,DFL-OBJ-00002Z,2.103449547766714,52.55983721313963,8.47,19.28,4.051082087271642,11.026096317373614,0,4.699999999999999,99.47999999999999,46.98,-29.3,False,1
J03WN1,2,0:39:46.763000,DFL-OBJ-000172,DFL-OBJ-002GOI,1.1494781424629175,115.72032060505231,13.91,3.25,3.636536974566397,3.213627234139019,1,5.140000000000001,19.47,33.03,28.86,False,1
J03WN1,2,0:40:14.236000,DFL-OBJ-0001UP,DFL-OBJ-J01AQV,0.631506136153879,128.1540495337375,21.67,22.35,-0.7055528805560486,9.478908164973433,0,21.32,73.12,20.62,12.68,False,1
J03WN1,2,0:41:40.485000,DFL-OBJ-002GBK,DFL-OBJ-00002Z,0.6003332407921445,43.9319821822266,21.32,14.21,4.184290027732837,5.2554733373883655,1,19.9,48.96,-3.54,-14.1,False,1
J03WN1,2,0:45:01.724000,DFL-OBJ-J01AQV,DFL-OBJ-002G8H,0.5508175741568191,70.62115167106666,13.22,5.99,-0.2254146547639603,0.7481310045707268,2,1.759999999999998,2.020000000000003,50.48,-32.24,False,1
J03WN1,2,0:45:37.815000,DFL-OBJ-002GBK,DFL-OBJ-J016C3,1.0084641788382944,50.234340380689495,11.69,7.54,2.990474972632241,1.4645477117526748,2,0.5700000000000003,49.55,-2.95,-33.43,False,1
J03WN1,2,0:01:18.070000,DFL-OBJ-J013O2,DFL-OBJ-000172,0.9381364506296529,34.27151977409219,10.18,10.65,0.042780520243715925,3.6749149650025927,3,16.34,65.5,13.0,17.66,False,1
J03WN1,2,0:03:20.630000,DFL-OBJ-0000YV,DFL-OBJ-002GAR,1.1896217886370426,170.8764975446066,5.92,5.05,-2.176793535637509,3.5011569516375585,2,5.510000000000002,15.729999999999997,36.77,28.49,False,1
J03WN1,2,0:04:05.630000,DFL-OBJ-002GBK,DFL-OBJ-0001I0,0.5215361924162101,89.0178828367759,17.19,10.55,0.10505979932000947,3.44583806932363,2,28.16,5.840000000000003,-46.66,-5.84,False,1
J03WN1,2,0:05:34.430000,DFL-OBJ-0002LI,DFL-OBJ-0027FG,1.3168523075880607,76.11960951126099,16.73,18.46,0.5145245871134524,7.573513055379252,1,2.370000000000001,29.56,-22.94,-31.63,False,1
J03WN1,2,0:07:13.590000,DFL-OBJ-002GBK,DFL-OBJ-000172,1.5247294842036734,155.3331824055016,9.67,7.63,-2.05950381962168,3.206696119060866,1,18.85,15.200000000000003,-37.3,15.15,False,1
J03WN1,2,0:11:21.910000,DFL-OBJ-002G4G,DFL-OBJ-J013O2,5.256205855938291,57.479683869399665,14.81,13.22,3.737614699627878,5.256205855938291,2,7.32,69.03999999999999,-16.54,-26.68,False,1
J03WN1,2,0:19:07.550000,DFL-OBJ-J01B8R,DFL-OBJ-0000YV,0.6896375859826632,55.66682697600587,7.16,8.06,0.47050166977882113,2.9039455917768144,2,0.7700000000000031,45.44,-7.06,-33.23,False,1
J03WN1,2,0:20:25.470000,DFL-OBJ-0002LI,DFL-OBJ-0000YV,1.096038320497964,37.29170428212053,26.13,23.45,1.893275001960894,4.215518947887672,2,21.15,19.5,-33.0,-12.85,False,1
J03WN1,2,0:21:40.990000,DFL-OBJ-J016C3,DFL-OBJ-002G02,0.22472205054244293,104.70783237993211,8.57,5.91,0.6332367139156084,3.5948991640934795,1,4.600000000000001,49.35,3.15,-29.4,False,1
J03WN1,2,0:24:03.910000,DFL-OBJ-000199,DFL-OBJ-0001UP,0.6918092222571168,92.08873495609969,3.37,13.52,2.3663590227378783,3.6816436546738194,1,4.68,16.869999999999997,35.63,-29.32,False,1
J03WN1,2,0:25:19.870000,DFL-OBJ-J013O2,DFL-OBJ-002G4G,2.33308808234923,43.69877793932606,16.31,19.73,5.242731252193994,2.941836161311503,1,31.91,34.730000000000004,-17.77,-2.09,False,1
J03WN1,2,0:31:11.750000,DFL-OBJ-000172,DFL-OBJ-002GBK,1.8309833423600572,88.30154307228804,12.84,6.42,-1.915457228928178,4.408832044884452,1,2.7399999999999984,28.18,24.32,31.26,False,1
J03WN1,2,0:33:46.750000,DFL-OBJ-0001UP,DFL-OBJ-0028NB,0.9940321926376462,24.264045941770995,2.18,10.47,2.3071658601541896,6.3478894130254035,1,0.9799999999999969,79.24,26.74,-33.02,False,1
J03WN1,2,0:39:48.990000,DFL-OBJ-002G8H,DFL-OBJ-000172,0.4060788100849377,89.78545236053907,11.06,9.69,0.19852658418149108,3.713569711207801,2,0.990000000000002,84.58,32.08,33.01,False,1
J03WN1,2,0:41:39.710000,DFL-OBJ-002GBK,DFL-OBJ-000199,3.2373600355845507,71.47423170962857,24.86,13.41,-4.594828952054195,5.578261377884689,0,24.36,47.05,-5.45,-9.64,False,1
J03WN1,2,0:44:24.230000,DFL-OBJ-J01AQV,DFL-OBJ-0001UP,1.301460717809027,29.658807963091732,21.51,24.91,0.4628653923070519,10.087140328160404,1,20.34,17.990000000000002,34.51,-13.66,False,1
J03WN1,2,0:45:05.150000,DFL-OBJ-002G8H,DFL-OBJ-J01AQV,1.2393950137062875,18.662262271933077,10.38,8.71,0.43032246345306446,6.2543185080390655,0,1.3299999999999983,99.72999999999999,47.23,-32.67,False,1
J03WN1,2,0:45:22.750000,DFL-OBJ-00002Z,DFL-OBJ-002G02,0.9055385138137415,5.806158666957726,7.85,10.11,6.386153715465645,0.9646242791885365,2,18.82,31.84,20.66,-15.18,False,1
J03WN1,2,0:47:15.550000,DFL-OBJ-002GBK,DFL-OBJ-000199,2.6755560169803942,70.0597783779438,16.39,17.19,-1.2335600799280966,2.6755560169803942,2,29.23,30.14,-22.36,4.77,False,1
J03WN1,2,0:47:16.430000,DFL-OBJ-002GBK,DFL-OBJ-002GAV,0.9183136719008383,98.2456636083222,16.04,20.35,-0.06405278910491613,0.9724710792614872,2,31.18,26.2,-26.3,2.82,False,1
J03WN1,1,0:00:07.600000,DFL-OBJ-0000YV,DFL-OBJ-J01KDN,0.5922837157984324,135.60679971240938,8.92,6.82,-0.2801885691417838,3.6769552621700465,2,6.16,29.59,-22.91,-27.84,False,0
J03WN1,1,0:00:08.680000,DFL-OBJ-000199,DFL-OBJ-J013O2,2.4361444948935205,67.01054268405173,12.1,3.15,-1.8450697278083361,2.5737909783041806,1,7.559999999999999,33.81,-18.69,-26.44,False,0
J03WN1,1,0:00:34.760000,DFL-OBJ-002GBK,DFL-OBJ-000172,3.947923504831367,3.6306517354162415,7.45,23.03,3.9812967894651283,15.716885823852003,1,9.41,97.28,-44.78,-24.59,False,0
J03WN1,1,0:00:43.080000,DFL-OBJ-002GBK,DFL-OBJ-0028NB,4.954714926209175,35.493929556716516,11.27,21.41,5.557849766346392,5.384394116332867,1,2.5700000000000003,63.82,-11.32,-31.43,False,0
J03WN1,1,0:00:48.320000,DFL-OBJ-0002LI,DFL-OBJ-0027FG,3.7771153013907326,21.52354973235274,19.82,27.24,2.360627565683316,5.9884221628071606,0,31.27,39.17,13.33,-2.73,False,0
J03WN1,1,0:00:49.920000,DFL-OBJ-J013O2,DFL-OBJ-J016C3,4.4540543328522615,74.22984722576581,18.81,29.12,0.5828524764485943,10.597494987024056,2,27.14,21.8,30.7,6.86,False,0
J03WN1,1,0:01:55.040000,DFL-OBJ-002GBK,DFL-OBJ-0027FG,4.995247741604012,36.12976009611849,11.11,21.44,3.641860497186309,5.235656596836736,0,11.899999999999999,24.49,28.01,-22.1,False,0
J03WN1,1,0:01:55.960000,DFL-OBJ-J01KDN,DFL-OBJ-J014F7,4.380707705382771,43.636622453321884,13.61,17.4,0.47498114949950043,6.132935675514624,5,16.57,13.689999999999998,38.81,-17.43,False,0
J03WN1,1,0:01:56.960000,DFL-OBJ-002G8H,DFL-OBJ-000199,3.717647105361131,33.133242067437266,11.22,15.33,5.745101797465352,4.0594088239545405,2,18.67,17.78,34.72,-15.33,False,0
J03WN1,1,0:02:38.600000,DFL-OBJ-0027FG,DFL-OBJ-002GAR,2.7994642344563005,61.24490018572239,19.62,15.95,-0.5323536803404971,7.035630746422099,3,7.550000000000001,33.010000000000005,-19.49,26.45,False,0
J03WN1,1,0:02:40.200000,DFL-OBJ-000172,DFL-OBJ-0002LI,4.986391480820575,28.633763529973685,7.16,16.34,4.283741444864455,8.062586433645222,2,1.6099999999999994,35.64,-16.86,32.39,False,0
J03WN1,1,0:02:42.600000,DFL-OBJ-000172,DFL-OBJ-J01B8R,0.7334848328356924,106.3593658946049,11.39,1.18,0.7359425639673078,2.7816002588438207,1,1.3999999999999986,34.71,-17.79,32.6,False,0
J03WN1,1,0:02:42.920000,DFL-OBJ-000172,DFL-OBJ-J01B8R,1.5565667348366392,169.12022588018775,11.92,1.76,-2.2587426503660257,3.1871303707253644,2,2.4499999999999993,34.84,-17.66,31.55,False,0
J03WN1,1,0:02:43.560000,DFL-OBJ-0027LO,DFL-OBJ-0002LI,2.9720363389433877,48.46150935986975,14.79,4.58,5.718031642183526,3.3725064862799017,3,6.690000000000001,29.73,-22.77,27.31,False,0
J03WN1,1,0:02:43.880000,DFL-OBJ-002GBK,DFL-OBJ-0027LO,2.894581144138129,73.1828158582816,6.63,13.7,1.4435529000214276,5.009361236724698,4,8.73,72.39,-19.89,25.27,False,0
J03WN1,1,0:02:44.480000,DFL-OBJ-002G02,DFL-OBJ-000172,4.545261268618122,57.01477852192229,10.08,12.28,0.3538483646840018,5.656023337999942,3,1.6199999999999974,65.58,-13.08,32.38,False,0
J03WN1,1,0:03:01.480000,DFL-OBJ-000172,DFL-OBJ-J013O2,1.543243337908833,7.017154779863373,15.08,3.3,-1.2842008095253277,4.538744319743073,4,5.620000000000001,41.06,-11.44,28.38,False,0
J03WN1,1,0:03:02,DFL-OBJ-0027LO,DFL-OBJ-002G8H,4.104655893007354,160.6723254438068,6.4,6.41,-0.14281445484904287,6.384238404069821,2,11.61,40.69,-11.81,22.39,False,0
J03WN1,1,0:03:02.680000,DFL-OBJ-000172,DFL-OBJ-J01B8R,3.218011808555093,49.20532310670242,10.82,20.59,2.8063816771615135,4.801051968058666,2,8.420000000000002,37.38,-15.12,25.58,False,0
J03WN1,1,0:03:02.920000,DFL-OBJ-0000YV,DFL-OBJ-002GAR,1.8117670931993457,62.128224318348465,13.42,20.01,0.9947337855608407,4.477153113307607,3,8.760000000000002,32.35,-20.15,25.24,False,0
J03WN1,1,0:03:03.720000,DFL-OBJ-0027LO,DFL-OBJ-002G8H,4.1072131671000465,151.71990199547741,13.09,4.32,0.8093370318362902,5.17417626294273,0,12.7,38.05,-14.45,21.3,False,0
J03WN1,1,0:03:04.920000,DFL-OBJ-0027LO,DFL-OBJ-002G8H,4.713650390090466,72.69468659136382,22.17,17.43,-2.1109026241399254,9.253826235671383,1,18.47,39.18,-13.32,15.53,False,0
J03WN1,1,0:03:10.040000,DFL-OBJ-0000XU,DFL-OBJ-J01KDN,4.964070910049533,74.3818868939473,24.18,27.55,2.5485158496113636,13.260173452862523,0,5.699999999999999,40.0,-12.5,-28.3,False,0
J03WN1,1,0:03:10.640000,DFL-OBJ-0028NB,DFL-OBJ-002GOI,3.6769552621700465,31.01279013543285,9.61,18.28,2.4130254520255,6.731894235651656,1,1.1799999999999997,28.61,-23.89,-32.82,False,0
J03WN1,1,0:03:12.200000,DFL-OBJ-002GOI,DFL-OBJ-0028NB,1.8154062906137591,179.66270535142556,3.51,10.7,-2.592686854305396,4.533188723183718,0,0.6899999999999977,75.37,-22.87,-33.31,False,0
J03WN1,1,0:03:28.120000,DFL-OBJ-0000YV,DFL-OBJ-002G8H,2.1496511344867106,123.88037746201144,11.74,7.0,2.089994684213874,5.357284760025361,4,27.3,46.54,-5.96,-6.7,False,0
J03WN1,1,0:03:28.840000,DFL-OBJ-0000YV,DFL-OBJ-002G8H,2.425469026806979,110.80025996992616,9.4,8.08,-0.11446043430609287,5.793487723297599,4,25.34,46.76,-5.74,-8.66,False,0
J03WN1,1,0:03:29.240000,DFL-OBJ-0000YV,DFL-OBJ-002G8H,1.9990497742677646,67.48049172939392,11.61,13.77,1.0660481313480357,4.032183031559951,4,24.22,47.15,-5.35,-9.78,False,0
J03WN1,1,0:03:29.520000,DFL-OBJ-0027LO,DFL-OBJ-002GBK,1.9997249810911502,2.753596975904431,8.8,14.39,2.5878477538316256,2.465461417260468,3,23.85,48.269999999999996,-4.23,-10.15,False,0
J03WN1,1,0:03:32.240000,DFL-OBJ-0027FG,DFL-OBJ-002GAR,2.670430676875924,23.623313535491143,13.61,17.7,3.6048826502062115,3.256777548436489,3,20.03,29.1,-23.4,-13.97,False,0
J03WN1,1,0:03:34.600000,DFL-OBJ-002GOI,DFL-OBJ-0027FG,1.785329101314376,22.1558177260054,25.71,26.32,0.32344285618357116,12.012597554234475,0,17.1,91.63,-39.13,-16.9,False,0
J03WN1,1,0:03:44.640000,DFL-OBJ-0028NB,DFL-OBJ-002GOI,3.5453208599504777,133.23639081666173,9.98,12.85,-4.494020172251043,9.0485634218919,2,3.0799999999999983,27.09,-25.41,-30.92,False,0
J03WN1,1,0:04:35.480000,DFL-OBJ-J01B8R,DFL-OBJ-0027FG,4.995538009063687,28.186365469824878,9.86,22.89,3.7763978282790944,15.336365279948179,1,10.780000000000001,73.87,-21.37,23.22,False,0
J03WN1,1,0:05:01.640000,DFL-OBJ-J01KDN,DFL-OBJ-0000XU,0.5021951811795893,33.20860172014162,3.59,10.35,2.0728937859746126,8.340275774817044,2,25.89,44.33,8.17,8.11,False,0
J03WN1,1,0:05:15.200000,DFL-OBJ-J01KDN,DFL-OBJ-0000XU,2.760072462816874,33.150332138627654,18.9,23.08,0.6848369708201363,7.4693105438186205,2,13.649999999999999,52.96,-0.46,-20.35,False,0
J03WN1,1,0:05:17.280000,DFL-OBJ-0001UP,DFL-OBJ-0000YV,3.4007352146263905,29.245533920104414,14.04,20.84,9.292999698013118,12.194465957966342,1,25.42,74.27,-21.77,-8.58,False,0
J03WN1,1,0:05:18.440000,DFL-OBJ-0002LI,DFL-OBJ-000172,1.5743252522906437,35.84160111989453,17.76,26.12,3.6859074755407164,7.77443245516996,2,27.09,68.56,-16.06,-6.91,False,0
J03WN1,1,0:05:23.720000,DFL-OBJ-J01B8R,DFL-OBJ-0027FG,4.89102238800846,5.969780577097741,5.71,24.47,5.844867774457618,17.786773175593147,0,8.350000000000001,79.48,-26.98,25.65,False,0
J03WN1,1,0:05:24.560000,DFL-OBJ-0027FG,DFL-OBJ-J01B8R,1.006578362572928,168.77314496342754,14.68,4.4,3.8263649846474403,12.601587201618692,1,8.36,25.85,-26.65,25.64,False,0
J03WN1,1,0:05:25.760000,DFL-OBJ-0027FG,DFL-OBJ-J01B8R,2.5321334877924593,90.6543335428986,21.77,18.01,-0.6511502394375579,13.152357203178449,0,4.239999999999998,23.3,-29.2,29.76,False,0
J03WN1,1,0:05:27.280000,DFL-OBJ-0027FG,DFL-OBJ-J01B8R,0.7009279563549986,49.540138374952065,27.49,26.3,0.5699903812337794,14.310192172015022,0,2.8200000000000003,13.030000000000001,-39.47,31.18,False,0
J03WN1,1,0:05:31.640000,DFL-OBJ-002GBK,DFL-OBJ-000199,1.585339080449353,1.3735748408973394,8.67,21.2,4.911793142829463,11.370356194948334,0,2.120000000000001,82.49,-29.99,31.88,False,0
J03WN1,1,0:05:36.520000,DFL-OBJ-002G8H,DFL-OBJ-0027LO,4.99151279673808,64.2176644176323,6.92,16.35,0.5498403451480649,5.124656086021773,2,24.52,85.6,-33.1,9.48,False,0
J03WN1,1,0:05:39.080000,DFL-OBJ-0001UP,DFL-OBJ-0027LO,4.786021312113017,45.05584793012246,21.23,29.26,7.007986802951365,17.104212931321918,1,26.47,92.8,-40.3,-7.53,False,0
J03WN1,1,0:05:43.360000,DFL-OBJ-002GOI,DFL-OBJ-0028NB,4.9203760018925395,83.09335973692515,8.76,7.24,2.7916078252409005,8.356033748136731,1,6.43,74.22,-21.72,-27.57,False,0
J03WN1,1,0:07:59.280000,DFL-OBJ-002GAR,DFL-OBJ-J014F7,0.4801041553663161,96.20610523590521,5.49,8.83,0.31301420662636886,7.829610462851907,3,19.65,94.13,-41.63,14.35,False,0
J03WN1,1,0:07:59.680000,DFL-OBJ-J01B8R,DFL-OBJ-J014F7,4.120594617285228,0.8943005119133218,9.33,7.6,5.005129673312387,4.909358410220218,2,14.620000000000001,93.75,-41.25,19.38,False,0
J03WN1,1,0:08:31.480000,DFL-OBJ-0027FG,DFL-OBJ-002GAR,1.0101980003939863,156.06489406280969,19.56,16.67,0.6003048966412367,3.7074114959092417,3,27.06,9.200000000000003,-43.3,6.94,False,0
J03WN1,1,0:08:32.160000,DFL-OBJ-0026NY,DFL-OBJ-0027FG,1.9194269978303387,13.716601528500739,13.05,11.75,5.811245180490567,11.717939238620417,0,27.25,100.9,-48.4,6.75,False,0
J03WN1,1,0:08:44.600000,DFL-OBJ-002GAR,DFL-OBJ-0027FG,4.997699470756519,23.829271332450702,18.19,19.99,5.081889266354371,14.969863058825888,1,27.759999999999998,91.87,-39.37,6.24,False,0
J03WN1,1,0:09:04.720000,DFL-OBJ-0028NB,DFL-OBJ-002GOI,4.284763704103179,15.523132544921914,6.66,21.75,7.836304939497236,4.315425819082052,2,8.219999999999999,26.86,-25.64,-25.78,False,0
J03WN1,1,0:09:35.880000,DFL-OBJ-0001UP,DFL-OBJ-0000YV,0.5854912467321794,42.49085420354616,14.68,21.31,1.9503054213762296,5.983661086659238,0,0.46000000000000085,71.89,-19.39,-33.54,False,0
J03WN1,1,0:09:56.600000,DFL-OBJ-J013O2,DFL-OBJ-000172,2.1572436116489015,36.09258565774663,11.51,3.71,2.3015725757266434,2.9410882339705493,3,6.210000000000001,62.37,-9.87,-27.79,False,0
J03WN1,1,0:09:57.080000,DFL-OBJ-J013O2,DFL-OBJ-0028NB,2.7354158733179874,108.44120928831585,7.99,10.87,0.36584266358252293,3.149936507296615,3,5.280000000000001,63.24,-10.74,-28.72,False,0
J03WN1,1,0:09:57.680000,DFL-OBJ-0027LO,DFL-OBJ-0002LI,2.3243278598338932,101.10680182226706,4.47,3.04,1.0468858704853745,2.8104448046528137,4,4.780000000000001,37.56,-14.94,-29.22,False,0
J03WN1,1,0:09:58.320000,DFL-OBJ-0027LO,DFL-OBJ-0002LI,0.750066663703967,64.56378361958284,2.86,4.61,2.435068253131743,1.9267589366602147,4,4.399999999999999,36.84,-15.66,-29.6,False,0
J03WN1,1,0:09:59,DFL-OBJ-002GOI,DFL-OBJ-0028NB,1.6683225107874078,128.67541955253975,2.38,15.8,-1.3049512562111965,1.8476200908195377,3,2.0100000000000016,68.61,-16.11,-31.99,False,0
J03WN1,1,0:09:59.200000,DFL-OBJ-J013O2,DFL-OBJ-0027LO,1.773414785096818,120.36215526187802,7.12,11.1,-1.0276596895567591,5.508556979826928,4,4.539999999999999,66.47,-13.97,-29.46,False,0
J03WN1,1,0:10:00.520000,DFL-OBJ-002G8H,DFL-OBJ-000172,3.292476271744414,46.28957039315926,2.03,14.36,2.815358555581072,5.7435877289373725,2,10.239999999999998,68.51,-16.01,-23.76,False,0
J03WN1,1,0:10:02.120000,DFL-OBJ-000199,DFL-OBJ-002G8H,0.5830951894845285,45.364936335730924,5.96,4.81,3.484427543549303,5.2854706507557125,3,10.79,36.239999999999995,-16.26,-23.21,False,0
J03WN1,1,0:10:02.400000,DFL-OBJ-0027LO,DFL-OBJ-002G8H,2.175545908502049,18.589338274287975,17.72,4.75,5.381313138557635,2.6199999999999974,2,8.379999999999999,37.59,-14.91,-25.62,False,0
J03WN1,1,0:10:32.320000,DFL-OBJ-002GAR,DFL-OBJ-0000YV,4.833590797740331,39.13634092829963,15.46,22.5,4.026365180786233,13.124854284905416,0,33.02,71.1,-18.6,-0.98,False,0
J03WN1,1,0:10:34.080000,DFL-OBJ-J01B8R,DFL-OBJ-0027FG,4.973178058344586,15.656300192860922,13.74,24.31,4.743783297005648,17.660716293514263,0,8.149999999999999,65.15,-12.65,25.85,False,0
J03WN1,1,0:10:45.240000,DFL-OBJ-0001UP,DFL-OBJ-0027LO,4.960423369028091,40.55819415082345,17.78,23.09,6.756267199760249,14.493464044182122,0,14.030000000000001,67.1,-14.6,-19.97,False,0
J03WN1,1,0:10:46.560000,DFL-OBJ-002GBK,DFL-OBJ-000199,4.903549734631027,7.943471810590459,2.81,13.61,2.4726607158193836,6.6880864228865935,3,11.84,53.54,-1.04,-22.16,False,0
J03WN1,1,0:10:48.600000,DFL-OBJ-002GBK,DFL-OBJ-0000XU,4.900653017711006,3.757504309832901,16.91,12.65,7.609714967913092,5.4114046235704825,3,12.91,48.55,3.95,-21.09,False,0
J03WN1,1,0:10:50.560000,DFL-OBJ-002GM0,DFL-OBJ-002GBK,1.8085353189805269,0.6357649003034228,5.47,15.42,4.762552320172306,7.160628464038615,2,19.119999999999997,64.69,12.19,-14.88,False,0
J03WN1,1,0:10:52.640000,DFL-OBJ-J014F7,DFL-OBJ-J013O2,4.9105702316533435,39.32122643110296,18.61,19.56,1.6203591209330592,6.4983844146064484,0,26.89,82.58,30.08,-7.11,False,0
J03WN1,1,0:11:45.360000,DFL-OBJ-J016C3,DFL-OBJ-002G02,2.770415131347647,3.508811245459572,14.01,16.13,0.21582817429433243,12.144002635045826,1,32.78,51.21,-1.29,-1.22,False,0
J03WN1,1,0:12:13.200000,DFL-OBJ-002GAR,DFL-OBJ-0027FG,4.925900932824369,41.98133047067603,14.1,23.41,4.458086574933926,11.98853619087835,2,31.4,94.4,-41.9,2.6,False,0
J03WN1,1,0:12:17.160000,DFL-OBJ-0028NB,DFL-OBJ-002GOI,4.133231181533403,27.89519966420761,7.01,16.49,5.5949829764869214,9.280086206496145,1,11.809999999999999,32.89,-19.61,-22.19,False,0
J03WN1,1,0:12:21.400000,DFL-OBJ-0000XU,DFL-OBJ-002GBK,4.943126540965747,6.158045147809981,11.44,14.93,2.395763721588009,11.939489101297424,1,17.46,54.16,1.66,-16.54,False,0
J03WN1,1,0:12:26.560000,DFL-OBJ-J016C3,DFL-OBJ-002G02,4.9230579927520655,34.25151820614993,4.9,17.56,3.87345896686202,17.112711649531175,1,4.989999999999998,48.47,-4.03,29.01,False,0
J03WN1,1,0:12:37.480000,DFL-OBJ-J016C3,DFL-OBJ-J01B8R,4.944906470298502,86.00165180391434,14.09,12.21,4.500266255653253,8.31760181783187,0,2.7699999999999996,30.59,-21.91,31.23,False,0
J03WN1,1,0:12:43.480000,DFL-OBJ-0028NB,DFL-OBJ-002GBK,4.965360007089113,3.4191785126949865,4.07,20.71,4.647446971802678,6.297491564107094,2,10.2,13.689999999999998,-38.81,-23.8,False,0
J03WN1,1,0:12:45.360000,DFL-OBJ-0027LO,DFL-OBJ-002G8H,4.937529746745837,2.4243338161796464,7.27,21.69,4.051315919207994,8.488415635441044,0,14.120000000000001,24.51,-27.99,-19.88,False,0
J03WN1,1,0:12:48.560000,DFL-OBJ-0028NB,DFL-OBJ-002GBK,4.908543572181054,33.16364257457927,4.32,15.43,3.0375028822361183,5.557814318596834,2,0.3100000000000023,16.590000000000003,-35.91,-33.69,False,0
J03WN1,1,0:12:50.280000,DFL-OBJ-0027LO,DFL-OBJ-002GBK,4.950070706565718,15.618320047333027,8.96,15.41,3.3245445686922537,8.765078436614244,0,4.870000000000001,25.34,-27.16,-29.13,False,0
J03WN1,1,0:12:51.520000,DFL-OBJ-0000XU,DFL-OBJ-002G8H,2.5459379411132534,120.47472436096625,5.79,1.97,-1.5310445879811252,3.3277319603597877,1,11.09,21.78,-30.72,-22.91,False,0
J03WN1,1,0:13:07.600000,DFL-OBJ-0000XU,DFL-OBJ-002GBK,4.929949289800047,52.94997980200655,9.72,14.58,2.453087561751832,12.97815472245573,1,1.2100000000000009,38.54,-13.96,-32.79,False,0
J03WN1,1,0:13:14,DFL-OBJ-0000XU,DFL-OBJ-002GBK,4.996528795073636,75.23099583762225,10.98,14.99,1.3751168125270063,8.085456078663713,1,2.030000000000001,25.97,-26.53,-31.97,False,0
J03WN1,1,0:13:20.160000,DFL-OBJ-002GBK,DFL-OBJ-0000XU,4.473712105176192,57.440489010224034,23.0,24.74,-0.2411031648578632,5.851632250919397,2,21.36,61.519999999999996,-9.02,-12.64,False,0
J03WN1,1,0:14:13.920000,DFL-OBJ-002G02,DFL-OBJ-0000XU,3.220062111202205,99.83805225199106,13.03,17.19,-1.9109370867371855,5.418717560456532,6,26.82,85.03,-32.53,7.18,False,0
J03WN1,1,0:14:14.240000,DFL-OBJ-0002LI,DFL-OBJ-000199,4.790260953225826,29.350719239092264,23.16,19.68,-1.6088483914768026,5.0194123161979824,4,21.66,86.22,-33.72,12.34,False,0
J03WN1,1,0:14:23.960000,DFL-OBJ-002GOI,DFL-OBJ-J016C3,4.961794030388605,104.95338919311017,18.48,16.41,1.6272869076376817,11.79698690344276,1,14.34,29.02,23.48,19.66,False,0
J03WN1,1,0:14:26.480000,DFL-OBJ-002GBK,DFL-OBJ-J016C3,2.6019223662515363,32.39071126594962,28.77,19.3,1.1349748403876536,5.098676298805408,2,23.67,13.32,39.18,10.33,False,0
J03WN1,1,0:15:20.120000,DFL-OBJ-J01B8R,DFL-OBJ-0027LO,4.876474136094643,7.505569156264569,18.34,29.5,3.684109932607924,17.571775664399997,0,10.350000000000001,49.55,2.95,-23.65,False,0
J03WN1,1,0:16:03.960000,DFL-OBJ-002G8H,DFL-OBJ-0027LO,4.154046220253212,21.673005878908686,9.76,15.1,2.0786318794138436,7.122450421027864,3,19.58,60.95,-8.45,14.42,False,0
J03WN1,1,0:16:08.400000,DFL-OBJ-002GOI,DFL-OBJ-0028NB,4.987233702163958,48.96329023286286,12.94,17.41,2.0339199164278776,16.46328339062412,1,8.52,42.9,9.6,-25.48,False,0
J03WN1,1,0:16:11.200000,DFL-OBJ-002G8H,DFL-OBJ-0027LO,4.910977499439394,38.41141012675042,6.37,18.53,3.574567164847162,11.645621494793653,1,14.629999999999999,49.78,2.72,-19.37,False,0
J03WN1,1,0:16:15.080000,DFL-OBJ-002GAR,DFL-OBJ-0000YV,4.2722944655067945,14.880860214930324,10.65,23.55,2.552767718425366,18.26446002486797,0,30.509999999999998,68.63,-16.13,3.49,False,0
J03WN1,1,0:16:15.560000,DFL-OBJ-002GAR,DFL-OBJ-0000YV,2.080817147180406,13.008921240917477,7.56,23.64,4.711710205431441,16.973287837069165,0,30.82,69.73,-17.23,3.18,False,0
J03WN1,1,0:16:17.600000,DFL-OBJ-0001UP,DFL-OBJ-0027LO,4.819180428247109,3.7450153857089488,6.84,21.04,4.806202720065397,7.495732119012792,1,25.490000000000002,73.02,-20.52,-8.51,False,0
J03WN1,1,0:16:18.200000,DFL-OBJ-0002LI,DFL-OBJ-000172,1.8006943105369095,30.26428676062957,15.71,19.42,0.8261390344992892,6.1601055185767715,2,30.37,67.51,-15.01,-3.63,False,0
J03WN1,1,0:16:18.800000,DFL-OBJ-0001UP,DFL-OBJ-0027LO,3.5301274764518076,65.50593212530103,9.71,11.84,-0.8867262466214842,6.499430744303689,0,27.05,75.26,-22.76,-6.95,False,0
J03WN1,1,0:16:22.600000,DFL-OBJ-0002LI,DFL-OBJ-000172,2.5433245958783957,20.56936684387317,11.0,18.79,1.3495578657095653,7.291728190216638,1,13.57,75.82,-23.32,-20.43,False,0
J03WN1,1,0:16:23.480000,DFL-OBJ-000172,DFL-OBJ-0002LI,0.8811923740024092,153.31903601420896,17.33,11.28,1.4047364874094248,9.639154527239409,2,13.14,27.19,-25.31,-20.86,False,0
J03WN1,1,0:16:25.120000,DFL-OBJ-000172,DFL-OBJ-0002LI,3.8833619455312163,125.26025132588991,22.88,0.01,-3.7081444528125305,6.256452669044974,1,6.550000000000001,23.71,-28.79,-27.45,False,0
J03WN1,1,0:16:28.400000,DFL-OBJ-0000YV,DFL-OBJ-002GAR,0.7856844150166155,78.24464915934058,14.16,15.08,-0.07311347263380036,3.9689041308653463,3,22.439999999999998,14.780000000000001,-37.72,-11.56,False,0
J03WN1,1,0:16:28.920000,DFL-OBJ-0027LO,DFL-OBJ-0001UP,2.0974746720759216,20.03211383189293,22.29,22.77,0.04557130179595359,4.122438598693741,2,17.81,12.579999999999998,-39.92,-16.19,False,0
J03WN1,1,0:16:35.480000,DFL-OBJ-002G02,DFL-OBJ-J016C3,1.2794530081249573,10.674085848781282,23.39,25.25,3.9913779108344127,19.831147218454106,0,12.719999999999999,75.5,-23.0,21.28,False,0
J03WN1,1,0:16:37.160000,DFL-OBJ-002G8H,DFL-OBJ-0027LO,4.894374321606389,51.744384278977975,18.3,22.42,2.15418667635229,9.204890004774636,2,26.33,70.65,-18.15,7.67,False,0
J03WN1,1,0:16:56.760000,DFL-OBJ-J016C3,DFL-OBJ-002G02,4.876474136094645,34.04774234603229,4.6,9.49,3.204370024867953,9.031998671390513,1,1.6499999999999986,36.43,-16.07,32.35,False,0
J03WN1,1,0:17:03.040000,DFL-OBJ-0028NB,DFL-OBJ-002GOI,0.5412947441089763,93.35922589113254,31.46,28.28,1.164822908676664,7.696551175689019,1,20.2,9.79,-42.71,13.8,False,0
J03WN1,1,0:17:53.920000,DFL-OBJ-000172,DFL-OBJ-002G02,4.065882438044663,32.62676530577502,9.76,17.62,3.7870187086536444,8.5998255796266,2,17.6,55.91,3.41,16.4,False,0
J03WN1,1,0:17:58.880000,DFL-OBJ-0027FG,DFL-OBJ-002GAR,4.907993480028268,38.524296145802865,15.13,23.13,2.1950171640841587,9.77445650662992,0,5.710000000000001,9.240000000000002,-43.26,28.29,False,0
J03WN1,1,0:19:21.120000,DFL-OBJ-J01B8R,DFL-OBJ-0027FG,4.93902824450316,27.7324813913666,10.26,25.82,4.783778576707418,13.163054356797282,1,13.96,71.58,-19.08,20.04,False,0
J03WN1,1,0:19:25.760000,DFL-OBJ-002GAR,DFL-OBJ-0027FG,4.922600938528331,23.102131823902596,11.77,22.61,4.376217006350669,14.629422408283931,0,24.58,83.39,-30.89,9.42,False,0
J03WN1,1,0:19:27.440000,DFL-OBJ-002GBK,DFL-OBJ-000199,3.344278696520372,7.4008272996229385,15.13,24.62,4.874318370137365,10.209529861849663,0,27.68,64.25,-11.75,-6.32,False,0
J03WN1,1,0:19:27.800000,DFL-OBJ-000199,DFL-OBJ-002GBK,2.1513251730038396,141.21971861942578,19.24,13.61,3.452209418971087,6.157020383269816,2,28.94,41.269999999999996,-11.23,-5.06,False,0
J03WN1,1,0:19:29.440000,DFL-OBJ-0027LO,DFL-OBJ-002GBK,1.3535139452550904,123.69512541610735,7.37,4.44,-1.7290567888004331,5.7585154336860125,1,30.33,38.94,-13.56,-3.67,False,0
J03WN1,1,0:19:32.600000,DFL-OBJ-000199,DFL-OBJ-002GBK,4.990811557251987,74.37105927796152,20.9,26.26,0.5882399521713033,6.211094911527273,1,20.7,22.75,-29.75,-13.3,False,0
J03WN1,1,0:19:57.040000,DFL-OBJ-002GAR,DFL-OBJ-0027FG,4.799708324471392,39.038728358143416,16.78,21.8,5.434389160267563,11.330357452437234,2,32.51,93.91,-41.41,1.49,False,0
J03WN1,1,0:20:04.880000,DFL-OBJ-000172,DFL-OBJ-0002LI,3.67967389859482,83.90129378870479,18.6,17.8,0.33266974254077986,5.563281405789213,4,28.03,57.230000000000004,4.73,5.97,False,0
J03WN1,1,0:20:06.120000,DFL-OBJ-000172,DFL-OBJ-0002LI,3.1338315206788,33.89169824013737,24.1,16.65,-1.3333769897240766,5.682437857117313,3,24.52,62.91,10.41,9.48,False,0
J03WN1,1,0:20:06.920000,DFL-OBJ-0002LI,DFL-OBJ-000172,4.973630464761129,152.3900683353674,20.71,18.11,-1.8472624297169205,6.018945090296139,3,26.32,40.92,11.58,7.68,False,0
J03WN1,1,0:20:17.160000,DFL-OBJ-002GBK,DFL-OBJ-J016C3,2.8086295590554458,10.016441201498004,23.83,23.41,-0.4365530168820475,16.227978925300587,0,10.82,0.3400000000000034,52.16,23.18,False,0
J03WN1,1,0:20:26.040000,DFL-OBJ-0027FG,DFL-OBJ-J01B8R,4.895314085939737,124.15359916417593,13.34,9.03,2.1206841074940996,7.129263636589686,1,11.64,71.48,18.98,22.36,False,0
J03WN1,1,0:21:44.560000,DFL-OBJ-J016C3,DFL-OBJ-002G02,4.984024478270548,27.376581288673865,3.17,18.77,4.827235440871524,18.32114898143673,0,2.3299999999999983,43.61,-8.89,31.67,False,0
J03WN1,1,0:21:51.960000,DFL-OBJ-0027LO,DFL-OBJ-J013O2,4.991442677222689,84.93102511369904,1.04,0.76,0.19641796175164705,11.74053661465267,2,30.22,47.68,-4.82,3.78,False,0
J03WN1,1,0:21:56.800000,DFL-OBJ-0027FG,DFL-OBJ-0002LI,4.526201497945047,37.372539708657236,7.83,10.29,0.05136147823209258,5.731491952362843,3,20.689999999999998,28.76,-23.74,13.31,False,0
J03WN1,1,0:21:58.080000,DFL-OBJ-0001UP,DFL-OBJ-0028NB,4.3500114942376875,176.534435134825,8.66,7.67,-0.44056061306875893,7.508748231230026,1,24.58,85.34,-32.84,9.42,False,0
J03WN1,1,0:22:00.280000,DFL-OBJ-002G02,DFL-OBJ-J016C3,4.8174889724834875,21.359809385011523,1.46,20.1,4.332250822311203,7.178140427715245,3,14.39,63.78,-11.28,19.61,False,0
J03WN1,1,0:22:02.640000,DFL-OBJ-J01B8R,DFL-OBJ-000172,4.925870481447922,57.491131712929324,21.96,24.02,3.9458972795018754,7.785858976375051,1,5.940000000000001,64.58,-12.08,28.06,False,0
J03WN1,1,0:22:04.640000,DFL-OBJ-000172,DFL-OBJ-J01B8R,1.1476933388322883,74.38783677269441,11.76,14.97,3.0029468272667947,14.399736108693103,2,2.4400000000000013,49.72,-2.78,31.56,False,0
J03WN1,1,0:22:23.240000,DFL-OBJ-002GAR,DFL-OBJ-0000YV,4.9606451193367995,9.374744246374757,1.88,18.24,4.389549311529974,9.040271013636707,0,1.6499999999999986,62.730000000000004,-10.23,32.35,False,0
J03WN1,1,0:22:24.200000,DFL-OBJ-J01B8R,DFL-OBJ-0027FG,1.3635981812836244,33.50306434026809,7.26,13.79,2.4018241963756717,7.3877736835937275,2,0.29999999999999716,55.41,-2.91,33.7,False,0
J03WN1,1,0:22:30.200000,DFL-OBJ-0001UP,DFL-OBJ-0027LO,4.862149730314771,50.231565076512695,28.07,31.41,3.7171057891793557,11.917482955725173,1,27.07,50.39,2.11,-6.93,False,0
J03WN1,1,0:22:34.040000,DFL-OBJ-002GOI,DFL-OBJ-0028NB,4.895600065364815,63.23413932303161,13.62,18.01,4.163743509522679,14.718505358901087,0,2.5100000000000016,19.54,32.96,-31.49,False,0
J03WN1,1,0:22:38.600000,DFL-OBJ-002GOI,DFL-OBJ-0028NB,2.991070042643597,48.12791369222223,28.31,24.63,-1.4203448365972848,8.514986788010887,1,15.940000000000001,5.450000000000003,47.05,-18.06,False,0
J03WN1,1,0:22:39.800000,DFL-OBJ-J013O2,DFL-OBJ-J014F7,0.8508818954473072,80.55037116683879,20.11,17.43,0.8586996469908936,3.218850726579287,1,28.85,8.0,44.5,-5.15,False,0
J03WN1,1,0:23:37.320000,DFL-OBJ-002GOI,DFL-OBJ-0028NB,0.8602325267042625,109.76716867679173,4.48,4.64,0.0732948038899528,5.526825490279207,1,9.879999999999999,56.83,-4.33,-24.12,False,0
J03WN1,1,0:23:39.440000,DFL-OBJ-0027LO,DFL-OBJ-0002LI,1.8191206666958628,6.555443371446686,9.78,10.69,0.5569142900986868,3.4272000233426696,3,6.02,50.3,-2.2,-27.98,False,0
J03WN1,1,0:23:39.680000,DFL-OBJ-0002LI,DFL-OBJ-0027LO,1.8874321179846443,175.12986070048302,8.48,10.97,0.00807285499555499,2.1833002542023365,0,6.489999999999998,55.83,-3.33,-27.51,False,0
J03WN1,1,0:23:39.960000,DFL-OBJ-002GOI,DFL-OBJ-0028NB,2.108008538882138,60.60120226404325,10.31,2.16,-1.7287468591149318,3.580516722485738,2,9.760000000000002,52.33,0.17,-24.24,False,0
J03WN1,1,0:23:52.240000,DFL-OBJ-002GBK,DFL-OBJ-002GM0,4.948868557559393,62.77551691404095,14.4,15.99,1.698764964425361,6.28714561625544,1,6.280000000000001,34.66,17.84,-27.72,False,0
J03WN1,1,0:23:53.560000,DFL-OBJ-002GM0,DFL-OBJ-002GBK,2.157614423385235,27.806799084459307,19.53,22.15,2.3626143139592792,4.878114389802683,0,5.670000000000002,79.23,26.73,-28.33,False,0
J03WN1,1,0:23:54.920000,DFL-OBJ-002GBK,DFL-OBJ-002GM0,1.484755872189095,150.74325439059436,9.16,12.12,-0.9277830014821514,10.024195728336512,1,0.8900000000000006,23.09,29.41,-33.11,False,0
J03WN1,1,0:23:56.760000,DFL-OBJ-0002LI,DFL-OBJ-0028NB,2.2300672635595533,60.96771603205438,6.81,5.74,2.3821005307960905,12.612137011624954,1,1.8299999999999983,36.11,16.39,-32.17,False,0
J03WN1,1,0:23:58.040000,DFL-OBJ-0001UP,DFL-OBJ-0000YV,0.4887739763939959,98.77706787361262,22.95,17.24,1.6035075022440322,7.64152471696585,0,4.079999999999998,47.45,5.05,-29.92,False,0
J03WN1,1,0:23:59.080000,DFL-OBJ-0028NB,DFL-OBJ-0001UP,1.9226284092356452,43.440456017484934,20.11,10.1,3.064459722626465,3.6641233603687495,1,-0.5799999999999983,58.57,6.07,-34.58,False,0
J03WN1,1,0:25:44.880000,DFL-OBJ-0000YV,DFL-OBJ-002G8H,4.999369960304999,27.492074253552907,1.51,18.71,4.39530544513802,7.108220593087979,3,26.42,46.35,-6.15,7.58,False,0
J03WN1,1,0:25:45.320000,DFL-OBJ-0027LO,DFL-OBJ-0002LI,2.623661563540542,34.963448688611855,15.21,17.28,1.5219969992804805,6.240392615853589,2,22.85,47.6,-4.9,11.15,False,0
J03WN1,1,0:25:46.800000,DFL-OBJ-000172,DFL-OBJ-002G02,4.476885077819176,26.489174809179826,23.74,24.71,-0.06701606707208985,5.675438309064773,1,13.04,51.19,-1.31,20.96,False,0
J03WN1,1,0:25:59.440000,DFL-OBJ-002GAR,DFL-OBJ-0027FG,4.972665281315444,11.848105375306146,10.33,21.67,4.692752845149359,14.268374119008795,0,4.780000000000001,99.82,-47.32,29.22,False,0
J03WN1,1,0:26:16.640000,DFL-OBJ-002G02,DFL-OBJ-000199,2.9405441673268577,46.648685927363005,29.68,23.28,-2.776633650519969,7.254819088026937,2,25.619999999999997,63.53,-11.03,-8.38,False,0
J03WN1,1,0:26:19.360000,DFL-OBJ-002GBK,DFL-OBJ-000199,4.736211566220411,41.63617887167854,7.09,21.53,6.645715970850321,5.349700926220081,1,13.91,47.65,4.85,-20.09,False,0
J03WN1,1,0:26:21.880000,DFL-OBJ-002G02,DFL-OBJ-0027LO,4.913949531690368,18.48915649125647,4.29,18.61,5.240625450395191,9.767753068131896,0,3.6799999999999997,45.11,7.39,-30.32,False,0
J03WN1,1,0:26:26.600000,DFL-OBJ-002GBK,DFL-OBJ-000199,4.984235146940802,51.84928853927333,15.22,15.94,2.255665901865218,8.001006186724267,3,20.42,43.94,8.56,-13.58,False,0
J03WN1,1,0:26:29.880000,DFL-OBJ-002G8H,DFL-OBJ-0027LO,4.9836231799765915,15.973833445816187,1.22,9.06,2.2868313077465774,8.714516624575342,1,11.66,44.67,7.83,-22.34,False,0
J03WN1,1,0:26:36.040000,DFL-OBJ-002GAR,DFL-OBJ-0027FG,4.89948976935354,27.32497537031653,2.4,17.36,5.281053812520904,11.073228978035269,0,29.34,58.730000000000004,-6.23,4.66,False,0
J03WN1,1,0:26:37.920000,DFL-OBJ-J013O2,DFL-OBJ-000199,4.928539337369644,1.4108092583720728,3.54,20.61,4.357324415521666,8.920050448287835,2,29.44,43.21,9.29,-4.56,False,0
J03WN1,1,0:26:38.560000,DFL-OBJ-J013O2,DFL-OBJ-000199,2.6712169511292045,2.617325477873484,15.57,21.93,2.845120174606722,7.851477567948596,3,30.82,43.81,8.69,-3.18,False,0
J03WN1,1,0:26:39.120000,DFL-OBJ-J013O2,DFL-OBJ-000199,1.936001033057575,17.564676010543543,17.08,22.1,1.222690713243627,7.253419883062059,3,33.25,44.89,7.61,-0.75,False,0
J03WN1,1,0:26:45.520000,DFL-OBJ-002GBK,DFL-OBJ-0028NB,2.7940114530903424,68.42637760198532,18.09,23.93,-0.6155702570081867,5.132182771492069,1,19.66,14.21,38.29,-14.34,False,0
J03WN1,1,0:26:46.560000,DFL-OBJ-002GBK,DFL-OBJ-0028NB,2.3280034364235793,122.37325686175618,4.33,2.31,-0.07784001115814454,3.1846035860056405,1,20.98,12.0,40.5,-13.02,False,0
J03WN1,1,0:26:47.960000,DFL-OBJ-J013O2,DFL-OBJ-J014F7,4.958316246469158,5.168505266922989,15.85,11.12,6.668000323721512,7.1401750678817395,0,28.509999999999998,20.049999999999997,32.45,-5.49,False,0
J03WN1,1,0:27:50.440000,DFL-OBJ-0002LI,DFL-OBJ-000172,4.955562531136097,14.028267627481489,8.77,16.43,2.169295827645854,7.580745345940596,1,28.03,54.38,-1.88,5.97,False,0
J03WN1,1,0:27:50.960000,DFL-OBJ-0002LI,DFL-OBJ-000172,3.4036597949853924,24.207279472186446,8.32,19.13,3.0416351179215573,7.135495778150248,1,28.52,55.31,-2.81,5.48,False,0
J03WN1,1,0:27:54.080000,DFL-OBJ-002GAR,DFL-OBJ-0027LO,4.941275139070888,33.54957528717248,15.85,21.59,2.4147884862691504,11.324491158546596,1,26.96,69.76,-17.26,-7.04,False,0
J03WN1,1,0:27:55.360000,DFL-OBJ-0001UP,DFL-OBJ-0000YV,4.944046925343652,8.635661602367053,11.0,23.7,3.3495134907049806,9.331162842861547,1,16.42,73.98,-21.48,-17.58,False,0
J03WN1,1,0:27:57.840000,DFL-OBJ-002GOI,DFL-OBJ-0028NB,3.4620802994731377,11.993315713648478,11.7,19.54,2.836209086494038,12.529405412867765,0,1.2299999999999969,58.68,-6.18,-32.77,False,0
J03WN1,1,0:27:59.400000,DFL-OBJ-002G8H,DFL-OBJ-000199,2.2132555207205518,41.92483308555102,21.0,20.35,2.612603951318192,5.192119027911437,1,9.219999999999999,65.62,-13.12,-24.78,False,0
J03WN1,1,0:28:07.040000,DFL-OBJ-002G8H,DFL-OBJ-000199,4.99361592435782,6.032674978233346,3.0,11.06,2.598752536678235,5.916967128521165,1,6.719999999999999,74.05,-21.55,-27.28,False,0
J03WN1,1,0:28:11,DFL-OBJ-002GOI,DFL-OBJ-0000XU,1.1779643458101776,29.97487643478781,33.42,29.21,0.9366158969435456,6.150650372115131,0,9.41,32.65,19.85,-24.59,False,0
J03WN1,1,0:28:11.400000,DFL-OBJ-002GOI,DFL-OBJ-0000XU,1.362974687952791,27.606207318621365,31.59,29.46,-0.4625258553565337,6.134174761123131,0,9.739999999999998,29.06,23.44,-24.26,False,0
J03WN1,1,0:28:21.400000,DFL-OBJ-002GBK,DFL-OBJ-000172,2.264508776754906,29.229837015955177,4.98,6.93,3.3533342613808514,2.6315394733881545,1,5.23,26.7,25.8,-28.77,False,0
J03WN1,1,0:28:21.880000,DFL-OBJ-002G8H,DFL-OBJ-0028NB,4.216586296994285,71.82622902382563,9.93,17.08,1.6335599248383614,6.061155005442442,1,0.20000000000000284,26.17,26.33,-33.8,False,0
J03WN1,1,0:28:25.480000,DFL-OBJ-002GBK,DFL-OBJ-000172,2.6920809794655107,19.567926980755015,7.14,13.22,1.0499807111339354,4.52765943948968,1,5.260000000000002,35.08,17.42,-28.74,False,0
J03WN1,1,0:28:27.200000,DFL-OBJ-002G8H,DFL-OBJ-0028NB,3.3366450215748173,66.60073946310654,19.72,18.25,-1.2337823646317314,3.9086698504734327,1,1.9299999999999997,27.15,25.35,-32.07,False,0
J03WN1,1,0:28:28.800000,DFL-OBJ-002G8H,DFL-OBJ-000199,2.410497873884149,88.32436877209804,10.56,7.9,1.6217125588939618,3.597360143216134,1,3.84,23.88,28.62,-30.16,False,0
J03WN1,1,0:28:29.680000,DFL-OBJ-000172,DFL-OBJ-002GBK,4.258227330709341,14.498168872548954,14.51,13.65,0.05586265230603127,7.877981975099966,2,7.969999999999999,73.51,21.01,-26.03,False,0
J03WN1,1,0:28:32.200000,DFL-OBJ-002GBK,DFL-OBJ-000172,3.8700516792415067,63.72950645390001,14.55,13.96,2.4457721710189095,7.898607472206732,2,10.2,41.6,10.9,-23.8,False,0
J03WN1,1,0:28:32.600000,DFL-OBJ-002G8H,DFL-OBJ-000172,3.5722961803299587,156.86931552586015,7.92,14.67,-0.2755397021420569,5.441553087125032,3,5.739999999999998,39.51,12.99,-28.26,False,0
J03WN1,1,0:28:49.360000,DFL-OBJ-0001I0,DFL-OBJ-J013O2,4.974866832388581,10.129220468489441,4.85,10.05,3.237194947513158,26.884830295168314,0,30.12,92.82,40.32,3.88,False,0
J03WN1,1,0:29:02.920000,DFL-OBJ-0000YV,DFL-OBJ-0001UP,2.628402556687235,64.04569599833587,13.99,12.06,1.1953070837991109,5.684654782834222,2,9.18,29.71,-22.79,-24.82,False,0
J03WN1,1,0:29:03.480000,DFL-OBJ-0000YV,DFL-OBJ-0001UP,3.178332896346763,80.03554108757353,15.35,15.57,-1.1294457348066789,5.949605028907379,2,7.210000000000001,28.51,-23.99,-26.79,False,0
J03WN1,1,0:29:06,DFL-OBJ-0027FG,DFL-OBJ-002GAR,1.4818906842274175,94.80890139444627,32.06,28.72,1.0286653078470098,4.123323901902442,2,8.940000000000001,11.270000000000003,-41.23,-25.06,False,0
J03WN1,1,0:29:17.800000,DFL-OBJ-J01B8R,DFL-OBJ-000172,4.882560803512843,28.821532205693853,7.82,6.29,4.683406308661877,16.20334841938542,0,17.07,88.97,-36.47,16.93,False,0
J03WN1,1,0:29:24.040000,DFL-OBJ-0027LO,DFL-OBJ-002G02,4.999859998039946,66.91289641849183,16.49,6.97,6.091090307534667,5.311732297471323,1,18.67,41.11,-11.39,15.33,False,0
J03WN1,1,0:29:41.880000,DFL-OBJ-0000YV,DFL-OBJ-0001UP,4.673339277219236,114.78517506887225,7.34,1.74,-1.263595316899826,5.303970211077736,2,22.95,20.73,-31.77,-11.05,False,0
J03WN1,1,0:29:42.840000,DFL-OBJ-0027LO,DFL-OBJ-0002LI,0.9093404203047396,149.33471281518464,3.6,8.88,-0.7269843413426416,5.14421033784584,3,31.4,19.64,-32.86,-2.6,False,0
J03WN1,1,0:29:43.400000,DFL-OBJ-0002LI,DFL-OBJ-0027LO,1.1670903992407784,56.84269278504414,12.24,12.92,-0.3346077274840492,5.130009746579435,4,29.78,83.78999999999999,-31.29,-4.22,False,0
J03WN1,1,0:29:43.760000,DFL-OBJ-002G8H,DFL-OBJ-0000YV,0.8481155581640972,0.8429701180047519,5.48,11.08,1.3269019899339398,3.8716404791767536,4,26.14,82.66,-30.16,-7.86,False,0
J03WN1,1,0:29:47.320000,DFL-OBJ-0001UP,DFL-OBJ-0000YV,1.628281302478169,57.285916080996685,7.85,1.19,-0.2916491417376821,1.9545076106272916,2,29.12,84.63,-32.13,-4.88,False,0
J03WN1,1,0:29:48.520000,DFL-OBJ-002GOI,DFL-OBJ-0028NB,4.914804167004014,7.81591434288058,12.72,11.71,3.5383845222694976,10.37674804551021,2,16.81,80.15,-27.65,-17.19,False,0
J03WN1,1,0:30:34.560000,DFL-OBJ-002GAR,DFL-OBJ-0027LO,4.868233765956604,27.962594131996685,2.87,10.99,4.115375796284253,15.067912927807884,2,29.93,96.39,-43.89,4.07,False,0
J03WN1,1,0:30:44.360000,DFL-OBJ-0028NB,DFL-OBJ-002GOI,0.5458937625582466,36.185509622541076,2.65,2.03,0.20947174274750208,22.530861057669323,0,3.3200000000000003,64.52,12.02,-30.68,False,0
J03WN1,1,0:31:11.800000,DFL-OBJ-0027LO,DFL-OBJ-0002LI,2.710000000000001,138.46822925891712,16.1,10.28,0.04816825235901767,4.351838691863476,2,16.15,55.21,2.71,-17.85,False,0
J03WN1,1,0:31:14.280000,DFL-OBJ-0027FG,DFL-OBJ-002GAR,1.1520850663036992,30.582071290014905,32.07,26.95,2.71694062855028,6.587359106652678,2,21.03,31.13,-21.37,-12.97,False,0
J03WN1,1,0:31:55.040000,DFL-OBJ-002GM0,DFL-OBJ-002GBK,0.9914131328563252,49.71131069151681,8.93,4.91,3.0554530731538487,9.205444041435479,0,8.350000000000001,74.49,21.99,-25.65,False,0
J03WN1,1,0:31:57.320000,DFL-OBJ-0028NB,DFL-OBJ-002G8H,3.8198036598757286,7.599516236949699,1.92,18.14,4.630075646770693,9.577149889189371,3,3.1099999999999994,64.97,12.47,-30.89,False,0
J03WN1,1,0:31:59.960000,DFL-OBJ-000199,DFL-OBJ-002G8H,4.862612466565683,46.48721744990199,7.55,13.93,3.862773593780595,6.702148909118628,3,11.3,66.97,14.47,-22.7,False,0
J03WN1,1,0:32:02.640000,DFL-OBJ-002G8H,DFL-OBJ-0000YV,2.7382658746002004,17.531980202266652,14.24,2.85,-1.0477124617921962,5.772347875864725,3,8.8,47.45,5.05,-25.2,False,0
J03WN1,1,0:32:38.640000,DFL-OBJ-002GBK,DFL-OBJ-002GM0,4.800677035585708,75.55394645363174,17.93,14.11,5.500093034222866,6.98863362897212,0,1.1099999999999994,43.53,8.97,-32.89,False,0
J03WN1,1,0:32:49.480000,DFL-OBJ-0001UP,DFL-OBJ-0000YV,0.9928242543370893,47.557469332874994,8.15,1.71,-1.8093794334890383,5.868986283848344,2,15.920000000000002,54.51,-2.01,-18.08,False,0
J03WN1,1,0:32:51.320000,DFL-OBJ-0027LO,DFL-OBJ-002G8H,2.2713872413131133,1.795299418460414,6.01,12.26,1.8117338299096652,7.655984587236314,3,13.260000000000002,55.99,3.49,-20.74,False,0
J03WN1,1,0:32:52.520000,DFL-OBJ-000172,DFL-OBJ-J013O2,4.987755006012225,19.250950158086194,10.37,16.41,3.348363589345813,10.478287073753993,3,21.47,59.65,7.15,-12.53,False,0
J03WN1,1,0:32:59.240000,DFL-OBJ-0028NB,DFL-OBJ-002GOI,4.935686375773892,42.187687223693025,4.08,11.38,3.6296991771284493,10.505094002435198,1,5.300000000000001,18.32,-34.18,-28.7,False,0
J03WN1,1,0:33:02.440000,DFL-OBJ-000172,DFL-OBJ-0001UP,4.982298666278448,67.00221461179844,23.03,20.11,1.7443413622000503,10.86731337543921,2,14.41,6.450000000000003,-46.05,-19.59,False,0
J03WN1,1,0:35:00.720000,DFL-OBJ-002GAR,DFL-OBJ-0027FG,4.928792955683978,3.7176583289878584,10.55,20.67,5.3101083830155655,13.315915289607394,1,31.54,69.41,-16.91,2.46,False,0
J03WN1,1,0:35:07.960000,DFL-OBJ-0027LO,DFL-OBJ-0002LI,2.0989759407863637,68.8738198386138,18.89,22.96,2.9795355946973423,4.187242529398076,2,28.509999999999998,47.72,-4.78,-5.49,False,0
J03WN1,1,0:35:09.560000,DFL-OBJ-0027LO,DFL-OBJ-0002LI,3.6145954130441766,173.9352564236896,7.3,7.51,-1.5705240939059573,4.080110292626904,2,24.18,44.2,-8.3,-9.82,False,0
J03WN1,1,0:35:11.520000,DFL-OBJ-0000YV,DFL-OBJ-002G8H,4.00384814896869,44.2223736606554,11.49,25.91,2.432370023009387,5.511533361960171,1,28.06,35.239999999999995,-17.26,-5.94,False,0
J03WN1,1,0:35:12.560000,DFL-OBJ-002G8H,DFL-OBJ-0000YV,1.4406248644251567,104.39089332082155,25.8,14.05,2.2448576835941783,3.110401903291598,4,29.31,73.0,-20.5,-4.69,False,0
J03WN1,1,0:35:13.440000,DFL-OBJ-0001UP,DFL-OBJ-0027LO,4.99873984119998,53.168879435545776,10.5,16.43,0.5204465832285843,8.068915664449595,3,27.11,79.98,-27.48,-6.89,False,0
J03WN1,1,0:35:17.920000,DFL-OBJ-0028NB,DFL-OBJ-002GOI,4.962912451373689,11.771202169311033,1.07,8.98,2.528602675345184,7.362995314408396,0,7.93,24.27,-28.23,-26.07,False,0
J03WN1,1,0:35:20.800000,DFL-OBJ-000172,DFL-OBJ-002G02,4.874033237473871,22.490946693177698,7.15,12.08,4.490835171886187,10.321283834872483,1,13.510000000000002,32.260000000000005,-20.24,-20.49,False,0
J03WN1,1,0:35:24.200000,DFL-OBJ-J013O2,DFL-OBJ-000172,1.6776471619503301,115.36626562538464,8.24,8.12,1.076614966367036,4.8080141430740415,5,24.54,79.77,-27.27,-9.46,False,0
J03WN1,1,0:35:25.720000,DFL-OBJ-0002LI,DFL-OBJ-000199,4.652880828046211,54.696948967965845,24.32,24.36,0.6075385317109716,6.100008196715804,3,22.21,72.52,-20.02,-11.79,False,0
J03WN1,1,0:35:33.640000,DFL-OBJ-J013O2,DFL-OBJ-0027LO,1.6957889019568435,1.4170042840326293,24.89,22.96,0.8738681405832344,9.369935965629647,1,31.39,30.11,22.39,2.61,False,0
J03WN1,1,0:35:34.040000,DFL-OBJ-J013O2,DFL-OBJ-0027LO,2.0861447696648483,34.99782847868605,24.56,21.82,-0.975889669270012,7.566273851771425,1,29.39,28.24,24.26,4.61,False,0
J03WN1,1,0:35:37.960000,DFL-OBJ-002GBK,DFL-OBJ-J016C3,4.97120709687295,7.02002859036289,8.68,7.04,3.9431650189989287,9.358728546122066,1,15.469999999999999,18.15,34.35,18.53,False,0
J03WN1,1,0:36:19.960000,DFL-OBJ-002GOI,DFL-OBJ-000172,4.152216275677362,1.0244467327971654,4.76,21.59,5.299462499581781,19.634296524194593,0,17.05,32.129999999999995,20.37,-16.95,False,0
J03WN1,1,0:36:26.320000,DFL-OBJ-0002LI,DFL-OBJ-000199,4.8208090607282905,14.97157540537568,10.22,16.08,5.625965073030765,15.299444434357738,0,19.27,40.53,11.97,14.73,False,0
J03WN1,1,0:36:29.280000,DFL-OBJ-J01B8R,DFL-OBJ-0028NB,4.9080546044232225,16.98698765308857,17.2,26.61,3.6395500037668027,16.553045037092115,0,32.17,54.78,-2.28,-1.83,False,0
J03WN1,1,0:36:41,DFL-OBJ-0002LI,DFL-OBJ-000199,4.977750495956983,8.784220767756898,14.98,20.89,1.797222160568075,6.6420779880998095,1,13.95,61.5,-9.0,20.05,False,0
J03WN1,1,0:36:52.240000,DFL-OBJ-J016C3,DFL-OBJ-002GBK,1.411134295522576,88.53968960324625,21.13,24.36,-1.2982057246561156,7.541120606382051,3,25.490000000000002,75.07,22.57,8.51,False,0
J03WN1,1,0:36:53.920000,DFL-OBJ-J016C3,DFL-OBJ-002GBK,0.6174139616173256,101.06506427045451,25.96,25.76,-0.043326585175564314,5.504071220469443,1,19.75,65.07,12.57,14.25,False,0
J03WN1,1,0:36:54.200000,DFL-OBJ-0027FG,DFL-OBJ-J01B8R,3.8324013359772233,94.34797309957544,18.19,10.52,1.1512203345803151,3.8425512358327767,1,17.79,59.980000000000004,7.48,16.21,False,0
J03WN1,1,0:36:57.280000,DFL-OBJ-J016C3,DFL-OBJ-J01B8R,3.3028018408617856,3.3571679084613666,31.17,27.57,0.38956263577296535,8.029352402280024,0,5.579999999999998,42.92,-9.58,28.42,False,0
J03WN1,1,0:37:04.560000,DFL-OBJ-0000YV,DFL-OBJ-002GAR,4.3545952739606,19.936828217797988,9.32,11.48,1.9159529885622484,7.111258679024407,0,9.010000000000002,19.729999999999997,-32.77,24.99,False,0
J03WN1,1,0:37:05.680000,DFL-OBJ-J016C3,DFL-OBJ-J01B8R,3.564393356519452,34.010025581109936,10.33,9.85,-0.34429645876748016,6.916277900720878,0,2.1400000000000006,18.43,-34.07,31.86,False,0
J03WN1,1,0:37:11.880000,DFL-OBJ-000172,DFL-OBJ-002GBK,4.991392591251463,0.1113619190749149,12.88,4.36,2.4680900350980473,8.715709953870654,0,12.260000000000002,37.13,-15.37,21.74,False,0
J03WN1,1,0:37:20.400000,DFL-OBJ-000172,DFL-OBJ-002GBK,3.6001249978299343,6.647628872338983,3.7,5.57,1.7277173804767831,13.566171162122345,1,1.3100000000000023,30.17,-22.33,32.69,False,0
J03WN1,1,0:38:08,DFL-OBJ-0002LI,DFL-OBJ-000172,4.8827144090147225,89.77129470181691,10.63,12.96,2.356051956373757,5.831955075272783,2,16.04,71.65,-19.15,17.96,False,0
J03WN1,1,0:38:10.240000,DFL-OBJ-002GBK,DFL-OBJ-000199,3.299484808269315,16.34074847568371,16.57,16.68,1.4538971644892273,6.726908651081862,2,25.78,60.59,-8.09,8.22,False,0
J03WN1,1,0:38:38.600000,DFL-OBJ-000172,DFL-OBJ-002GBK,4.880594226116326,23.63947423206646,12.59,15.03,3.0897087961709424,8.675217576522215,1,7.949999999999999,31.65,-20.85,26.05,False,0
J03WN1,1,0:38:40.560000,DFL-OBJ-0027FG,DFL-OBJ-J01B8R,4.07530366966684,59.035939812775304,22.09,10.22,-3.049062790819742,5.693803649582588,2,12.55,18.43,-34.07,21.45,False,0
J03WN1,1,0:38:43.080000,DFL-OBJ-000172,DFL-OBJ-J01B8R,4.9419125852244665,7.02094545221833,2.65,4.76,1.5909392067357064,5.894896097472796,2,12.940000000000001,20.79,-31.71,21.06,False,0
J03WN1,1,0:38:44.200000,DFL-OBJ-0027FG,DFL-OBJ-002GAR,4.998659820391864,9.099932870445926,3.47,9.66,2.124589281622733,9.203178798654301,3,4.789999999999999,17.82,-34.68,29.21,False,0
J03WN1,1,0:38:49.680000,DFL-OBJ-J016C3,DFL-OBJ-002GBK,4.961703336556914,20.415092669648047,5.66,9.67,4.067080402012883,13.545538010725158,0,5.219999999999999,28.78,-23.72,28.78,False,0
J03WN1,1,0:38:50.280000,DFL-OBJ-0027LO,DFL-OBJ-002GBK,4.55686295602578,71.49342622345327,6.81,8.02,1.3649239767686416,7.467918049898512,1,13.07,26.58,-25.92,20.93,False,0
J03WN1,1,0:38:53.840000,DFL-OBJ-J01B8R,DFL-OBJ-0027LO,0.628171950981576,37.96056730168338,4.37,12.55,2.456510648553365,7.281552032362329,3,17.95,87.55,-35.05,16.05,False,0
J03WN1,1,0:38:55,DFL-OBJ-002GAR,DFL-OBJ-0027LO,4.546702101523697,49.883580692363445,13.97,16.42,5.171930455762721,5.852836918965025,0,13.260000000000002,91.18,-38.68,20.74,False,0
J03WN1,1,0:38:55.400000,DFL-OBJ-J01B8R,DFL-OBJ-0027LO,1.6282813024781655,162.77486837687712,1.75,13.75,-2.4658278716250095,7.211463097042099,1,17.32,90.27000000000001,-37.77,16.68,False,0
J03WN1,1,0:38:55.720000,DFL-OBJ-J013O2,DFL-OBJ-000172,3.584982566205866,30.87173781277898,5.41,14.43,3.508635156597214,7.868780083342018,5,19.52,84.26,-31.76,14.48,False,0
J03WN1,1,0:38:56.240000,DFL-OBJ-002GBK,DFL-OBJ-000172,4.843810483493343,84.99298357307686,7.91,8.3,-0.9554910644458903,6.158936596523786,5,18.55,78.25,-25.75,15.45,False,0
J03WN1,1,0:39:02.520000,DFL-OBJ-J016C3,DFL-OBJ-002GBK,4.92978701365485,59.01566288289351,9.61,14.13,3.062093160183099,11.861218318537095,0,11.18,33.629999999999995,-18.87,22.82,False,0
J03WN1,1,0:39:06,DFL-OBJ-000172,DFL-OBJ-002GBK,4.9891281803537595,4.901735332022261,7.09,9.23,2.26560721287947,9.203912211663043,1,0.5499999999999972,23.64,-28.86,33.45,False,0
J03WN1,1,0:39:21.440000,DFL-OBJ-002GM0,DFL-OBJ-J013O2,4.99361592435782,32.06351771356733,10.57,12.65,1.9247248828604269,16.543980778518815,1,30.36,51.08,-1.42,3.64,False,0
J03WN1,1,0:39:23.920000,DFL-OBJ-J014F7,DFL-OBJ-J013O2,4.931703559623186,6.129685239597272,4.02,12.36,4.4320432579941516,13.85620799497467,0,19.84,54.16,1.66,14.16,False,0
J03WN1,1,0:39:27.240000,DFL-OBJ-J016C3,DFL-OBJ-002GBK,4.935838327984415,4.304989557522869,5.15,12.57,5.18547550656999,13.810401876846306,0,6.460000000000001,52.67,0.17,27.54,False,0
J03WN1,1,0:39:29.040000,DFL-OBJ-002GM0,DFL-OBJ-002G8H,4.974866832388582,8.725489608198302,9.06,17.78,5.524684855841744,16.746922105270567,0,31.35,57.75,5.25,2.65,False,0
J03WN1,1,0:39:58.480000,DFL-OBJ-000172,DFL-OBJ-002GBK,4.995327817070668,7.332185250618849,2.09,6.69,1.3234734256529679,7.288689868556626,2,0.8599999999999994,33.89,-18.61,33.14,False,0
J03WN1,1,0:40:12.600000,DFL-OBJ-J016C3,DFL-OBJ-002GBK,4.908003667480292,0.07004370534056949,1.78,13.66,3.8439017470267123,13.399589545952518,0,6.52,50.79,-1.71,27.48,False,0
J03WN1,1,0:40:16.640000,DFL-OBJ-002GBK,DFL-OBJ-J016C3,0.6500000000000004,121.02845572325269,24.82,19.17,1.268311251835862,9.953737991327682,1,6.82,48.56,3.94,27.18,False,0
J03WN1,1,0:40:19.600000,DFL-OBJ-J014F7,DFL-OBJ-002GBK,3.7421918710830404,20.685835773954306,23.36,29.29,1.6298798976545115,10.26182245022783,0,16.67,79.33,26.83,17.33,False,0
J03WN1,1,0:40:27.920000,DFL-OBJ-0027LO,DFL-OBJ-002G8H,2.953726459914661,53.04243220569094,6.4,18.22,1.7964041378596285,3.5558402663786794,3,23.57,44.49,-8.01,10.43,False,0
J03WN1,1,0:40:29.640000,DFL-OBJ-0027FG,DFL-OBJ-J01B8R,3.783754748923349,67.85860383134997,26.38,22.88,-2.183012431695791,4.07060192109226,1,22.02,26.27,-26.23,11.98,False,0
J03WN1,1,0:40:32.480000,DFL-OBJ-0028NB,DFL-OBJ-002GOI,4.90209139041695,42.68791999538108,13.52,21.81,1.736286810015819,8.522188686012532,1,24.09,16.049999999999997,-36.45,-9.91,False,0
J03WN1,1,0:40:38.080000,DFL-OBJ-0001UP,DFL-OBJ-0028NB,3.303467874824877,23.912725659412,18.62,4.65,-3.5330744864551815,9.655516557906157,1,20.22,97.58,-45.08,-13.78,False,0
J03WN1,1,0:40:43.360000,DFL-OBJ-0000XU,DFL-OBJ-002GOI,1.1200446419674532,41.78015886742663,15.49,7.8,7.911214176701495,10.900458705944448,1,1.2299999999999969,28.32,-24.18,-32.77,False,0
J03WN1,1,0:40:45.120000,DFL-OBJ-002G02,DFL-OBJ-000199,4.8218875971967625,20.413451510542895,5.02,24.89,5.660687437570157,6.701358071316586,1,0.8800000000000026,63.980000000000004,-11.48,-33.12,False,0
J03WN1,1,0:40:55.840000,DFL-OBJ-002GBK,DFL-OBJ-0027FG,4.979929718379568,46.41636379434542,2.83,13.24,2.332935933453437,5.28350262609947,2,22.84,61.9,-9.4,11.16,False,0
J03WN1,1,0:41:18.400000,DFL-OBJ-002G8H,DFL-OBJ-000199,4.970160963188218,57.19285105805854,8.28,16.74,1.808799361008282,10.62001883237502,1,-0.020000000000003126,6.68,45.82,34.02,False,0
J03WN1,1,0:41:20.720000,DFL-OBJ-002GBK,DFL-OBJ-000172,4.967786227284745,12.48053427921928,4.19,11.42,1.7659582886913983,11.832370852876444,0,1.4799999999999969,21.24,31.26,32.52,False,0
J03WN1,1,0:41:28.280000,DFL-OBJ-0000YV,DFL-OBJ-002GBK,4.9862310415783995,107.82918263408894,11.36,4.34,2.844549763257709,5.480191602489823,3,7.16,71.07,18.57,26.84,False,0
J03WN1,1,0:41:34.440000,DFL-OBJ-000172,DFL-OBJ-J01B8R,4.919400369963804,15.999771140498613,19.36,27.23,1.9056577970986321,6.128295032062343,0,15.129999999999999,44.03,-8.47,18.87,False,0
J03WN1,1,0:41:43.360000,DFL-OBJ-0028NB,DFL-OBJ-002GOI,4.969517079153669,42.66162806238151,8.19,9.42,2.3229230381704102,9.524772963173453,1,4.27,23.61,-28.89,-29.73,False,0
J03WN1,1,0:41:46.280000,DFL-OBJ-0000XU,DFL-OBJ-002G02,4.991372556722248,25.045550508425027,3.06,13.43,3.348207543862305,11.013632461635895,0,11.3,30.62,-21.88,-22.7,False,0
J03WN1,1,0:41:51.040000,DFL-OBJ-000172,DFL-OBJ-J013O2,4.311809364988207,20.546952967339188,11.81,6.84,-0.4787952828672526,7.409682854211778,2,31.95,41.480000000000004,-11.02,-2.05,False,0
J03WN1,1,0:42:01.200000,DFL-OBJ-000172,DFL-OBJ-J013O2,4.964564432052424,19.312792098992194,3.38,6.74,0.9723477341931086,6.109042478163006,2,19.25,38.78,-13.72,-14.75,False,0
J03WN1,1,0:42:06.840000,DFL-OBJ-000199,DFL-OBJ-002G8H,4.831976821136459,18.13271315105923,6.1,21.74,4.338359473199844,10.898587064385916,2,30.32,46.91,-5.59,-3.68,False,0
J03WN1,1,0:42:08.920000,DFL-OBJ-J014F7,DFL-OBJ-002G8H,4.817302149543871,3.198831593690959,0.54,17.73,5.322677512109908,16.906250323475042,0,27.8,57.93,5.43,6.2,False,0
J03WN1,1,0:42:12.440000,DFL-OBJ-002GM0,DFL-OBJ-J013O2,4.962307930791881,2.8054984764228634,6.84,17.29,5.017347000958978,11.029596547471716,0,22.560000000000002,58.58,6.08,-11.44,False,0
J03WN1,1,0:42:19.560000,DFL-OBJ-000199,DFL-OBJ-002G02,4.85148430895123,40.10742886371014,23.66,17.08,7.6035597508029795,5.54373520291148,2,28.98,45.46,-7.04,-5.02,False,0
J03WN1,1,0:42:19.640000,DFL-OBJ-000172,DFL-OBJ-002G02,2.233942702935776,61.48783226670776,12.54,16.93,3.4776001391097786,8.009806489547673,1,26.5,46.2,-6.3,-7.5,False,0
J03WN1,1,0:42:23.960000,DFL-OBJ-0028NB,DFL-OBJ-002GOI,4.979407595286811,95.98033895879551,14.17,1.31,3.8967020258898266,16.394346586552327,1,9.07,23.25,-29.25,-24.93,False,0
J03WN1,1,0:43:11.080000,DFL-OBJ-0000YV,DFL-OBJ-0001UP,0.9008884503644161,86.4907113179604,22.75,26.89,0.5629165261408114,6.126940508932661,2,26.240000000000002,22.59,-29.91,-7.76,False,0
J03WN1,1,0:43:14.560000,DFL-OBJ-0027LO,DFL-OBJ-0002LI,3.649712317429964,65.65935226955831,23.5,21.96,0.6353618740641054,3.9422962851617322,0,25.57,18.61,-33.89,-8.43,False,0
J03WN1,1,0:44:11.680000,DFL-OBJ-0028NB,DFL-OBJ-002GOI,0.4638965401897292,94.53498417728282,21.42,29.66,2.0155539113871583,11.971733374912757,1,16.88,9.600000000000001,-42.9,-17.12,False,0
J03WN1,1,0:44:16.600000,DFL-OBJ-002G8H,DFL-OBJ-000172,4.8369411821935575,11.362406114405516,6.83,22.65,4.357590053535929,9.933992148174873,1,10.239999999999998,81.36,-28.86,-23.76,False,0
J03WN1,1,0:44:19.600000,DFL-OBJ-002G02,DFL-OBJ-0000XU,3.5268257683078144,6.552140649845012,13.2,17.58,0.500425852903954,6.633377721794532,2,9.780000000000001,74.0,-21.5,-24.22,False,0
J03WN1,1,0:44:29.320000,DFL-OBJ-002G8H,DFL-OBJ-0028NB,0.8011242100947904,90.223340737965,2.0,3.55,0.2535693186722901,3.5710642671338166,2,8.440000000000001,72.3,-19.8,-25.56,False,0
J03WN1,1,0:44:32.760000,DFL-OBJ-0002LI,DFL-OBJ-000199,4.935838327984416,17.06816777374023,6.0,19.93,3.960576725137983,9.353608929178083,2,30.67,72.88,-20.38,-3.33,False,0
J03WN1,1,0:44:39.920000,DFL-OBJ-002GAR,DFL-OBJ-0000YV,4.937053777304843,58.20549804943085,8.6,10.37,1.7792678719360788,12.186110946483296,1,32.64,77.1,-24.6,-1.36,False,0
J03WN1,1,0:44:42.320000,DFL-OBJ-0002LI,DFL-OBJ-000199,4.863383595810639,5.949609283051761,4.44,16.99,4.491616085379217,9.328418944279894,1,25.02,72.19,-19.69,8.98,False,0
J03WN1,1,0:44:46.160000,DFL-OBJ-J01B8R,DFL-OBJ-0027FG,4.974706021464989,22.545391097670112,1.04,12.88,3.6921685750682243,10.988216415779224,0,7.789999999999999,74.53,-22.03,26.21,False,0
J03WN1,1,0:44:51.800000,DFL-OBJ-0027LO,DFL-OBJ-002G8H,3.950341757367328,47.42577070829962,15.12,2.62,-0.6529210205699598,5.297112420932748,3,22.060000000000002,33.3,-19.2,11.94,False,0
J03WN1,1,0:44:54.080000,DFL-OBJ-J013O2,DFL-OBJ-0027LO,1.3408206442324786,44.503274541164664,23.85,18.18,5.323272590853585,4.559703937757362,4,25.07,82.99,-30.49,8.93,False,0
J03WN1,1,0:44:56.480000,DFL-OBJ-0000YV,DFL-OBJ-0001UP,4.920000000000002,68.37416436504837,15.64,17.42,2.2003448234860845,5.954662039108516,0,29.78,23.54,-28.96,-4.22,False,0
J03WN1,1,0:45:08.560000,DFL-OBJ-002GOI,DFL-OBJ-000199,4.872011904747361,54.88227241581554,15.71,19.24,4.920262633292569,5.492868103277193,0,12.39,47.6,4.9,-21.61,False,0
J03WN1,1,0:45:10.760000,DFL-OBJ-0000XU,DFL-OBJ-002G02,4.4749301670528885,59.17671630067883,4.49,8.2,0.574503734332199,10.14286448691887,1,9.04,72.11,19.61,-24.96,False,0
J03WN1,1,0:45:11.480000,DFL-OBJ-000199,DFL-OBJ-002G02,4.802520171743165,6.823755137453367,1.8,17.4,4.528284536706404,10.875339075173702,2,12.84,62.97,10.47,-21.16,False,0
J03WN1,1,0:45:30.240000,DFL-OBJ-J016C3,DFL-OBJ-002GBK,4.748610323031361,17.76693188838913,7.71,17.25,7.017392901548387,25.720779537175773,0,4.469999999999999,72.27,19.77,29.53,False,0
J03WN1,1,0:45:41.160000,DFL-OBJ-0027FG,DFL-OBJ-0002LI,2.233965084776393,4.329236907530453,16.6,19.76,0.4604367403239551,7.423483010016255,2,11.45,58.79,6.29,22.55,False,0
J03WN1,1,0:45:43.560000,DFL-OBJ-J01B8R,DFL-OBJ-0027FG,0.3807886552931963,78.33639436673363,15.57,9.76,3.6451062379835966,10.188998969476835,0,3.960000000000001,53.15,-0.65,30.04,False,0
J03WN1,1,0:45:45.280000,DFL-OBJ-J01B8R,DFL-OBJ-0027FG,1.8992893407798606,169.423099068692,25.24,25.03,0.4301571864040138,13.518025003675646,0,0.5600000000000023,59.37,-6.87,33.44,False,0
J03WN1,1,0:45:46.240000,DFL-OBJ-J01B8R,DFL-OBJ-0027FG,1.5044268011438764,155.10800503297264,30.35,28.07,0.5375519614124369,17.519960045616543,1,2.1000000000000014,66.65,-14.15,31.9,False,0
J03WN1,1,0:45:46.960000,DFL-OBJ-0027FG,DFL-OBJ-J01B8R,0.9534149149242434,51.654544648179034,27.87,32.3,0.9518787287209687,9.557081144366203,0,4.34,31.81,-20.69,29.66,False,0
J03WN1,1,0:45:53.240000,DFL-OBJ-J016C3,DFL-OBJ-J01B8R,4.213846224057064,49.772512183347835,21.54,7.6,5.78004425856027,7.951075398963337,0,4.620000000000001,22.9,-29.6,29.38,False,0
J03WN1,2,0:00:00.560000,DFL-OBJ-002GBK,DFL-OBJ-000172,4.832556259372466,25.312313520126132,9.67,14.71,4.3749531131703145,9.28568791205046,3,33.35,51.78,-0.72,0.65,False,0
J03WN1,2,0:00:04.640000,DFL-OBJ-002GOI,DFL-OBJ-0028NB,4.97944776054534,54.36244629902669,20.51,21.06,1.9874465447315215,13.792577714118561,0,2.1400000000000006,35.44,-17.06,31.86,False,0
J03WN1,2,0:00:26.720000,DFL-OBJ-002G8H,DFL-OBJ-000172,4.6438884568861045,18.09602704771709,7.06,4.95,-0.7594619287217896,5.870689908349783,4,6.309999999999999,49.43,-3.07,27.69,False,0
J03WN1,2,0:00:27.680000,DFL-OBJ-002G8H,DFL-OBJ-000172,4.658121939151014,19.96094674348823,9.04,12.52,1.01812675654944,5.752564645442935,3,4.559999999999999,50.58,-1.92,29.44,False,0
J03WN1,2,0:00:28.720000,DFL-OBJ-002GBK,DFL-OBJ-000199,4.600097825046767,12.54512103822963,3.01,19.68,3.9776630802138824,6.282961085348212,3,9.54,46.18,-6.32,24.46,False,0
J03WN1,2,0:00:29.960000,DFL-OBJ-002G8H,DFL-OBJ-000172,2.6331919793285103,2.5981199693864085,6.55,10.04,3.781532823632839,3.687817782917154,2,2.5,49.87,-2.63,31.5,False,0
J03WN1,2,0:00:30.480000,DFL-OBJ-000199,DFL-OBJ-002GBK,0.9052071586106675,148.77017526982357,1.11,4.49,-0.752844065472773,7.161710689493119,2,9.09,58.88,-6.38,24.91,False,0
J03WN1,2,0:00:31.080000,DFL-OBJ-J013O2,DFL-OBJ-002GM0,2.077618829333235,21.59499327718009,6.74,13.33,1.5245837395632411,5.244435145942792,3,10.21,40.33,-12.17,23.79,False,0
J03WN1,2,0:00:31.560000,DFL-OBJ-002GBK,DFL-OBJ-000199,1.8802393464662939,36.11617284522963,16.71,14.44,-0.6134233026285796,4.669646667575609,2,12.8,44.519999999999996,-7.98,21.2,False,0
J03WN1,2,0:01:19.920000,DFL-OBJ-002G8H,DFL-OBJ-000199,2.922259399848001,13.7574186714109,9.82,17.08,3.195571667579614,5.88024659346868,3,15.84,75.62,23.12,18.16,False,0
J03WN1,2,0:01:24.520000,DFL-OBJ-0000YV,DFL-OBJ-002GAR,2.264972406012931,11.93361856586182,17.18,20.44,2.4224700356917905,3.4874202499842206,2,18.18,10.299999999999997,42.2,15.82,False,0
J03WN1,2,0:01:43.880000,DFL-OBJ-J014F7,DFL-OBJ-002G02,4.746588248415909,101.66085733296461,5.09,20.31,0.3378318989734064,5.215074304360389,2,30.86,67.52,-15.02,-3.14,False,0
J03WN1,2,0:01:44.320000,DFL-OBJ-J014F7,DFL-OBJ-002G02,4.970010060351991,129.67557034778687,10.34,15.62,-0.5611619520732791,5.270977139013221,2,30.06,67.72,-15.22,-3.94,False,0
J03WN1,2,0:02:06.080000,DFL-OBJ-000172,DFL-OBJ-002GBK,2.9315695454824215,52.29137527760421,15.44,15.25,-0.8176835824693063,7.276297135219261,1,2.3299999999999983,77.24,-24.74,31.67,False,0
J03WN1,2,0:03:34.280000,DFL-OBJ-002GOI,DFL-OBJ-002GM0,0.9241753080449606,56.459184315867105,12.19,12.27,-1.0885033291274042,2.3726145915424195,3,8.57,38.5,-14.0,25.43,False,0
J03WN1,2,0:03:35.400000,DFL-OBJ-002GOI,DFL-OBJ-J014F7,2.8081488564533057,88.88972967224676,19.74,21.9,1.767403459096868,3.8147739120424955,2,7.219999999999999,34.3,-18.2,26.78,False,0
J03WN1,2,0:03:35.840000,DFL-OBJ-J014F7,DFL-OBJ-002GOI,1.3059862173851606,59.5526854516429,20.62,20.95,3.377182076095097,5.491056364671556,0,7.809999999999999,74.09,-21.59,26.19,False,0
J03WN1,2,0:03:57.960000,DFL-OBJ-002G02,DFL-OBJ-J016C3,1.05304320899002,120.89675235151851,14.14,16.48,-1.1222272757757226,8.782277608912167,3,7.68,33.06,-19.44,-26.32,False,0
J03WN1,2,0:03:58.680000,DFL-OBJ-002G02,DFL-OBJ-J016C3,1.3104197800704913,134.76886632971548,21.11,19.12,0.09311216660619792,8.05062109405231,3,9.68,30.13,-22.37,-24.32,False,0
J03WN1,2,0:03:58.880000,DFL-OBJ-J016C3,DFL-OBJ-002G02,1.0696261028976426,39.63918962782983,18.44,20.72,0.862970931431386,13.033222932183733,0,9.95,76.95,-24.45,-24.05,False,0
J03WN1,2,0:04:00.480000,DFL-OBJ-002GM0,DFL-OBJ-002GBK,4.879549159502341,38.87962652897149,16.99,23.38,4.976854887862099,6.5112287626837375,0,21.4,79.52,-27.02,-12.6,False,0
J03WN1,2,0:04:01.400000,DFL-OBJ-002GBK,DFL-OBJ-002GM0,1.8612361483702164,12.809053141554616,22.14,2.65,1.3599163644773105,5.117831572062526,1,26.28,25.88,-26.62,-7.72,False,0
J03WN1,2,0:04:04.040000,DFL-OBJ-J016C3,DFL-OBJ-002GBK,1.1629703349613016,0.42581932700560293,15.09,13.28,-0.3973212579086066,6.250959926283323,1,32.5,94.5,-42.0,-1.5,False,0
J03WN1,2,0:04:04.600000,DFL-OBJ-0001I0,DFL-OBJ-002GBK,1.8869287214942652,40.828465555501566,14.91,15.7,3.0418662981213886,6.388059173176153,0,32.35,97.16,-44.66,-1.65,False,0
J03WN1,2,0:04:06.880000,DFL-OBJ-002G02,DFL-OBJ-0001I0,1.69779268463497,50.49689250573553,7.91,7.51,4.474499020126585,4.143633671066976,1,25.9,7.270000000000003,-45.23,-8.1,False,0
J03WN1,2,0:04:07.520000,DFL-OBJ-J014F7,DFL-OBJ-002G02,2.4901807163336556,16.763851362611632,16.03,10.76,1.7746263337844015,7.145103218288733,3,30.15,97.21000000000001,-44.71,-3.85,False,0
J03WN1,2,0:04:08.560000,DFL-OBJ-0001I0,DFL-OBJ-002GBK,3.7343004699675695,84.7078941745657,3.35,4.74,-0.1528866980794663,4.575642031453072,2,25.46,98.61,-46.11,-8.54,False,0
J03WN1,2,0:04:12.400000,DFL-OBJ-J016C3,DFL-OBJ-002G02,4.819180428247112,121.3050097686313,9.04,5.58,0.03618108688530297,8.389755657943798,3,27.46,95.31,-42.81,-6.54,False,0
J03WN1,2,0:04:39.520000,DFL-OBJ-J013O2,DFL-OBJ-J014F7,2.9406461874900893,8.257116019752557,15.24,16.35,0.11635781724735117,5.539250851875189,2,12.780000000000001,50.5,-2.0,-21.22,False,0
J03WN1,2,0:04:40.240000,DFL-OBJ-0002LI,DFL-OBJ-0027FG,3.4760466049810077,12.620405614086762,14.73,13.9,-0.3616637749988205,4.672740095490012,2,8.129999999999999,54.33,1.83,-25.87,False,0
J03WN1,2,0:05:25.520000,DFL-OBJ-002GAR,DFL-OBJ-000199,2.4242524621004318,4.056398075028992,10.53,17.89,2.0250429044671323,7.232399325258526,1,28.45,29.16,-23.34,5.55,False,0
J03WN1,2,0:05:28.040000,DFL-OBJ-J01B8R,DFL-OBJ-0028NB,4.878616607195117,43.34782654116939,16.08,22.16,2.468403930257146,10.736056072878906,0,28.98,41.89,-10.61,-5.02,False,0
J03WN1,2,0:05:29.680000,DFL-OBJ-002G02,DFL-OBJ-000172,4.9210771178675925,16.9293687610141,12.1,21.87,1.843022104197034,5.078434798242467,3,21.64,30.16,-22.34,-12.36,False,0
J03WN1,2,0:05:31.880000,DFL-OBJ-0002LI,DFL-OBJ-0027FG,4.938795399690092,13.773996541248374,3.33,17.83,4.624310802831759,12.899775191839586,0,5.039999999999999,35.07,-17.43,-28.96,False,0
J03WN1,2,0:05:37.120000,DFL-OBJ-0002LI,DFL-OBJ-J016C3,2.208642116776733,113.10388237221433,25.5,21.87,2.7923137598651993,6.237259013380792,1,1.8599999999999994,12.060000000000002,-40.44,-32.14,False,0
J03WN1,2,0:05:38.040000,DFL-OBJ-J016C3,DFL-OBJ-0002LI,0.8023091673413711,62.506626229329086,14.99,18.72,1.4195007933373531,15.89747464221912,0,3.1000000000000014,99.11,-46.61,-30.9,False,0
J03WN1,2,0:05:50.880000,DFL-OBJ-J01B8R,DFL-OBJ-0027FG,4.9703118614429025,19.69990261066505,18.01,21.34,1.1816631627341034,8.7911887705816,1,5.329999999999998,27.85,-24.65,-28.67,False,0
J03WN1,2,0:05:53.200000,DFL-OBJ-002GAR,DFL-OBJ-000172,4.961794030388606,7.083113055899968,10.58,23.64,4.875850568916866,9.415949235207252,0,30.57,39.72,-12.78,-3.43,False,0
J03WN1,2,0:05:58.520000,DFL-OBJ-002GOI,DFL-OBJ-0000XU,4.99916993109856,144.26899592563396,11.7,9.04,1.1228772778566376,10.56443562146128,0,1.8500000000000014,25.59,-26.91,32.15,False,0
J03WN1,2,0:06:04.040000,DFL-OBJ-002GAR,DFL-OBJ-0027LO,4.905935180982318,17.967446848369296,1.16,10.4,2.9053013020138185,8.038986254497518,1,10.23,35.230000000000004,-17.27,23.77,False,0
J03WN1,2,0:06:06.440000,DFL-OBJ-002G8H,DFL-OBJ-000172,4.783523805731503,11.065749827075072,6.49,15.19,5.815838864753182,6.38874792115012,2,22.57,35.019999999999996,-17.48,11.43,False,0
J03WN1,2,0:06:07.200000,DFL-OBJ-002GBK,DFL-OBJ-000199,3.40958941809714,97.80684527604424,3.22,10.68,-1.0089469318501876,8.476249170476292,2,32.35,25.74,-26.76,1.65,False,0
J03WN1,2,0:06:07.760000,DFL-OBJ-002GBK,DFL-OBJ-000199,2.303605869067015,73.95436777777932,7.29,8.8,2.437097210414585,8.238476800962664,2,32.19,25.46,-27.04,1.81,False,0
J03WN1,2,0:06:09.760000,DFL-OBJ-002G02,DFL-OBJ-002GM0,3.7402138976267123,86.70581065715643,22.56,16.27,0.421491657862344,4.630431945294088,2,22.34,15.219999999999999,-37.28,11.66,False,0
J03WN1,2,0:06:49.440000,DFL-OBJ-002GBK,DFL-OBJ-000172,2.076631888419322,5.288052634061663,3.39,6.8,-0.0577458709904366,4.579257581748377,4,28.5,67.96000000000001,15.46,5.5,False,0
J03WN1,2,0:06:50.200000,DFL-OBJ-002G8H,DFL-OBJ-0027LO,2.421321952983535,160.94591525879514,4.9,7.92,-3.5924869290132766,3.614706073804618,3,24.65,68.34,15.84,9.35,False,0
J03WN1,2,0:06:52.480000,DFL-OBJ-002GOI,DFL-OBJ-0000XU,4.57751024029439,42.34018311107254,13.39,14.94,-0.5630299920931559,10.928700746200347,3,12.46,52.19,-0.31,21.54,False,0
J03WN1,2,0:06:54,DFL-OBJ-000172,DFL-OBJ-002GOI,2.6679017972931462,83.71466073009589,20.34,3.5,3.6453436643223966,6.279140068512566,2,14.030000000000001,50.97,1.53,19.97,False,0
J03WN1,2,0:06:55,DFL-OBJ-002GBK,DFL-OBJ-0027LO,3.752465855940597,10.152649706660714,10.88,17.04,1.4253438157043552,4.3322973120505015,3,20.130000000000003,50.69,-1.81,13.87,False,0
J03WN1,2,0:07:04.360000,DFL-OBJ-0000XU,DFL-OBJ-002GOI,4.9151602211932,3.828938696660895,4.15,12.81,4.582580323388014,10.833660507880056,1,19.16,103.57,-51.07,14.84,False,0
J03WN1,2,0:07:11.680000,DFL-OBJ-0027LO,DFL-OBJ-002GBK,2.35696839181182,24.323041346229257,9.78,15.67,6.040097614631531,5.120703076726867,3,18.240000000000002,84.41,-31.91,15.76,False,0
J03WN1,2,0:07:12.240000,DFL-OBJ-000172,DFL-OBJ-002GBK,1.61721983663323,93.03543331026198,14.44,16.29,0.37353845803169416,6.760007396445659,3,17.09,87.85,-35.35,16.91,False,0
J03WN1,2,0:07:16.240000,DFL-OBJ-002G8H,DFL-OBJ-0027LO,4.8002083288124044,73.60625745253287,14.99,9.63,-0.03899395461144817,7.002685199264636,1,12.23,12.420000000000002,-40.08,21.77,False,0
J03WN1,2,0:07:21.600000,DFL-OBJ-0028NB,DFL-OBJ-002G8H,1.8340392580312999,16.644218816834496,24.6,27.67,1.5047499646860645,8.079962871201824,1,4.879999999999999,77.18,-24.68,29.12,False,0
J03WN1,2,0:07:22.200000,DFL-OBJ-0028NB,DFL-OBJ-002G8H,1.6332176829804377,51.386550954229605,18.88,23.48,0.36196704112859523,9.119385944239886,1,2.7600000000000016,74.12,-21.62,31.24,False,0
J03WN1,2,0:07:24.480000,DFL-OBJ-0000YV,DFL-OBJ-0001UP,0.7280109889280522,11.905179313539781,2.36,5.01,2.0146824254426696,10.666044252673997,2,17.78,55.92,-3.42,16.22,False,0
J03WN1,2,0:07:25.040000,DFL-OBJ-0000YV,DFL-OBJ-0001UP,0.6700000000000004,53.42696902148062,12.45,13.66,-0.036212338342763994,8.672312263750657,2,18.619999999999997,56.78,-4.28,15.38,False,0
J03WN1,2,0:07:29.600000,DFL-OBJ-0027LO,DFL-OBJ-002G8H,3.0774827375632827,51.76966344886484,14.83,15.24,4.0259881179924655,10.99025932360106,3,20.54,59.3,-6.8,13.46,False,0
J03WN1,2,0:07:39.520000,DFL-OBJ-002GOI,DFL-OBJ-0000XU,4.953473528747275,159.89577707204623,15.75,10.85,1.4328370860883433,10.280646866807553,2,7.440000000000001,23.18,-29.32,26.56,False,0
J03WN1,2,0:07:45.280000,DFL-OBJ-002GBK,DFL-OBJ-000199,3.793810749101752,27.415894848172748,2.51,10.69,1.9171451537512119,7.072291000800235,2,26.81,23.81,-28.69,7.19,False,0
J03WN1,2,0:07:45.640000,DFL-OBJ-002GBK,DFL-OBJ-000199,2.9284979084848244,9.920154590777537,3.13,12.88,2.3850676078534305,6.802940540677978,2,27.1,23.95,-28.55,6.9,False,0
J03WN1,2,0:07:47.800000,DFL-OBJ-002G8H,DFL-OBJ-0027LO,4.913043863024228,22.180039608003703,12.05,14.18,2.5976625173695678,6.824727100771138,1,23.77,32.010000000000005,-20.49,10.23,False,0
J03WN1,2,0:07:51.160000,DFL-OBJ-J01B8R,DFL-OBJ-0027FG,4.90315204740787,8.390723778687189,0.23,13.08,3.774684398737067,8.197194642071151,1,24.630000000000003,34.0,-18.5,-9.37,False,0
J03WN1,2,0:07:53.640000,DFL-OBJ-002G02,DFL-OBJ-J016C3,4.93578767776735,24.82786722861981,6.24,14.67,1.7589793017814848,14.96036430037718,0,6.949999999999999,22.94,-29.56,-27.05,False,0
J03WN1,2,0:07:58.560000,DFL-OBJ-J01B8R,DFL-OBJ-0027FG,4.914346345140928,5.9470119742853305,3.67,13.56,4.531405764852338,12.317507864823956,1,10.79,35.629999999999995,-16.87,-23.21,False,0
J03WN1,2,0:08:00.320000,DFL-OBJ-002G8H,DFL-OBJ-0027LO,4.187660444687464,22.688785259041214,9.07,16.6,1.9538366529054385,7.670736600874783,1,17.57,40.16,-12.34,-16.43,False,0
J03WN1,2,0:08:02.600000,DFL-OBJ-002G02,DFL-OBJ-J016C3,0.31622776601683905,31.342357494188164,3.46,3.74,0.3947575440708667,6.825342482249518,2,20.03,29.41,-23.09,-13.97,False,0
J03WN1,2,0:08:47.480000,DFL-OBJ-002G8H,DFL-OBJ-0027LO,4.856027182790475,15.116883265643644,7.18,12.76,5.377494658867374,7.5534429235945115,1,25.43,44.76,-7.74,8.57,False,0
J03WN1,2,0:08:50.720000,DFL-OBJ-J01B8R,DFL-OBJ-000172,4.980813186619229,47.97585034146285,8.96,14.99,2.1751890868699997,10.942769302146509,1,27.59,47.37,-5.13,-6.41,False,0
J03WN1,2,0:08:51.680000,DFL-OBJ-002GBK,DFL-OBJ-J016C3,4.811538215581376,1.616484473753644,11.94,15.43,1.1211782252836366,4.8133148660772225,1,21.83,35.07,-17.43,-12.17,False,0
J03WN1,2,0:08:54.760000,DFL-OBJ-002G8H,DFL-OBJ-0027LO,3.7644255869919934,16.54192984724684,20.54,18.89,2.6963975748913147,8.189945054760745,1,27.61,27.45,-25.05,6.39,False,0
J03WN1,2,0:09:00.760000,DFL-OBJ-002G02,DFL-OBJ-000199,2.682032811134124,85.58595448738552,19.14,18.84,4.377139094304414,6.821803280658278,1,16.33,6.979999999999997,-45.52,-17.67,False,0
J03WN1,2,0:09:09.400000,DFL-OBJ-J01B8R,DFL-OBJ-0000YV,4.898418112003097,6.707975691589915,2.91,16.36,4.822822579343679,6.199556435746029,0,4.100000000000001,35.510000000000005,-16.99,-29.9,False,0
J03WN1,2,0:09:12.280000,DFL-OBJ-000199,DFL-OBJ-J01B8R,0.5758472019555178,41.37984242036767,17.0,18.99,7.002278997562725,5.326537336769545,1,3.289999999999999,79.82,-27.32,-30.71,False,0
J03WN1,2,0:11:22.160000,DFL-OBJ-002G4G,DFL-OBJ-002G02,3.5892339015450094,89.96928663949362,14.81,6.08,-3.9588550024450697,4.182439479538228,3,7.780000000000001,68.16,-15.66,-26.22,False,0
J03WN1,2,0:12:07,DFL-OBJ-0028NB,DFL-OBJ-002GAR,2.6057820323273364,27.06374275405967,11.14,16.67,1.4706873725133507,12.931140707609671,1,13.370000000000001,5.490000000000002,47.01,20.63,False,0
J03WN1,2,0:12:08.760000,DFL-OBJ-000172,DFL-OBJ-002G8H,4.97390188885949,16.860912674574184,6.68,15.35,2.579093052489203,7.667124624003449,1,7.02,14.420000000000002,38.08,26.98,False,0
J03WN1,2,0:12:45.560000,DFL-OBJ-0028NB,DFL-OBJ-002G8H,4.4566915980354755,38.07728039702299,25.86,17.77,6.142675102247157,13.686811169881755,2,13.14,2.6099999999999994,49.89,20.86,False,0
J03WN1,2,0:12:50.800000,DFL-OBJ-J013O2,DFL-OBJ-002G4G,3.5663426644112595,89.43227475956931,18.8,11.12,2.0973456434789326,4.691801359819063,2,24.91,73.41,20.91,9.09,False,0
J03WN1,2,0:12:53.960000,DFL-OBJ-J013O2,DFL-OBJ-002G4G,1.0034440691936923,73.76389219433288,26.96,27.43,0.8911140805398687,3.3034073318317874,0,8.879999999999999,69.56,17.06,25.12,False,0
J03WN1,2,0:13:48.640000,DFL-OBJ-000199,DFL-OBJ-J013O2,3.260138033887522,4.98812383961787,14.87,16.86,0.5610339679915044,9.971865422276815,4,31.05,63.92,-11.42,2.95,False,0
J03WN1,2,0:13:50.640000,DFL-OBJ-002G8H,DFL-OBJ-0000YV,1.8363550854886421,108.2606821856545,12.59,8.81,2.3841122862783948,5.666012707363089,2,27.21,55.66,3.16,6.79,False,0
J03WN1,2,0:13:51.640000,DFL-OBJ-0002LI,DFL-OBJ-0000YV,3.420657831470432,4.545170836860355,10.74,15.0,7.307895137217316,5.183329046086116,2,32.96,53.31,0.81,1.04,False,0
J03WN1,2,0:13:55.320000,DFL-OBJ-0000YV,DFL-OBJ-0002LI,1.841738309315414,62.94618151759145,7.38,6.49,2.7400823868884028,9.83630520063301,3,28.2,49.9,2.6,5.8,False,0
J03WN1,2,0:14:10.600000,DFL-OBJ-002GBK,DFL-OBJ-000199,1.88663722002933,5.477076646886939,19.96,21.1,0.38640851763170503,8.211924256835301,1,26.14,33.730000000000004,-18.77,7.86,False,0
J03WN1,2,0:14:18.800000,DFL-OBJ-002GM0,DFL-OBJ-002GOI,1.8774717041809184,32.06254151646696,9.06,4.0,1.170246472365265,6.501638255086178,2,26.64,91.63,-39.13,7.36,False,0
J03WN1,2,0:15:53.280000,DFL-OBJ-0002LI,DFL-OBJ-000172,4.8695174298897435,6.105747732053278,10.42,22.14,3.4544060976627367,17.28021411904378,1,18.35,32.5,-20.0,-15.65,False,0
J03WN1,2,0:15:57.920000,DFL-OBJ-J01B8R,DFL-OBJ-000172,4.961663027655144,24.172990784434777,13.23,13.59,3.863755634466346,14.581525983243319,0,31.96,44.61,-7.89,-2.04,False,0
J03WN1,2,0:16:02.920000,DFL-OBJ-002G02,DFL-OBJ-0028D6,4.8586932399566045,12.260380757645006,5.16,12.22,4.249627014475334,6.232214694633039,0,8.73,24.96,-27.54,25.27,False,0
J03WN1,2,0:16:08.600000,DFL-OBJ-0002LI,DFL-OBJ-0027FG,4.829958591955006,27.519440625649892,2.14,18.84,5.267609106099764,15.267128086185693,0,25.16,34.379999999999995,-18.12,-8.84,False,0
J03WN1,2,0:16:11.240000,DFL-OBJ-002G02,DFL-OBJ-0028D6,4.194961263229971,20.950073277836015,6.6,14.49,1.9071520981656187,9.876461917103716,1,20.759999999999998,29.66,-22.84,13.24,False,0
J03WN1,2,0:16:11.960000,DFL-OBJ-002G02,DFL-OBJ-0028D6,2.2826519664635705,27.42949464757881,9.46,16.81,2.44693525497941,8.523526265578115,1,19.810000000000002,30.67,-21.83,14.19,False,0
J03WN1,2,0:16:28.960000,DFL-OBJ-002GBK,DFL-OBJ-J016C3,4.9732987040796175,3.679729973600964,2.06,17.32,5.0814791868433495,16.747119155245777,0,3.84,57.94,5.44,-30.16,False,0
J03WN1,2,0:16:34.160000,DFL-OBJ-000199,DFL-OBJ-J013O2,0.5122499389946281,137.8068886389652,17.09,19.5,1.0829000624731304,6.756345165842254,2,23.28,56.55,-4.05,-10.72,False,0
J03WN1,2,0:16:35.760000,DFL-OBJ-002G8H,DFL-OBJ-000172,4.510277153346565,50.1911598535061,6.77,19.81,2.3728418365220194,6.596620346813966,2,33.01,54.29,1.79,0.99,False,0
J03WN1,2,0:16:41.640000,DFL-OBJ-002GBK,DFL-OBJ-002GM0,3.308473968463409,78.31359730707946,11.58,14.56,1.4842302417138376,4.7898434212404055,0,22.08,20.51,-31.99,11.92,False,0
J03WN1,2,0:16:43.560000,DFL-OBJ-0028D6,DFL-OBJ-002GOI,0.8130190649671143,132.78709545178003,26.18,27.95,0.1539163779908434,7.211192689146505,1,17.61,92.17,-39.67,16.39,False,0
J03WN1,2,0:16:43.840000,DFL-OBJ-002GOI,DFL-OBJ-0028D6,0.7610519036176198,38.35868034037973,25.65,26.08,0.14737024095594353,3.040164469235176,1,19.880000000000003,11.409999999999997,-41.09,14.12,False,0
J03WN1,2,0:17:28.720000,DFL-OBJ-J01B8R,DFL-OBJ-0027FG,4.080110292626903,72.52036916019868,2.1,20.79,2.6939332399051708,9.910499482871685,1,7.390000000000001,71.06,18.56,-26.61,False,0
J03WN1,2,0:17:35.840000,DFL-OBJ-0028NB,DFL-OBJ-002GAR,1.051903037356581,38.1537474484469,2.26,20.15,6.528981402780453,9.898934286073425,1,33.87,46.94,5.56,-0.13,False,0
J03WN1,2,0:17:36.240000,DFL-OBJ-002G4G,DFL-OBJ-002G8H,3.5992360300485995,38.85132790551284,18.54,21.8,1.0821504974045348,6.114441920568058,1,27.58,47.54,4.96,-6.42,False,0
J03WN1,2,0:18:33.920000,DFL-OBJ-0001UP,DFL-OBJ-0000YV,4.870831551183023,10.65763679174459,4.59,10.55,3.494870585973211,21.266088027655673,0,32.11,79.23,26.73,-1.89,False,0
J03WN1,2,0:18:40.240000,DFL-OBJ-002GBK,DFL-OBJ-000199,3.5106979363083917,4.5247862551949245,19.98,23.93,1.2438589334534045,5.9419272967615475,1,14.29,35.41,-17.09,-19.71,False,0
J03WN1,2,0:18:52.400000,DFL-OBJ-J01B8R,DFL-OBJ-0027FG,4.921148239994402,12.512704216929986,5.22,13.33,4.364762705315619,10.47475059368957,1,2.210000000000001,34.64,-17.86,-31.79,False,0
J03WN1,2,0:18:53.240000,DFL-OBJ-0027FG,DFL-OBJ-J01B8R,2.1533462331914968,105.72339717426163,7.33,0.34,2.6029508395029053,4.083331972788888,2,2.6000000000000014,72.62,-20.12,-31.4,False,0
J03WN1,2,0:19:06.080000,DFL-OBJ-J01B8R,DFL-OBJ-0000YV,4.836610383315987,67.55087548166696,14.31,12.12,4.403871126957785,5.374206918234541,1,0.8599999999999994,44.81,-7.69,-33.14,False,0
J03WN1,2,0:19:20.880000,DFL-OBJ-J014F7,DFL-OBJ-002G02,1.5669716015295208,12.171762274667143,21.01,20.97,-0.030833449871720542,18.882611048263424,0,6.609999999999999,96.4,-43.9,-27.39,False,0
J03WN1,2,0:19:26.040000,DFL-OBJ-002GBK,DFL-OBJ-J016C3,4.995137635741383,25.27364772414534,2.31,1.94,1.3371785146063586,5.748017049383202,0,1.1199999999999974,13.380000000000003,-39.12,-32.88,False,0
J03WN1,2,0:19:31.360000,DFL-OBJ-002G02,DFL-OBJ-0027FG,3.6608468965527643,57.82446578690997,21.66,18.41,-0.29456396748058555,5.438106288038143,1,7.530000000000001,10.799999999999997,-41.7,-26.47,False,0
J03WN1,2,0:20:18.120000,DFL-OBJ-002G8H,DFL-OBJ-0027FG,3.260981447355996,17.833850348473618,4.02,11.2,2.995219905713591,11.671096777938226,0,1.7000000000000028,20.090000000000003,-32.41,-32.3,False,0
J03WN1,2,0:20:19.520000,DFL-OBJ-002GBK,DFL-OBJ-J016C3,4.965410355650375,20.875175379314793,6.51,10.91,5.4084408934713135,6.501276797675977,2,2.6900000000000013,11.530000000000001,-40.97,-31.31,False,0
J03WN1,2,0:20:23.960000,DFL-OBJ-000199,DFL-OBJ-002G02,2.714719138327205,145.84465119702605,6.84,8.68,-0.5365978490179102,5.206092584655025,4,15.8,86.03999999999999,-33.54,-18.2,False,0
J03WN1,2,0:20:27.920000,DFL-OBJ-J014F7,DFL-OBJ-0002LI,1.8885973631242838,30.587644353314204,11.53,8.79,1.1099943954861469,6.985656733622117,1,23.9,97.49000000000001,-44.99,-10.1,False,0
J03WN1,2,0:20:28.240000,DFL-OBJ-002G4G,DFL-OBJ-0002LI,1.7215400082484285,52.777637890129334,10.95,6.57,-0.8136852680628248,6.948014104764038,2,24.130000000000003,97.71000000000001,-45.21,-9.87,False,0
J03WN1,2,0:20:30.640000,DFL-OBJ-0002LI,DFL-OBJ-J016C3,2.538700454957222,35.708655737530385,19.02,4.72,0.841172763150132,3.931030399271926,2,20.58,3.0600000000000023,-49.44,-13.42,False,0
J03WN1,2,0:20:43.040000,DFL-OBJ-002GBK,DFL-OBJ-000172,2.182773465112676,141.40468704955404,15.85,0.12,-0.8157457760440651,5.791554195550618,1,18.189999999999998,3.1300000000000026,-49.37,-15.81,False,0
J03WN1,2,0:21:38.160000,DFL-OBJ-002G02,DFL-OBJ-J016C3,1.6260381299342272,84.57108886474455,14.54,14.09,1.3599622785452514,3.130015974400132,4,9.54,55.09,2.59,-24.46,False,0
J03WN1,2,0:21:39.600000,DFL-OBJ-002G02,DFL-OBJ-J016C3,0.44011362169330764,54.77309730559342,3.3,5.58,0.4377747872939326,1.8470787747142752,3,6.420000000000002,56.0,3.5,-27.58,False,0
J03WN1,2,0:21:43.880000,DFL-OBJ-0002LI,DFL-OBJ-000199,0.9178779875342913,35.49296245333402,15.44,18.86,1.5303867296381761,3.455893516878087,1,2.0199999999999996,69.52,17.02,-31.98,False,0
J03WN1,2,0:21:44.360000,DFL-OBJ-J01B8R,DFL-OBJ-000199,1.1462111498323517,1.5090108571779437,8.04,4.28,1.1663761421338037,3.8247875758007783,0,1.5799999999999983,70.97,18.47,-32.42,False,0
J03WN1,2,0:21:44.680000,DFL-OBJ-J01B8R,DFL-OBJ-000199,0.9730878685915242,19.18366239317362,7.81,4.86,0.4666337047069938,3.2756220783234435,1,1.0700000000000003,70.65,18.15,-32.93,False,0
J03WN1,2,0:22:53.320000,DFL-OBJ-J014F7,DFL-OBJ-002G8H,0.9466784036831092,94.60629785064208,3.13,4.75,-0.6637573726151313,1.8134221791960088,1,24.98,7.390000000000001,45.11,-9.02,False,0
J03WN1,2,0:23:57.760000,DFL-OBJ-0002LI,DFL-OBJ-000172,0.886002257333466,38.241077348727586,15.78,1.18,3.5764212102146065,9.960988906730096,1,6.219999999999999,85.1,32.6,-27.78,False,0
J03WN1,2,0:23:58.480000,DFL-OBJ-000172,DFL-OBJ-0002LI,2.22524155992108,96.33899551692976,9.31,7.42,-1.7394113127868471,3.72462078606668,1,6.34,21.22,31.28,-27.66,False,0
J03WN1,2,0:24:00.720000,DFL-OBJ-J014F7,DFL-OBJ-002GOI,4.99991999935999,4.566333936748044,2.28,11.38,2.117847726182802,6.504867408333547,1,4.16,32.46,20.04,-29.84,False,0
J03WN1,2,0:24:11.840000,DFL-OBJ-J014F7,DFL-OBJ-002GOI,2.3068810112357334,15.197842034853288,14.48,15.33,0.1440156204820775,5.57624425576929,2,8.870000000000001,45.75,6.75,-25.13,False,0
J03WN1,2,0:24:13.480000,DFL-OBJ-002GOI,DFL-OBJ-J014F7,0.7003570517957235,146.29765173698522,12.15,21.01,-0.36412480465344427,10.666588020543402,1,1.6199999999999974,57.28,4.78,-32.38,False,0
J03WN1,2,0:24:54.760000,DFL-OBJ-002GBK,DFL-OBJ-000199,3.7548501967455366,31.505828351802855,7.82,12.85,2.6233126766627324,13.063479628337927,1,18.82,61.78,9.28,15.18,False,0
J03WN1,2,0:24:55.960000,DFL-OBJ-002GOI,DFL-OBJ-0028D6,1.7538529014715014,3.1042183137124004,17.16,19.19,0.6129921819906609,12.362410768130948,1,5.879999999999999,53.24,0.74,28.12,False,0
J03WN1,2,0:24:58.040000,DFL-OBJ-0028D6,DFL-OBJ-002GOI,0.8321658488546627,88.46605581751676,16.81,11.24,0.15131676851053044,10.250175608251789,1,1.2700000000000031,42.89,9.61,32.73,False,0
J03WN1,2,0:25:04.320000,DFL-OBJ-002GBK,DFL-OBJ-000199,2.244370735863396,13.122909858996273,5.11,15.32,3.2393909512459684,7.697564549907978,2,7.199999999999999,68.84,16.34,26.8,False,0
J03WN1,2,0:25:11.640000,DFL-OBJ-002GBK,DFL-OBJ-000172,1.969009903479413,2.795753375231355,15.68,6.21,-1.7522526883550449,3.168927263286427,2,2.5799999999999983,56.01,3.51,31.42,False,0
J03WN1,2,0:25:14.960000,DFL-OBJ-J013O2,DFL-OBJ-J014F7,2.300978052915759,22.163692451717996,7.61,14.35,4.992233783341354,8.253393241570404,1,22.78,39.45,-13.05,11.22,False,0
J03WN1,2,0:25:15.360000,DFL-OBJ-J014F7,DFL-OBJ-J013O2,1.1910079764636343,115.37740830708063,9.44,2.78,2.7749251911303117,7.933630946798571,4,21.93,66.21000000000001,-13.71,12.07,False,0
J03WN1,2,0:25:17.800000,DFL-OBJ-002G8H,DFL-OBJ-000199,4.951979402218874,35.56465163836678,11.37,3.66,3.531761019202193,6.895621799373858,1,20.03,44.34,-8.16,13.97,False,0
J03WN1,2,0:25:20,DFL-OBJ-002G4G,DFL-OBJ-J013O2,1.6559287424282505,71.27513769987021,18.3,16.19,5.611331921816373,7.478001069804686,2,31.57,72.17,-19.67,-2.43,False,0
J03WN1,2,0:25:20.920000,DFL-OBJ-J016C3,DFL-OBJ-002G02,3.7454639232009703,90.23853777556302,17.42,10.55,3.1452620080455116,9.724592536451077,0,20.52,78.7,-26.2,-13.48,False,0
J03WN1,2,0:25:22.920000,DFL-OBJ-J013O2,DFL-OBJ-J016C3,0.7864477096412701,142.4852541589915,26.92,20.22,1.5993400230982424,6.8874378400098815,0,15.57,37.51,-14.99,-18.43,False,0
J03WN1,2,0:25:59.920000,DFL-OBJ-000172,DFL-OBJ-002G8H,4.983211815686746,28.954875492783987,16.44,20.66,2.4323406710901985,8.828000906207476,1,11.82,36.11,16.39,22.18,False,0
J03WN1,2,0:26:02.720000,DFL-OBJ-0028NB,DFL-OBJ-002GAR,1.9337269714207308,80.6190450376884,19.46,22.74,1.226726210954489,13.260980355916374,0,8.010000000000002,13.130000000000003,39.37,25.99,False,0
J03WN1,2,0:26:08.560000,DFL-OBJ-000172,DFL-OBJ-002G8H,4.945321020924729,8.922006728540861,12.84,16.25,2.2436521268812326,8.050341607658646,1,10.2,15.630000000000003,36.87,23.8,False,0
J03WN1,2,0:26:13.360000,DFL-OBJ-002G8H,DFL-OBJ-0027FG,3.9822104414508264,53.40190192590676,18.28,22.24,-0.1571525140970198,5.889244433711339,2,17.62,79.66,27.16,16.38,False,0
J03WN1,2,0:26:13.880000,DFL-OBJ-002G8H,DFL-OBJ-000199,3.450681092190354,50.94295379299862,18.07,20.91,4.803300992531795,4.887709074812045,2,16.74,77.21000000000001,24.71,17.26,False,0
J03WN1,2,0:26:19.200000,DFL-OBJ-0028NB,DFL-OBJ-002GAR,3.4485069232930345,11.740458649338734,16.39,22.24,10.638227103615305,7.16900272004412,1,8.5,33.43,19.07,25.5,False,0
J03WN1,2,0:26:19.400000,DFL-OBJ-002GAR,DFL-OBJ-0028NB,1.5294770348063416,27.397752683691174,21.33,14.61,10.133787486407138,7.7083072071629335,0,10.7,72.26,19.76,23.3,False,0
J03WN1,2,0:26:19.760000,DFL-OBJ-002GAR,DFL-OBJ-0028NB,2.305319934412576,156.00553530483364,18.34,11.14,-1.0880324639980499,8.774109641439408,0,9.3,70.86,18.36,24.7,False,0
J03WN1,2,0:26:28.280000,DFL-OBJ-002GOI,DFL-OBJ-002GM0,2.227330240444826,33.53831969441903,18.76,18.21,1.981053512430987,3.929287467213363,0,17.27,33.760000000000005,-18.74,16.73,False,0
J03WN1,2,0:26:30,DFL-OBJ-000172,DFL-OBJ-002G8H,4.982900761604629,37.76363854873195,4.46,8.06,0.8674666671253051,7.332843923062865,4,14.670000000000002,59.64,-7.14,19.33,False,0
J03WN1,2,0:26:33.760000,DFL-OBJ-0028NB,DFL-OBJ-002GOI,4.991001903425802,19.793652464238118,1.25,14.32,4.3190722736763165,6.160519458617105,1,2.0,60.01,-7.51,32.0,False,0
J03WN1,2,0:26:36.920000,DFL-OBJ-002GOI,DFL-OBJ-0028NB,0.9284934033152874,110.32687707377174,4.15,0.95,0.2653907396457533,8.275083081153928,2,2.120000000000001,50.56,-1.94,31.88,False,0
J03WN1,2,0:26:37.680000,DFL-OBJ-002GOI,DFL-OBJ-0028NB,0.7169379331573945,77.70893275014119,8.45,7.33,-0.13026781903401868,7.080007062143372,2,1.759999999999998,49.69,-2.81,32.24,False,0
J03WN1,2,0:26:38.880000,DFL-OBJ-002G8H,DFL-OBJ-0028NB,2.7144796923167425,92.1222735194585,1.76,7.82,0.3416072340330667,5.386139619430598,1,2.66,50.64,-1.86,31.34,False,0
J03WN1,2,0:26:41.480000,DFL-OBJ-002GAR,DFL-OBJ-0027FG,4.855841842564479,33.27870234601988,3.87,13.28,4.0980445460985315,6.2592411680650235,1,4.199999999999999,60.17,7.67,29.8,False,0
J03WN1,2,0:26:50.160000,DFL-OBJ-0000YV,DFL-OBJ-J01B8R,1.05475115548645,121.65708488742476,24.28,27.55,1.7906637542275072,12.084903805988693,1,13.43,56.04,-3.54,-20.57,False,0
J03WN1,2,0:27:30.960000,DFL-OBJ-J01B8R,DFL-OBJ-0028NB,4.9438648848851035,27.125696709472916,6.54,11.26,3.9526988983070788,13.653413492603232,0,32.94,43.59,-8.91,1.06,False,0
J03WN1,2,0:27:35.040000,DFL-OBJ-0002LI,DFL-OBJ-J016C3,4.886972477925364,7.7519483215942575,3.59,13.19,3.6585333428139033,6.772665649506108,0,1.6000000000000014,30.89,-21.61,-32.4,False,0
J03WN1,2,0:27:38.280000,DFL-OBJ-002GBK,DFL-OBJ-0027FG,4.907626717671181,23.55604699486931,6.39,10.92,3.421316407006141,11.190393201313347,0,12.04,43.480000000000004,-9.02,-21.96,False,0
J03WN1,2,0:28:21.080000,DFL-OBJ-J013O2,DFL-OBJ-002GM0,0.42154477816715846,43.96085514102086,15.39,11.37,-0.4686269498819175,3.172459613612126,1,32.07,15.700000000000003,-36.8,-1.93,False,0
J03WN1,2,0:28:21.280000,DFL-OBJ-002GM0,DFL-OBJ-J013O2,0.5277309920783514,148.18370017759182,12.87,14.88,-0.6923306699966566,11.837909443816505,2,32.07,89.78,-37.28,-1.93,False,0
J03WN1,2,0:28:21.480000,DFL-OBJ-J014F7,DFL-OBJ-J013O2,3.523634487287235,85.77894590997076,15.18,13.62,-0.8779371841877726,11.477443095045167,1,30.29,92.87,-40.37,-3.71,False,0
J03WN1,2,0:28:27.240000,DFL-OBJ-0001I0,DFL-OBJ-002G02,4.991232312766057,7.704952494545435,2.83,15.31,4.283948480677133,20.301236415548686,0,14.899999999999999,104.37,-51.87,-19.1,False,0
J03WN1,2,0:29:34.720000,DFL-OBJ-0027FG,DFL-OBJ-002GAR,2.3791805311913596,57.70315521823305,25.4,24.23,-0.6241251662785252,3.3071135450721982,0,26.9,33.05,19.45,7.1,False,0
J03WN1,2,0:29:41.120000,DFL-OBJ-0001I0,DFL-OBJ-J013O2,4.8454205183864065,10.405962039658862,10.2,20.75,5.856649732403141,21.10159472646558,0,15.57,81.72,-29.22,18.43,False,0
J03WN1,2,0:29:45.240000,DFL-OBJ-002GAR,DFL-OBJ-0027FG,4.920985673622714,28.07307558493024,6.21,15.27,2.761669544770775,14.40168392931882,0,15.780000000000001,77.56,25.06,18.22,False,0
J03WN1,2,0:29:46.920000,DFL-OBJ-0001UP,DFL-OBJ-0027FG,4.951767361255978,15.970127297464547,2.07,17.19,4.936343924866291,6.920440737409721,1,23.34,76.05,23.55,10.66,False,0
J03WN1,2,0:29:47.840000,DFL-OBJ-0002LI,DFL-OBJ-000172,0.7433034373659237,4.831011403173431,13.5,10.65,0.4527206362625108,5.0248184046789195,2,20.96,70.59,18.09,13.04,False,0
J03WN1,2,0:30:18.080000,DFL-OBJ-0028NB,DFL-OBJ-0001UP,0.989545350148239,145.62757124453714,25.04,25.45,-0.8166820334529445,7.329556603233239,0,11.620000000000001,15.630000000000003,36.87,22.38,False,0
J03WN1,2,0:30:18.440000,DFL-OBJ-0028NB,DFL-OBJ-0001UP,1.0650821564555508,128.04392881537643,25.15,20.85,-0.27916810382827173,8.215947906358705,0,10.559999999999999,13.350000000000001,39.15,23.44,False,0
J03WN1,2,0:31:12.640000,DFL-OBJ-002G8H,DFL-OBJ-000172,2.7014810752622322,66.24770897758856,13.36,14.66,1.9793523328551166,14.541664278891874,0,3.3200000000000003,81.84,29.34,30.68,False,0
J03WN1,2,0:31:14.400000,DFL-OBJ-002GAR,DFL-OBJ-J014F7,0.39115214431216094,179.01042489223934,18.83,16.37,0.8879304549241263,8.711170989023232,0,6.940000000000001,95.1,42.6,27.06,False,0
J03WN1,2,0:31:14.680000,DFL-OBJ-J014F7,DFL-OBJ-002GAR,0.5854912467321769,37.40130266084908,16.9,12.26,-0.25723526562908533,7.818394975952544,1,5.370000000000001,9.380000000000003,43.12,28.63,False,0
J03WN1,2,0:31:16.360000,DFL-OBJ-002GAR,DFL-OBJ-J014F7,0.9677293009927946,170.91539480550236,5.27,4.34,0.7678581041401891,7.252372025758196,0,1.9399999999999977,96.86,44.36,32.06,False,0
J03WN1,2,0:31:19.240000,DFL-OBJ-0028NB,DFL-OBJ-002GOI,0.707742891168819,110.08157052791553,19.11,16.82,0.5167420700088204,12.976047163909355,2,14.71,32.72,19.78,19.29,False,0
J03WN1,2,0:31:19.680000,DFL-OBJ-000199,DFL-OBJ-002GOI,1.5615697230671437,11.234802359868773,6.66,10.66,7.026909375084802,10.838200957723567,3,17.45,30.51,21.99,16.55,False,0
J03WN1,2,0:31:19.920000,DFL-OBJ-0028NB,DFL-OBJ-002GOI,1.2182774724995966,79.23259753850459,13.25,7.23,-1.1402737800198677,10.599216952209254,3,16.27,30.36,22.14,17.73,False,0
J03WN1,2,0:31:24.240000,DFL-OBJ-002G8H,DFL-OBJ-0028NB,3.7841379467455987,103.63980233088427,11.99,16.39,-1.300917803644418,7.969899622956367,1,27.7,95.71000000000001,43.21,6.3,False,0
J03WN1,2,0:31:26.800000,DFL-OBJ-000199,DFL-OBJ-0002LI,4.765259699113993,29.37663463651436,16.62,19.13,5.776854991897946,9.809719669796891,0,30.88,25.23,27.27,3.12,False,0
J03WN1,2,0:31:28.080000,DFL-OBJ-0027FG,DFL-OBJ-J01B8R,3.034023730955312,7.601555463286746,13.23,19.39,2.743602250957674,9.232881457053374,1,22.52,19.79,32.71,-11.48,False,0
J03WN1,2,0:31:32.840000,DFL-OBJ-0027FG,DFL-OBJ-0002LI,1.714701140140751,4.5211243544972035,29.4,20.21,-1.302628188076515,2.350531854708631,1,9.18,12.68,39.82,-24.82,False,0
J03WN1,2,0:32:21.360000,DFL-OBJ-0027FG,DFL-OBJ-002G8H,1.6949926253526946,63.43494882292206,20.86,27.49,5.5070681953295395,1.916689854932194,1,16.6,18.590000000000003,33.91,-17.4,False,0
J03WN1,2,0:32:23.400000,DFL-OBJ-000172,DFL-OBJ-002GBK,4.878206637689716,9.18161331436894,2.19,17.24,4.7545018423438545,7.549370834711989,1,3.379999999999999,14.780000000000001,37.72,-30.62,False,0
J03WN1,2,0:32:24.400000,DFL-OBJ-002GBK,DFL-OBJ-000172,1.8901058171435805,64.04123073844217,5.3,0.34,1.947862535205721,5.458250635505847,0,5.289999999999999,90.5,38.0,-28.71,False,0
J03WN1,2,0:32:25.640000,DFL-OBJ-002G8H,DFL-OBJ-0027FG,1.1132385189167666,28.676155761062002,24.72,21.78,0.12937687855022528,7.994560650842545,1,11.530000000000001,94.97,42.47,-22.47,False,0
J03WN1,2,0:32:27.480000,DFL-OBJ-0027FG,DFL-OBJ-002G8H,0.83240615086627,14.126710413030112,18.22,6.57,-0.8307654021606705,5.806289693082838,3,15.850000000000001,2.3500000000000014,50.15,-18.15,False,0
J03WN1,2,0:33:02.800000,DFL-OBJ-002G4G,DFL-OBJ-J01G0J,2.5192459189209786,30.900966153395107,12.97,23.45,2.1943082962557146,3.226716597409819,1,25.72,58.480000000000004,-5.98,-8.28,False,0
J03WN1,2,0:33:03.160000,DFL-OBJ-000172,DFL-OBJ-J01G0J,3.3752185114448525,69.48073814109357,17.23,24.66,-0.02280712574190602,5.430405141423613,2,21.259999999999998,56.15,-3.65,-12.74,False,0
J03WN1,2,0:33:05.120000,DFL-OBJ-0027FG,DFL-OBJ-J01B8R,4.4546829292330115,35.296528099731674,13.53,19.83,2.172781773047341,9.288406752506047,1,9.510000000000002,43.46,9.04,-24.49,False,0
J03WN1,2,0:33:08.080000,DFL-OBJ-J01B8R,DFL-OBJ-0027FG,3.5968041370082977,2.5888623617508237,26.94,15.9,-2.888630131522907,15.13359507850002,0,3.5100000000000016,77.92,25.42,-30.49,False,0
J03WN1,2,0:33:11.960000,DFL-OBJ-0026NY,DFL-OBJ-0000YV,4.920619879649315,45.797897235260876,17.69,27.82,5.164202503401523,19.361745789055284,0,13.309999999999999,95.82,43.32,-20.69,False,0
J03WN1,2,0:33:43.920000,DFL-OBJ-0001UP,DFL-OBJ-0028NB,1.7356554957709778,68.35126015436082,21.9,25.25,3.254032534816276,6.506957814524387,1,4.390000000000001,75.91,23.41,-29.61,False,0
J03WN1,2,0:33:47.200000,DFL-OBJ-0028NB,DFL-OBJ-0001UP,0.2968164415931186,54.94410868199649,6.29,5.92,1.4494195960983136,2.40160363090998,3,1.6400000000000006,26.04,26.46,-32.36,False,0
J03WN1,2,0:33:48.360000,DFL-OBJ-002GAR,DFL-OBJ-000172,4.194901667500683,8.450134594043133,3.78,21.39,4.958639298445322,9.913727855857253,0,12.11,86.2,33.7,-21.89,False,0
J03WN1,2,0:33:56.320000,DFL-OBJ-0027FG,DFL-OBJ-J01B8R,1.0568822072492257,88.94492932660863,9.69,18.68,1.5907751102285517,8.09158204555821,2,9.91,27.58,24.92,-24.09,False,0
J03WN1,2,0:33:57.120000,DFL-OBJ-0027FG,DFL-OBJ-J01B8R,1.972536438193221,164.3608396383611,9.47,3.39,-2.177139759342211,8.300289151589839,2,8.940000000000001,26.42,26.08,-25.06,False,0
J03WN1,2,0:34:08.280000,DFL-OBJ-0026NY,DFL-OBJ-0000YV,3.22628269065189,67.97222841302563,3.79,1.09,-0.5470632319559687,11.568357705396217,0,30.81,102.64,50.14,-3.19,False,0
J03WN1,2,0:34:13.920000,DFL-OBJ-002GBK,DFL-OBJ-000199,4.862725573173957,48.38339855593081,5.96,17.59,4.374538855025325,14.318044559226657,1,12.2,73.61,21.11,21.8,False,0
J03WN1,2,0:34:21.280000,DFL-OBJ-0028NB,DFL-OBJ-002GAR,4.768773427203267,78.59564600190548,19.64,23.12,1.2121823139231336,18.754674084078346,0,12.75,9.420000000000002,43.08,21.25,False,0
J03WN1,2,0:34:22.160000,DFL-OBJ-0000YV,DFL-OBJ-0001UP,1.1264546151532204,91.25512428548998,17.66,17.82,0.2761926813301957,5.528779250431324,1,29.87,7.619999999999997,44.88,4.13,False,0
J03WN1,2,0:34:28.040000,DFL-OBJ-002GAR,DFL-OBJ-000172,4.94025302995707,96.58890295242283,17.37,2.04,4.949656440034218,11.141476562825952,1,19.25,78.32,25.82,14.75,False,0
J03WN1,2,0:35:32.160000,DFL-OBJ-J01G0J,DFL-OBJ-0028D6,2.9589356194415566,7.228088231007517,13.85,18.87,0.2742399935490403,3.1541718405946098,4,6.239999999999998,29.33,-23.17,27.76,False,0
J03WN1,2,0:35:35.480000,DFL-OBJ-0001UP,DFL-OBJ-J01AQV,4.889795496746261,22.67662434517737,12.02,25.77,4.378692429223214,14.400027777750987,0,17.82,51.31,-1.19,16.18,False,0
J03WN1,2,0:35:40.040000,DFL-OBJ-002GAR,DFL-OBJ-000199,4.93633467260882,14.095860612487515,3.69,7.61,4.6509444199399175,11.061500802332388,2,5.829999999999998,45.07,-7.43,28.17,False,0
J03WN1,2,0:35:40.520000,DFL-OBJ-002G8H,DFL-OBJ-000172,3.70049996622078,68.83819287483767,9.43,16.01,1.3534954845036318,5.0835519078691425,1,15.780000000000001,44.97,-7.53,18.22,False,0
J03WN1,2,0:35:59.760000,DFL-OBJ-002GOI,DFL-OBJ-0028NB,4.9244289008980555,12.015191639365977,4.3,8.66,1.776976761014295,5.252447048757368,3,-0.17999999999999972,15.840000000000003,-36.66,34.18,False,0
J03WN1,2,0:36:01.960000,DFL-OBJ-000199,DFL-OBJ-002GOI,1.166190378969057,119.74488129694222,8.02,4.38,1.057086198095038,6.029038065894097,2,1.3999999999999986,88.44,-35.94,32.6,False,0
J03WN1,2,0:36:03.080000,DFL-OBJ-002G8H,DFL-OBJ-000199,3.3215056826686338,19.634569091937177,3.92,17.12,3.2082132516107187,4.890817927504561,1,1.2999999999999972,23.8,-28.7,32.7,False,0
J03WN1,2,0:36:04.640000,DFL-OBJ-J01AQV,DFL-OBJ-002GBK,3.902665755608593,4.763641690726144,13.42,16.11,3.3641444656185358,8.918620969634265,6,10.260000000000002,76.05,-23.55,23.74,False,0
J03WN1,2,0:36:09.320000,DFL-OBJ-002GAR,DFL-OBJ-J01AQV,0.7406078584514159,93.9593283024019,27.47,28.31,0.16357960701013918,13.126496105206447,1,1.2999999999999972,54.74,2.24,32.7,False,0
J03WN1,2,0:36:11.360000,DFL-OBJ-002GAR,DFL-OBJ-J01AQV,1.1896638180595391,48.48830348968733,29.39,28.66,-0.29402428736801156,15.578247654983533,0,3.539999999999999,70.88,18.38,30.46,False,0
J03WN1,2,0:36:28,DFL-OBJ-J01B8R,DFL-OBJ-00002Z,4.795101667326772,4.768617476868779,6.87,19.96,7.800026151870576,10.429813037633993,0,23.189999999999998,61.019999999999996,8.52,-10.81,False,0
J03WN1,2,0:36:35.280000,DFL-OBJ-J01AQV,DFL-OBJ-0001UP,2.5583783926542223,107.97088005358171,6.65,8.93,-1.9696043771047882,3.7010944327320265,4,24.36,53.69,-1.19,9.64,False,0
J03WN1,2,0:36:38.120000,DFL-OBJ-002GAR,DFL-OBJ-J01AQV,4.923748571972376,59.215853473673526,3.79,17.24,2.149730374814749,6.8165240408877015,1,12.739999999999998,55.51,3.01,21.26,False,0
J03WN1,2,0:36:43.040000,DFL-OBJ-002GBK,DFL-OBJ-0028NB,4.901030503883851,56.69403654263633,22.15,26.38,3.0158552248928427,10.265987531650332,0,2.0199999999999996,20.94,-31.56,31.98,False,0
J03WN1,2,0:36:46.720000,DFL-OBJ-002G02,DFL-OBJ-J016C3,2.250355527466716,49.414704016536426,21.71,20.79,3.5133124593443275,8.123853765301293,1,22.89,7.210000000000001,-45.29,-11.11,False,0
J03WN1,2,0:36:47.600000,DFL-OBJ-J016C3,DFL-OBJ-002G02,0.39115214431215956,100.37945637794164,13.03,14.13,0.7501966050981475,12.693376225417728,1,22.4,102.06,-49.56,-11.6,False,0
J03WN1,2,0:36:50.920000,DFL-OBJ-J01G0J,DFL-OBJ-00002Z,4.65017203982821,43.49828546295043,23.07,26.03,1.7024073094017167,14.281351476663547,0,11.760000000000002,18.520000000000003,-33.98,-22.24,False,0
J03WN1,2,0:36:52.360000,DFL-OBJ-J01G0J,DFL-OBJ-00002Z,3.833379709864391,4.788466550313606,27.48,27.63,0.2184000406468234,14.81347022138972,1,9.25,28.06,-24.44,-24.75,False,0
J03WN1,2,0:36:58.880000,DFL-OBJ-002G4G,DFL-OBJ-J01G0J,4.973147896453513,32.10802618781938,16.21,21.59,4.119358205580827,6.975851202541523,2,23.439999999999998,79.62,-27.12,-10.56,False,0
J03WN1,2,0:37:00.240000,DFL-OBJ-00002Z,DFL-OBJ-J01B8R,4.073978399550003,23.640432898980553,6.08,8.26,2.909566210443826,6.010831889181399,1,11.32,66.18,-13.68,-22.68,False,0
J03WN1,2,0:37:01,DFL-OBJ-J01B8R,DFL-OBJ-00002Z,3.5278463685370425,31.413053711408512,7.46,5.37,-0.08716924243296509,3.8150491477830273,1,13.95,42.43,-10.07,-20.05,False,0
J03WN1,2,0:37:01.440000,DFL-OBJ-002G02,DFL-OBJ-00002Z,1.970406049523802,155.68416592396176,16.76,9.79,1.7840519399388166,4.1396859784288,2,11.2,38.71,-13.79,-22.8,False,0
J03WN1,2,0:37:01.640000,DFL-OBJ-00002Z,DFL-OBJ-002G02,2.5527436220662674,104.50909008261462,9.39,16.09,-1.3491535203663163,3.8354791095767955,2,13.620000000000001,65.72,-13.22,-20.38,False,0
J03WN1,2,0:37:04.800000,DFL-OBJ-J016C3,DFL-OBJ-002G02,4.980803148087665,74.0935866196941,9.9,11.07,3.044967641150791,9.826382854336584,0,4.82,60.68,-8.18,-29.18,False,0
J03WN1,2,0:37:06,DFL-OBJ-002G02,DFL-OBJ-J016C3,1.3803260484392808,2.925072258073984,7.19,7.3,3.5458358634800624,5.779143535161591,2,4.050000000000001,48.7,-3.8,-29.95,False,0
J03WN1,2,0:37:33.360000,DFL-OBJ-002G8H,DFL-OBJ-J01AQV,4.983021171939771,106.35699618108254,8.29,7.34,0.6016631645415327,16.627522365042847,1,20.65,76.85,24.35,-13.35,False,0
J03WN1,2,0:37:36.960000,DFL-OBJ-002GAR,DFL-OBJ-000172,4.971217154782119,28.654221017572805,7.04,13.37,3.3422614855037214,17.1236941107928,0,24.54,77.67,25.17,9.46,False,0
J03WN1,2,0:37:39,DFL-OBJ-0028D6,DFL-OBJ-002GOI,1.5697452022541736,20.932440967172827,28.11,14.38,5.6256697168216006,12.186394052384816,0,6.039999999999999,50.46,2.04,27.96,False,0
J03WN1,2,0:37:42.440000,DFL-OBJ-0028D6,DFL-OBJ-002GOI,4.9777504959569825,28.019527088233495,25.17,28.32,1.0111523636221587,8.873601298232867,0,8.219999999999999,24.75,27.75,25.78,False,0
J03WN1,2,0:38:38.080000,DFL-OBJ-002G8H,DFL-OBJ-J01AQV,4.883318543777376,70.41281447351527,6.65,12.84,2.3832251513517932,6.353967264630817,2,12.59,75.34,22.84,-21.41,False,0
J03WN1,2,0:38:38.720000,DFL-OBJ-002G8H,DFL-OBJ-J01AQV,2.681641288464958,37.74956857387674,8.83,19.61,3.598930312705194,3.5932297449509134,2,13.719999999999999,75.16,22.66,-20.28,False,0
J03WN1,2,0:38:40.600000,DFL-OBJ-J01G0J,DFL-OBJ-002G4G,3.9496455537174477,33.55579462654639,8.12,20.22,3.726092915604685,4.579192068476711,4,13.870000000000001,63.76,11.26,-20.13,False,0
J03WN1,2,0:39:36.520000,DFL-OBJ-0028NB,DFL-OBJ-002GOI,4.952019789944301,13.129935208434485,15.63,23.28,5.05764317640478,14.579224945105967,0,7.989999999999998,41.49,11.01,26.01,False,0
J03WN1,2,0:39:41.800000,DFL-OBJ-000172,DFL-OBJ-002G8H,4.990490957811665,51.20190880620308,5.0,12.02,2.97466254747742,12.717940084777881,0,5.879999999999999,40.43,12.07,28.12,False,0
J03WN1,2,0:39:47.080000,DFL-OBJ-002G8H,DFL-OBJ-000172,3.524953900407779,158.63266936559629,9.93,13.97,-0.9853482748044617,4.633713413667272,2,4.210000000000001,83.27,30.77,29.79,False,0
J03WN1,2,0:39:53.120000,DFL-OBJ-002GAR,DFL-OBJ-000172,4.798510185463817,13.736599191755529,11.44,17.29,6.396997763256862,10.084765738479007,1,11.809999999999999,88.75999999999999,36.26,22.19,False,0
J03WN1,2,0:39:54.680000,DFL-OBJ-000199,DFL-OBJ-002GBK,2.682871595883784,69.19531990859517,18.03,14.39,4.163711038250529,10.496323165756666,2,19.3,40.26,12.24,14.7,False,0
J03WN1,2,0:39:56.800000,DFL-OBJ-0028D6,DFL-OBJ-002GBK,4.973982307970145,0.7993539255921805,6.01,19.82,6.676379217458432,12.144945450680295,1,13.16,51.36,1.14,20.84,False,0
J03WN1,2,0:40:13.080000,DFL-OBJ-0001UP,DFL-OBJ-J01AQV,2.282323377613261,26.373668314142925,16.21,24.24,3.499081560741484,10.333489246135596,0,17.62,77.82,25.32,16.38,False,0
J03WN1,2,0:40:15.840000,DFL-OBJ-J01AQV,DFL-OBJ-0001UP,1.1636150566231076,46.31436266652601,18.17,22.13,0.29886276213308804,5.404535132645546,2,29.78,36.79,15.71,4.22,False,0
J03WN1,2,0:40:16.200000,DFL-OBJ-00002Z,DFL-OBJ-0001UP,4.495119575717647,18.686664733436935,0.76,19.38,5.005911381934835,7.61137306929571,3,32.35,34.43,18.07,-1.65,False,0
J03WN1,2,0:41:36.480000,DFL-OBJ-002GBK,DFL-OBJ-J01AQV,4.932443613463818,0.9832588302560786,2.05,14.29,3.1403566370518132,9.06727081320504,3,33.31,53.8,1.3,-0.69,False,0
J03WN1,2,0:43:58.560000,DFL-OBJ-J01AQV,DFL-OBJ-0001UP,0.501597448159378,6.884831085976438,5.86,6.5,0.20652854649940822,2.0984756372185984,2,25.9,65.9,-13.4,8.1,False,0
J03WN1,2,0:43:58.880000,DFL-OBJ-002G8H,DFL-OBJ-J01AQV,1.686801707374046,98.00042353040959,7.79,3.71,1.2993917470808125,5.876087133458794,2,25.060000000000002,37.64,-14.86,8.94,False,0
J03WN1,2,0:44:00.680000,DFL-OBJ-002G02,DFL-OBJ-J01AQV,4.22294920641961,102.95363049455429,8.47,3.13,0.3300336999692566,4.677713116470485,4,21.85,36.489999999999995,-16.01,12.15,False,0
J03WN1,2,0:44:16.880000,DFL-OBJ-00002Z,DFL-OBJ-J01B8R,4.651849094714918,46.352918553486404,28.43,26.76,0.5484569558407681,9.166422420988464,1,8.61,60.35,-7.85,-25.39,False,0
J03WN1,2,0:44:17.560000,DFL-OBJ-00002Z,DFL-OBJ-J01B8R,3.515010668547111,41.20146391604474,25.22,20.58,1.849231528384625,9.40109036229309,0,3.5599999999999987,60.38,-7.88,-30.44,False,0
J03WN1,2,0:44:17.960000,DFL-OBJ-J01B8R,DFL-OBJ-00002Z,3.3708455912426496,125.81453271708574,13.95,21.56,0.360412693261154,17.642655695784576,0,3.5500000000000007,47.42,-5.08,-30.45,False,0
J03WN1,2,0:44:22.640000,DFL-OBJ-002G4G,DFL-OBJ-J01G0J,4.917814555267412,45.46491290888022,17.7,26.82,4.041791993692554,7.512316553500658,1,16.46,34.33,18.17,-17.54,False,0
J03WN1,2,0:44:57.200000,DFL-OBJ-J01AQV,DFL-OBJ-0001UP,2.2276669409945438,25.04287789024515,14.3,18.9,0.670073386577974,6.329494450586081,3,6.440000000000001,4.57,47.93,-27.56,False,0
J03WN1,2,0:45:06.840000,DFL-OBJ-00002Z,DFL-OBJ-J01G0J,1.6507574019219162,85.53994707189362,4.55,15.08,1.3132926133349132,4.8674120433758254,3,3.7600000000000016,17.380000000000003,35.12,-30.24,False,0
J03WN1,2,0:45:08.560000,DFL-OBJ-J016C3,DFL-OBJ-J01G0J,4.895406009719724,34.75562753429862,15.38,26.1,4.758911251463728,6.563360419784974,0,6.030000000000001,30.9,21.6,-27.97,False,0
J03WN1,2,0:45:20.640000,DFL-OBJ-0028NB,DFL-OBJ-002G8H,2.6584958153060905,175.95725815768677,9.34,7.15,-4.298634375551531,7.245419242528343,3,24.07,25.34,27.16,-9.93,False,0
J03WN1,2,0:45:21.080000,DFL-OBJ-0028NB,DFL-OBJ-002G02,4.2053418410398,16.0024468016574,15.64,11.16,7.022626265318894,4.384153281991859,3,23.58,26.79,25.71,-10.42,False,0
J03WN1,2,0:45:21.480000,DFL-OBJ-002G02,DFL-OBJ-0028NB,1.6676930173146378,24.532366887695062,8.63,13.44,6.344122059312906,5.971473854920577,2,22.57,75.08,22.58,-11.43,False,0
J03WN1,2,0:45:25.840000,DFL-OBJ-J016C3,DFL-OBJ-002GBK,4.806349966450636,5.315381762921461,12.18,19.31,1.2077781343734872,7.48577985249366,1,10.5,38.38,14.12,-23.5,False,0
J03WN1,2,0:45:28,DFL-OBJ-002GBK,DFL-OBJ-J016C3,1.0837435120913086,120.0529201543422,13.82,9.77,0.3915483451142443,6.138248935975144,2,5.100000000000001,68.33,15.83,-28.9,False,0
J03WN1,2,0:45:34.880000,DFL-OBJ-002G8H,DFL-OBJ-00002Z,3.3235673605329557,50.57214576131694,3.91,6.84,0.6611707844003811,6.549389284505844,1,4.460000000000001,59.269999999999996,6.77,-29.54,False,0
J03WN1,2,0:45:35.880000,DFL-OBJ-002GBK,DFL-OBJ-00002Z,2.928651566847784,13.08328046748792,1.15,5.88,1.8420221019885896,9.750866628151572,1,0.13000000000000256,56.11,3.61,-33.87,False,0
J03WN1,2,0:45:37.840000,DFL-OBJ-J016C3,DFL-OBJ-002GBK,0.9709788875150688,70.77686503344556,8.99,10.5,2.395479797039963,7.412705309129726,3,1.3699999999999974,56.06,-3.56,-32.63,False,0
J03WN1,2,0:47:16.920000,DFL-OBJ-002GM0,DFL-OBJ-J013O2,2.324844080793376,70.08048681211022,15.62,5.47,2.2440985837916636,6.413493587741395,0,29.36,85.96000000000001,-33.46,4.64,False,0
J03WN1,2,0:47:17.160000,DFL-OBJ-J013O2,DFL-OBJ-002GM0,1.5285614151874956,89.48807616898685,7.81,15.04,3.1911744473373775,3.4793677586596083,4,31.27,19.03,-33.47,2.73,False,0
J03WN1,2,0:48:06.960000,DFL-OBJ-002GAR,DFL-OBJ-J01AQV,2.179747691821233,51.47472246944576,23.86,25.84,2.4176902592266933,10.757048851799457,0,3.7699999999999996,88.82,36.32,30.23,False,0
J03WN1,2,0:48:07.640000,DFL-OBJ-002GAR,DFL-OBJ-J01AQV,0.9100549433962801,13.88244815101905,19.33,22.64,1.6746252926061915,12.341819152782953,0,1.3999999999999986,92.34,39.84,32.6,False,0
J03WOH,1,0:00:06.719000,DFL-OBJ-002G2Y,DFL-OBJ-0000NZ,0.9560334722173691,136.17452641700802,13.02,18.02,0.7544552363726958,5.967520423090318,2,6.829999999999998,29.58,22.92,27.17,False,1
J03WOH,1,0:00:10.830000,DFL-OBJ-0027XP,DFL-OBJ-00006V,2.359872877932199,75.87685173165146,5.0,9.47,-0.2831329873544308,4.856439024635231,1,3.8200000000000003,8.57,43.93,30.18,False,1
J03WOH,1,0:01:53.810000,DFL-OBJ-00268T,DFL-OBJ-00028V,5.035722391077571,113.7824265916875,8.09,9.12,-0.10849570752316406,1.9944924166313611,4,30.93,3.8900000000000006,48.61,3.07,False,1
J03WOH,1,0:01:55.530000,DFL-OBJ-002GEE,DFL-OBJ-002FXT,2.9462518561725224,154.6280170875684,6.33,10.48,-0.40013432423161244,2.3580500418778234,2,29.8,8.229999999999997,44.27,4.2,False,1
J03WOH,1,0:01:59.530000,DFL-OBJ-002GEE,DFL-OBJ-00006V,7.941196383417297,169.43048870361523,2.53,3.25,-1.9217159062777167,4.564000438212072,1,26.04,9.189999999999998,43.31,7.96,False,1
J03WOH,1,0:04:01.866000,DFL-OBJ-002FXT,DFL-OBJ-00268T,19.675939621781726,94.66612899745988,7.48,13.09,-0.0032591645259927304,5.664212213538613,2,26.85,41.93,-10.57,-7.15,True,1
J03WOH,1,0:03:47.570000,DFL-OBJ-00268T,DFL-OBJ-00003X,2.57769276679747,162.07894549346918,7.84,19.73,-3.3691302926566835,18.0313421574768,0,3.6099999999999994,62.21,-9.71,-30.39,False,1
J03WOH,1,0:04:40.481000,DFL-OBJ-J0130T,DFL-OBJ-0027B0,0.9774456506629912,9.657972914244974,0.79,4.29,1.113157583756336,7.969667496200828,3,21.89,49.79,-2.71,-12.11,False,1
J03WOH,1,0:05:20.675000,DFL-OBJ-J0130T,DFL-OBJ-0027VS,6.970007173597456,176.7987716023521,7.51,20.2,-4.557762981984648,8.967363046068781,1,26.89,75.82,23.32,-7.11,False,1
J03WOH,1,0:05:54.635000,DFL-OBJ-002GM1,DFL-OBJ-0028SW,0.8062257748298568,97.98778408289476,10.93,17.73,-0.4153691364941159,4.57298589545168,2,1.0700000000000003,52.93,0.43,-32.93,False,1
J03WOH,1,0:06:45.027000,DFL-OBJ-J01CP5,DFL-OBJ-002GAB,0.4204759208325728,18.058550020062267,10.06,9.79,0.9489664418155299,9.86211437775896,1,10.84,52.11,-0.39,-23.16,False,1
J03WOH,1,0:08:35.149000,DFL-OBJ-J01CP5,DFL-OBJ-0027B0,1.6493938280471447,149.07274668807287,1.91,3.86,-0.29187263778441885,7.401520114138718,2,0.29999999999999716,66.86,14.36,-33.7,False,1
J03WOH,1,0:09:02.502000,DFL-OBJ-002FXT,DFL-OBJ-0027VS,0.7930952023559343,130.8656796753805,19.09,16.5,0.38488210721952965,6.4201246093825945,2,13.84,48.480000000000004,-4.02,20.16,False,1
J03WOH,1,0:09:27.838000,DFL-OBJ-J0130T,DFL-OBJ-002G2Y,3.8104724116571154,142.0123034854203,3.71,13.19,-2.71029884119382,3.8104724116571154,1,19.23,56.02,3.52,14.77,False,1
J03WOH,1,0:09:05.130000,DFL-OBJ-0027VS,DFL-OBJ-0000NZ,1.7947144619688111,167.09998465049384,9.66,3.69,1.954972145418028,2.764000723588907,2,5.530000000000001,55.3,-2.8,28.47,False,1
J03WOH,1,0:09:07.330000,DFL-OBJ-0027XP,DFL-OBJ-J0130T,2.7275263518433706,111.16213596606764,8.75,10.7,-3.3879814330050904,4.718389555770062,2,11.7,45.68,6.82,22.3,False,1
J03WOH,1,0:09:09.690000,DFL-OBJ-002651,DFL-OBJ-00028V,0.5600892785976184,40.96418230714888,12.89,12.5,-0.31855781385485005,4.792702786528704,3,24.85,60.45,-7.95,9.15,False,1
J03WOH,1,0:11:37.912000,DFL-OBJ-J01CP5,DFL-OBJ-002G2Y,1.204159457879229,3.9180089350066196,13.84,23.84,3.59887514294305,5.620533782480089,1,4.02,99.47999999999999,46.98,-29.98,False,1
J03WOH,1,0:10:43.610000,DFL-OBJ-0027VS,DFL-OBJ-00028V,2.2452171387195503,147.99461679191654,11.27,17.29,-2.947873996613209,7.148286507968186,1,24.9,83.36,-30.86,9.1,False,1
J03WOH,1,0:12:31.521000,DFL-OBJ-0000NZ,DFL-OBJ-0027XP,0.40459856648287434,130.71672930898856,13.51,10.35,0.24399153674179067,4.486880876510985,1,0.6300000000000026,67.68,15.18,33.37,False,1
J03WOH,1,0:13:26.314000,DFL-OBJ-J0130T,DFL-OBJ-0027XP,0.7993122043357032,140.72612666285238,12.01,5.99,-0.11065634273798947,4.893107397145499,2,14.190000000000001,64.72,12.22,19.81,False,1
J03WOH,1,0:13:57.693000,DFL-OBJ-J01CP5,DFL-OBJ-0027B0,5.0353152830781145,88.4760148654017,7.52,4.75,-2.0514480741448105,6.84027046248904,0,-1.5200000000000031,17.990000000000002,-34.51,-35.52,False,1
J03WOH,1,0:15:09.507000,DFL-OBJ-002GM1,DFL-OBJ-0028SW,1.9052034012146826,72.36019175654125,8.53,3.86,-0.4629358292322244,1.9052034012146826,1,0.740000000000002,10.380000000000003,-42.12,-33.26,False,1
J03WOH,1,0:14:39.890000,DFL-OBJ-002FXT,DFL-OBJ-00268T,1.2090492132250032,94.97400389040887,8.41,7.35,-1.6826137047367689,3.1849646779831056,1,32.1,23.6,-28.9,1.9,False,1
J03WOH,1,0:15:24.875000,DFL-OBJ-0000NZ,DFL-OBJ-0027XP,2.2022942582679548,154.68155582424407,17.13,14.14,0.07464292571753961,6.49555232447557,3,13.780000000000001,2.3900000000000006,-50.11,20.22,False,1
J03WOH,1,0:15:32.988000,DFL-OBJ-0000F8,DFL-OBJ-0027XP,1.4217243052012591,90.4340506321397,1.09,2.0,-0.3487491897370859,2.2994129685639333,2,1.9600000000000009,14.329999999999998,-38.17,32.04,False,1
J03WOH,1,0:15:10.770000,DFL-OBJ-002GM1,DFL-OBJ-0027B0,1.261942946412399,176.5053610727461,1.36,2.33,-0.9074978042340737,4.233674526932842,1,0.509999999999998,11.689999999999998,-40.81,-33.49,False,1
J03WOH,1,0:17:00.645000,DFL-OBJ-002651,DFL-OBJ-00028V,5.106564402805471,117.51950764071208,11.44,11.82,-3.614737662755809,5.027772866787043,3,19.59,58.28,-5.78,-14.41,False,1
J03WOH,1,0:19:06.503000,DFL-OBJ-00003X,DFL-OBJ-002G2Y,3.5314161465338514,178.46231429667378,10.17,13.88,-3.3827851386366325,4.715103392291624,2,25.08,21.16,-31.34,-8.92,False,1
J03WOH,1,0:19:38.183000,DFL-OBJ-J01CP5,DFL-OBJ-002G2Y,2.6053790511171306,73.36090444473643,6.34,10.09,0.042322731211519304,4.931014094484014,3,7.739999999999998,23.85,-28.65,-26.26,False,1
J03WOH,1,0:19:45.455000,DFL-OBJ-0000F8,DFL-OBJ-002GEE,10.232619410493093,171.37931573470638,3.96,20.03,-4.892753249561834,3.498471094635485,2,31.52,21.52,-30.98,-2.48,True,1
J03WOH,1,0:20:06.175000,DFL-OBJ-002651,DFL-OBJ-0000F8,9.175756099635603,128.86712568308926,4.49,4.01,-0.7663632793674369,2.776508598942204,2,15.149999999999999,55.83,-3.33,18.85,False,1
J03WOH,1,0:19:36.490000,DFL-OBJ-J014UG,DFL-OBJ-002GAB,4.642111588490739,61.289923685360066,6.39,10.91,-1.3357548829353205,14.932950143893203,0,1.7299999999999969,30.81,-21.69,-32.27,False,1
J03WOH,1,0:19:42.610000,DFL-OBJ-0000F8,DFL-OBJ-002651,0.7660939890117898,38.93842793927181,17.32,15.3,-0.19604184783406087,1.280039061903972,2,27.98,19.619999999999997,-32.88,-6.02,False,1
J03WOH,1,0:19:48.130000,DFL-OBJ-002GEE,DFL-OBJ-00028V,0.7523961722390671,134.4402544355103,10.6,12.91,-0.5475268952882064,4.535460285351425,1,19.32,81.03999999999999,-28.54,14.68,False,1
J03WOH,1,0:21:02.528000,DFL-OBJ-002FXT,DFL-OBJ-002GEE,7.602210204933828,167.61924307119264,5.02,4.7,0.0001644251552135323,7.678502458162008,0,3.8500000000000014,4.149999999999999,-48.35,30.15,False,1
J03WOH,1,0:21:43.185000,DFL-OBJ-002G2Y,DFL-OBJ-00028V,5.743256915722995,157.32865637801925,6.09,11.74,-1.0972505395042353,8.371529131526687,2,14.399999999999999,42.45,10.05,-19.6,False,1
J03WOH,1,0:21:47.441000,DFL-OBJ-00003X,DFL-OBJ-00268T,14.622024483634267,153.49619753444568,16.8,21.41,-2.0906955541080574,7.666192014292363,1,9.18,35.68,-16.82,-24.82,True,1
J03WOH,1,0:21:48.010000,DFL-OBJ-00003X,DFL-OBJ-0028SW,10.034963876367467,174.87413773908017,16.52,17.01,-0.4541369688461927,7.146747511980538,1,9.620000000000001,33.11,-19.39,-24.38,True,1
J03WOH,1,0:23:04.330000,DFL-OBJ-0027B0,DFL-OBJ-002GM1,2.343352299591339,53.484711387808254,11.18,10.03,-1.8195071436274701,2.343352299591339,2,1.1599999999999966,52.51,-0.01,-32.84,False,1
J03WOH,1,0:24:09.796000,DFL-OBJ-0026UQ,DFL-OBJ-0000F8,0.6506919393998962,59.94987926811664,9.17,8.68,0.026297676981904827,3.2435320254315347,0,1.259999999999998,31.34,21.16,32.74,False,1
J03WOH,1,0:24:13.101000,DFL-OBJ-002651,DFL-OBJ-00028V,2.0717142660125694,125.44864781949582,10.04,5.77,-1.3536321260919708,5.578180707004744,2,3.16,13.100000000000001,39.4,30.84,False,1
J03WOH,1,0:24:51.204000,DFL-OBJ-002G2Y,DFL-OBJ-00006V,2.5044959572736385,160.22636584502277,7.45,8.63,-2.2696080213802796,3.3701335285118907,2,4.129999999999999,49.82,2.68,29.87,False,1
J03WOH,1,0:24:57.708000,DFL-OBJ-002G2Y,DFL-OBJ-0000F8,1.1364858116140302,21.13212426731061,11.04,8.99,4.331302462928066,1.7486280336309379,0,0.00999999999999801,38.1,14.4,33.99,False,1
J03WOH,1,0:26:50.831000,DFL-OBJ-002FXT,DFL-OBJ-002GEE,1.8000555546982446,136.2262317368438,1.49,3.41,-0.95383799708608,3.225957222283021,3,27.43,9.64,-42.86,-6.57,False,1
J03WOH,1,0:26:59.317000,DFL-OBJ-00003X,DFL-OBJ-0027B0,8.127053586632734,169.0332564157149,0.64,3.94,-1.4262834325411267,6.303078612868477,0,21.85,20.61,-31.89,-12.15,False,1
J03WOH,1,0:27:12.233000,DFL-OBJ-002GAB,DFL-OBJ-00006V,0.4741307836451882,65.77061282803253,3.64,9.94,2.315030165524458,5.683915903670637,3,24.119999999999997,67.56,-15.06,9.88,False,1
J03WOH,1,0:26:51.889000,DFL-OBJ-0028SW,DFL-OBJ-J0130T,2.9272000273298735,121.52315284279477,6.34,1.84,-1.5039545748666239,2.9272000273298735,4,22.27,94.53999999999999,-42.04,-11.73,False,1
J03WOH,1,0:27:00.390000,DFL-OBJ-00028V,DFL-OBJ-002GAB,0.5385164807134497,114.98123960621598,3.3,3.11,-0.5262302284407895,8.770843745045287,2,26.71,37.42,-15.08,-7.29,False,1
J03WOH,1,0:27:55.610000,DFL-OBJ-0028SW,DFL-OBJ-002GM1,2.8666705426330363,101.24424380171091,7.14,8.03,-1.59391896010461,12.886861526376391,0,4.149999999999999,81.5,-29.0,-29.85,False,1
J03WOH,1,0:30:08.648000,DFL-OBJ-002G2Y,DFL-OBJ-0000NZ,1.1651609330903585,15.761327818239886,20.18,14.55,-1.3732189237096126,13.793929824382896,2,5.120000000000001,32.29,20.21,28.88,False,1
J03WOH,1,0:31:27.890000,DFL-OBJ-00003X,DFL-OBJ-002GEE,1.7310401497365677,142.17126301634275,13.13,10.73,-0.5751844858770366,2.9820965779129254,0,17.85,11.060000000000002,-41.44,16.15,False,1
J03WOH,1,0:32:52.763000,DFL-OBJ-0026UQ,DFL-OBJ-0000F8,1.2116517651536685,113.55600519373783,4.87,6.78,-1.7205041800539234,12.710959837872197,0,11.010000000000002,51.32,1.18,22.99,False,1
J03WOH,1,0:32:59.202000,DFL-OBJ-002G2Y,DFL-OBJ-J01CP5,1.069298835686263,56.08497533836062,25.45,18.69,-1.2837777660566352,14.584844874046487,0,17.56,8.560000000000002,43.94,-16.44,False,1
J03WOH,1,0:35:19.245000,DFL-OBJ-002651,DFL-OBJ-00028V,0.43011626335213116,3.556181094254818,9.15,10.27,0.5771696285857475,4.222759761104106,2,2.1400000000000006,47.18,5.32,31.86,False,1
J03WOH,1,0:35:18.250000,DFL-OBJ-0026UQ,DFL-OBJ-00003X,0.9313431161500038,61.123092462372874,15.39,6.95,-0.4580302789482085,5.572477007579307,0,-1.2000000000000028,55.26,-2.76,35.2,False,1
J03WOH,1,0:35:57.094000,DFL-OBJ-002FXT,DFL-OBJ-00268T,1.7267889274604467,41.075796842988964,4.68,2.5,-0.0459946788126675,8.621490590379372,1,0.030000000000001137,60.45,7.95,-33.97,False,1
J03WOH,1,0:36:12.246000,DFL-OBJ-0027B0,DFL-OBJ-J01CP5,3.6221816630312755,89.41752663857991,17.22,6.62,-2.3042968493827973,3.93377681115744,3,25.83,28.55,23.95,-8.17,False,1
J03WOH,1,0:36:14.615000,DFL-OBJ-002GAB,DFL-OBJ-J01CP5,3.479425239892363,92.54137707136361,15.18,18.06,-0.1101261057255376,5.0046578304615394,1,15.739999999999998,20.310000000000002,32.19,-18.26,False,1
J03WOH,1,0:37:01.286000,DFL-OBJ-0027B0,DFL-OBJ-J014UG,3.795694929785585,141.57379337678074,0.43,17.47,-2.7960971795095766,3.7842832874931562,2,21.77,23.76,28.74,-12.23,False,1
J03WOH,1,0:36:55.930000,DFL-OBJ-002G2Y,DFL-OBJ-J0130T,2.1132202914036204,93.41645301627318,14.64,17.96,-1.4060351236913438,3.8200785332241547,2,13.41,34.61,17.89,-20.59,False,1
J03WOH,1,0:37:26.911000,DFL-OBJ-002G2Y,DFL-OBJ-002GM1,2.0208908926510603,151.05068664827326,4.09,5.11,-2.741788961515242,11.807815208581136,0,3.1400000000000006,33.2,19.3,-30.86,False,1
J03WOH,1,0:39:29.536000,DFL-OBJ-0000NZ,DFL-OBJ-0027XP,1.0761505470890225,69.92087916334702,23.35,11.3,-0.4164755343527213,13.200246209825028,0,7.199999999999999,32.43,-20.07,26.8,False,1
J03WOH,1,0:39:44.921000,DFL-OBJ-0028SW,DFL-OBJ-00003X,1.7191858538273284,92.5654123612654,10.62,14.65,0.846996492592893,15.666965245381762,0,5.899999999999999,45.8,6.7,-28.1,False,1
J03WOH,1,0:39:50.650000,DFL-OBJ-0027B0,DFL-OBJ-J0130T,2.182338195605805,165.98394349931604,6.13,9.49,-3.748142353220708,8.241868720138656,2,21.939999999999998,47.26,5.24,-12.06,False,1
J03WOH,1,0:40:49.810000,DFL-OBJ-J01CP5,DFL-OBJ-0027B0,2.7587859648765796,139.18978821520113,10.13,8.49,-1.7963522038984514,18.419229082673354,0,3.9200000000000017,70.2,17.7,-30.08,False,1
J03WOH,1,0:41:31.210000,DFL-OBJ-J0130T,DFL-OBJ-0027B0,0.5738466694161433,90.96852437242586,4.5,0.87,-0.46089956883283667,6.71201907029472,1,11.52,44.24,-8.26,-22.48,False,1
J03WOH,1,0:42:42.410000,DFL-OBJ-0000NZ,DFL-OBJ-002651,6.128050260890485,100.66978280449618,5.49,5.32,-1.153086441438378,15.211656714506805,0,2.7600000000000016,12.299999999999997,-40.2,31.24,False,1
J03WOH,1,0:45:44.030000,DFL-OBJ-00006V,DFL-OBJ-0027VS,0.6365532185135827,38.016376842443734,4.93,1.51,-0.4719523874220502,2.6245761562583803,5,32.11,10.700000000000003,-41.8,-1.89,False,1
J03WOH,1,0:44:41.370000,DFL-OBJ-00003X,DFL-OBJ-0028SW,0.8409518416651451,34.75880537881279,14.43,16.84,2.168524866789397,4.061785321752,1,14.25,40.55,-11.95,-19.75,False,1
J03WOH,1,0:44:55.370000,DFL-OBJ-00003X,DFL-OBJ-00268T,0.6637017402418013,88.92917554521283,6.43,3.32,-0.40028651940308607,3.6857563674231115,3,26.08,9.149999999999999,-43.35,-7.92,False,1
J03WOH,2,0:00:17.335000,DFL-OBJ-0027XP,DFL-OBJ-00028V,6.343579431204437,74.02632508641508,8.56,4.61,1.786394291992881,6.343579431204437,3,8.07,62.42,9.92,-25.93,False,1
J03WOH,2,0:00:54.158000,DFL-OBJ-0027VS,DFL-OBJ-J0130T,3.223972704599093,28.8742477962868,12.77,6.86,-1.8524765663311948,10.211072421641127,1,1.0499999999999972,61.9,9.4,32.95,False,1
J03WOH,2,0:01:17.342000,DFL-OBJ-002GAB,DFL-OBJ-00028V,14.670630524963812,18.694837827008826,11.59,11.65,-0.42417983990029384,10.646656752239174,2,21.72,31.78,-20.72,-12.28,True,1
J03WOH,2,0:01:16.330000,DFL-OBJ-002651,DFL-OBJ-0000F8,1.3709121051329298,64.58591703089711,19.84,22.59,5.558993992942424,8.589412086982438,0,30.93,44.75,-7.75,-3.07,False,1
J03WOH,2,0:02:07.743000,DFL-OBJ-00003X,DFL-OBJ-002GEE,2.3998541622356973,81.68571954764445,31.71,31.73,1.212030490720708,5.348439024612693,0,21.08,31.84,20.66,-12.92,False,1
J03WOH,2,0:02:16.703000,DFL-OBJ-0026UQ,DFL-OBJ-0000NZ,7.10000704225003,172.74209189140686,1.98,11.93,-3.9858203896593003,7.026841395677014,1,2.34,91.77000000000001,39.27,-31.66,False,1
J03WOH,2,0:02:00.410000,DFL-OBJ-00028V,DFL-OBJ-0027XP,9.057952307227062,38.502863755412946,13.41,4.64,3.6977178129379773,3.575024475440692,7,15.829999999999998,69.87,-17.37,18.17,False,1
J03WOH,2,0:04:50.674000,DFL-OBJ-002651,DFL-OBJ-00028V,3.8658116870846153,19.462808148634306,11.92,21.74,3.3547353544522838,6.087569301453577,2,31.8,58.59,6.09,2.2,False,1
J03WOH,2,0:05:48.010000,DFL-OBJ-0027VS,DFL-OBJ-J0130T,6.421370570213185,179.1068458413538,6.48,20.82,-4.466121950375681,6.421370570213185,2,23.83,37.35,-15.15,-10.17,False,1
J03WOH,2,0:06:09.506000,DFL-OBJ-0026UQ,DFL-OBJ-0000F8,5.297291760890654,10.72152003808078,17.4,22.1,2.39910098681706,12.3627707250438,0,3.75,59.24,6.74,-30.25,False,1
J03WOH,2,0:06:10.890000,DFL-OBJ-002GAB,DFL-OBJ-0000NZ,1.414001414426447,136.44590395058182,16.89,8.21,2.4374854760627453,9.920488899242818,2,7.239999999999998,44.84,-7.66,-26.76,False,1
J03WOH,2,0:06:36.930000,DFL-OBJ-002GAB,DFL-OBJ-00028V,1.6745148551147584,40.05341072382568,11.04,14.02,0.6402670160582657,7.566141685165562,2,29.14,18.049999999999997,-34.45,4.86,False,1
J03WOH,2,0:06:49.555000,DFL-OBJ-0028SW,DFL-OBJ-002GM1,7.362098885508127,41.31038551834094,2.81,8.66,1.0501183700474237,8.94356752084983,1,1.3200000000000003,36.35,-16.15,32.68,False,1
J03WOH,2,0:07:20.951000,DFL-OBJ-002FXT,DFL-OBJ-00268T,0.9608329719571425,141.92371653829545,15.88,0.87,3.5420848793271666,6.391306595681356,2,33.45,30.99,21.51,-0.55,False,1
J03WOH,2,0:07:32.235000,DFL-OBJ-0027XP,DFL-OBJ-J01CP5,3.5940228157316967,121.9840081747483,13.84,16.78,1.459109993038633,3.5940228157316967,1,18.43,24.11,-28.39,15.57,False,1
J03WOH,2,0:07:42.612000,DFL-OBJ-002651,DFL-OBJ-J0130T,2.210814329607984,4.482507496808156,8.53,14.97,2.200350538780856,6.921112627316507,2,25.68,47.33,-5.17,8.32,False,1
J03WOH,2,0:07:51.450000,DFL-OBJ-002G2Y,DFL-OBJ-00006V,0.48836461788299074,15.945395900922927,8.53,10.46,0.9015869829716368,3.4946387510013106,2,28.98,26.27,-26.23,-5.02,False,1
J03WOH,2,0:08:46.365000,DFL-OBJ-0027XP,DFL-OBJ-002GM1,2.3930942313247927,4.817714902500381,15.66,21.67,6.224895231964025,2.917807395973901,3,20.759999999999998,42.34,-10.16,13.24,False,1
J03WOH,2,0:08:59.117000,DFL-OBJ-0000F8,DFL-OBJ-002GAB,8.743391790375174,21.946829934281126,10.15,14.97,5.676816055434162,7.603453162872776,2,15.7,78.42,-25.92,-18.3,False,1
J03WOH,2,0:09:02.853000,DFL-OBJ-002651,DFL-OBJ-J0130T,4.312076066119428,21.86018642461028,11.78,5.57,4.503399890705944,4.312076066119428,1,21.93,33.59,-18.91,-12.07,False,1
J03WOH,2,0:09:08.533000,DFL-OBJ-002651,DFL-OBJ-00028V,1.482228052628882,168.92979742205964,2.95,0.12,-0.9764448138192833,2.442642012248214,2,20.27,31.51,-20.99,-13.73,False,1
J03WOH,2,0:08:47.410000,DFL-OBJ-0027XP,DFL-OBJ-J0130T,4.666861900678013,3.8370400465088044,7.95,15.19,5.6961146697013865,4.666861900678013,2,18.32,43.05,-9.45,15.68,False,1
J03WOH,2,0:08:57.930000,DFL-OBJ-002GAB,DFL-OBJ-00006V,2.1783020910791957,29.622547959399373,9.52,2.34,2.6533959623959467,3.359345174286203,2,27.12,21.39,-31.11,-6.88,False,1
J03WOH,2,0:08:58.090000,DFL-OBJ-002GAB,DFL-OBJ-0000NZ,8.637129152675675,29.29069927090663,11.07,8.34,3.6590706116708738,3.6219469902250085,2,26.740000000000002,21.13,-31.37,-7.26,False,1
J03WOH,2,0:09:00.490000,DFL-OBJ-00006V,DFL-OBJ-0027XP,4.504986126504719,25.868707982709775,3.18,4.37,0.8380770269557192,4.504986126504719,2,20.91,82.27,-29.77,-13.09,False,1
J03WOH,2,0:10:54.975000,DFL-OBJ-0027XP,DFL-OBJ-J0130T,9.537216575081013,28.74214307310713,11.72,18.65,3.170994265983058,9.537216575081013,0,18.82,40.730000000000004,-11.77,-15.18,False,1
J03WOH,2,0:10:57.090000,DFL-OBJ-0027XP,DFL-OBJ-00006V,10.436330772833907,154.97819464018417,23.34,13.95,2.485474438106583,8.425864940764242,0,20.7,31.34,-21.16,-13.3,True,1
J03WOH,2,0:13:04.289000,DFL-OBJ-0027XP,DFL-OBJ-0000NZ,3.820078533224153,42.77393426293513,4.94,7.08,1.3833815351399437,8.271668513667604,3,5.82,62.12,9.62,-28.18,False,1
J03WOH,2,0:13:09.939000,DFL-OBJ-0000NZ,DFL-OBJ-002651,0.6307138812488616,70.42010593899853,11.67,9.14,3.5521162512734383,4.596270227042796,0,4.829999999999998,39.31,13.19,-29.17,False,1
J03WOH,2,0:13:09.650000,DFL-OBJ-0000NZ,DFL-OBJ-002651,1.3201893803541982,0.6323405133073159,12.75,12.25,6.850450152412879,4.225872690936161,1,5.579999999999998,39.89,12.61,-28.42,False,1
J03WOH,2,0:13:40.857000,DFL-OBJ-002FXT,DFL-OBJ-00268T,4.992494366546646,40.30716678634531,15.71,15.91,1.5007614373736566,11.513626709251955,0,18.45,37.84,14.66,15.55,False,1
J03WOH,2,0:16:51.540000,DFL-OBJ-0000F8,DFL-OBJ-0026UQ,3.8250359475435007,67.24856920261831,26.74,21.38,3.746429629210971,7.504731840645611,1,3.75,16.409999999999997,36.09,-30.25,False,1
J03WOH,2,0:20:55.063000,DFL-OBJ-002GAB,DFL-OBJ-J0130T,4.571312721746347,154.58099847450967,6.98,20.89,-3.6684090605639383,3.828315556481728,3,28.44,23.86,-28.64,5.56,False,1
J03WOH,2,0:21:23.474000,DFL-OBJ-0000F8,DFL-OBJ-002GFH,4.351333129053669,162.3992638307903,2.18,11.19,-3.402705758634794,10.800782379068657,2,2.120000000000001,49.38,3.12,-31.88,False,1
J03WOH,2,0:22:04.347000,DFL-OBJ-002GAB,DFL-OBJ-J014UG,0.9773944955850729,135.29520846333514,14.33,13.38,-0.6198566164789959,3.2255542159449146,2,30.3,21.83,-30.67,-3.7,False,1
J03WOH,2,0:22:20.210000,DFL-OBJ-J0130T,DFL-OBJ-002G2Y,12.979218004178835,20.037132460767804,5.83,12.01,2.083579987516737,13.73068097364439,2,23.35,72.84,-20.34,-10.65,True,1
J03WOH,2,0:23:21.274000,DFL-OBJ-002651,DFL-OBJ-00028V,6.662799711832857,23.897097666394522,5.93,4.55,-0.5360114066259736,6.662799711832857,2,3.2300000000000004,56.56,4.06,-30.77,False,1
J03WOH,2,0:23:36.338000,DFL-OBJ-0000F8,DFL-OBJ-002651,3.3227699288394907,172.42266452291432,1.33,1.9,-0.629319401135755,11.547917561188251,0,1.3500000000000014,14.649999999999999,37.85,-32.65,False,1
J03WOH,2,0:24:36.907000,DFL-OBJ-J0130T,DFL-OBJ-0027B0,0.6020797289396147,43.94303132298064,5.39,14.55,2.3184932646668215,3.9060081925157286,2,19.22,18.83,33.67,-14.78,False,1
J03WOH,2,0:25:04.219000,DFL-OBJ-002GAB,DFL-OBJ-002GM9,0.5507267925205743,124.62014894238638,8.33,7.59,-0.1891196292794653,3.590167127029047,2,3.5199999999999996,53.37,0.87,-30.48,False,1
J03WOH,2,0:25:40.811000,DFL-OBJ-0000NZ,DFL-OBJ-002GFH,1.2980754985747174,122.85832004499957,10.28,12.88,2.624489694500146,5.362695217891838,1,12.170000000000002,22.09,30.41,-21.83,False,1
J03WOH,2,0:24:57.370000,DFL-OBJ-0027XP,DFL-OBJ-0000NZ,1.3865424623862042,173.9737808194468,14.52,23.81,-2.0343558068035397,6.565972890592831,2,3.0199999999999996,64.55,12.05,-30.98,False,1
J03WOH,2,0:25:55.517000,DFL-OBJ-002GFH,DFL-OBJ-0000NZ,1.600781059358212,130.19730188757114,1.94,0.75,0.3980473516044697,4.764000419815261,2,3.8200000000000003,36.97,-15.53,-30.18,False,1
J03WOH,2,0:25:20.530000,DFL-OBJ-J0130T,DFL-OBJ-0027B0,14.611296999240007,32.32199017864191,18.53,22.68,6.4472228862329395,7.498646544543887,3,17.65,56.05,-3.55,-16.35,True,1
J03WOH,2,0:25:43.850000,DFL-OBJ-002G2Y,DFL-OBJ-002GM9,1.9412367192076316,7.026984762766858,15.1,19.01,0.5861177033698839,12.021996506404417,1,6.989999999999998,61.6,9.1,-27.01,False,1
J03WOH,2,0:27:40.610000,DFL-OBJ-002FXT,DFL-OBJ-002GNH,6.960955394196978,103.6754732246513,12.0,13.0,-0.05242450858459424,3.8121516234273822,1,29.52,8.270000000000003,44.23,-4.48,False,1
J03WOH,2,0:28:40.726000,DFL-OBJ-002651,DFL-OBJ-00028V,7.021979777811953,13.281392461474558,8.85,16.56,1.429912946333003,7.021979777811953,2,25.990000000000002,47.12,-5.38,8.01,False,1
J03WOH,2,0:29:36.330000,DFL-OBJ-002651,DFL-OBJ-00003X,3.888881587294733,131.6130019136194,16.18,14.56,0.9290870333272527,10.60683741743975,1,26.3,11.850000000000001,-40.65,7.7,False,1
J03WOH,2,0:30:37.969000,DFL-OBJ-002G2Y,DFL-OBJ-J014UG,0.4964876634922577,177.19387139413774,13.31,11.81,0.735678663616276,3.616365578865057,2,22.34,28.12,-24.38,11.66,False,1
J03WOH,2,0:31:20.530000,DFL-OBJ-00268T,DFL-OBJ-002FXT,5.579175566335943,14.592627437608469,19.25,27.94,2.120080563859559,14.21220953968805,0,4.140000000000001,64.17,11.67,-29.86,False,1
J03WOH,2,0:31:46.713000,DFL-OBJ-0028OR,DFL-OBJ-002GM9,2.0327321515635055,25.706377748890585,5.17,10.15,2.1521605666205423,7.725859175522164,2,11.3,41.11,-11.39,-22.7,False,1
J03WOH,2,0:31:48.930000,DFL-OBJ-J0130T,DFL-OBJ-0027VS,3.929020234104172,41.36543114917755,12.94,17.21,1.2694510375306534,7.315579266196219,3,14.71,53.27,-0.77,-19.29,False,1
J03WOH,2,0:31:58.170000,DFL-OBJ-0000F8,DFL-OBJ-002GFH,3.3221679668553787,25.965192068111424,20.66,24.94,0.8003818048407896,3.3221679668553787,1,20.310000000000002,25.86,26.64,-13.69,False,1
J03WOH,2,0:34:19.275000,DFL-OBJ-0000F8,DFL-OBJ-002GFH,1.8191481522954673,56.21844420731406,10.04,6.34,-2.1772164625127397,2.024845673131662,1,0.6499999999999986,4.359999999999999,48.14,-33.35,False,1
J03WOH,2,0:35:09.770000,DFL-OBJ-0028CD,DFL-OBJ-J01CP5,1.3958868148958201,112.56586097323165,9.81,7.01,1.1300773304785638,9.744316292075089,1,11.48,6.5,-46.0,-22.52,False,1
J03WOH,2,0:36:26.287000,DFL-OBJ-002G5J,DFL-OBJ-002GFH,1.9777259668619396,178.38317043623246,2.8,14.37,-2.9310774746260226,2.271079038695043,3,33.96,12.670000000000002,39.83,0.04,False,1
J03WOH,2,0:37:17.735000,DFL-OBJ-0027VS,DFL-OBJ-002G5J,7.119641844924501,46.913867253803936,13.75,11.39,5.712860426791708,7.119641844924501,2,20.03,35.42,-17.08,13.97,False,1
J03WOH,2,0:37:26.302000,DFL-OBJ-0028CD,DFL-OBJ-00003X,1.748742405273,68.47093773514455,12.74,10.59,-1.1733211923621927,3.224530973645625,1,19.0,48.08,-4.42,15.0,False,1
J03WOH,2,0:37:24.570000,DFL-OBJ-0028CD,DFL-OBJ-00003X,7.878407199428067,77.91963186226408,6.38,4.45,0.7443984600052311,7.878407199428067,0,22.23,46.25,-6.25,11.77,False,1
J03WOH,2,0:38:58.568000,DFL-OBJ-J01L1F,DFL-OBJ-002GEE,6.4252626405463005,67.84423047251003,20.18,26.49,1.1649091635423936,9.648264092571264,0,9.04,19.28,33.22,-24.96,False,1
J03WOH,2,0:40:28.208000,DFL-OBJ-0028CD,DFL-OBJ-J01L1F,3.296209944769902,9.285119331231273,3.46,15.57,3.9153636288438274,8.789823661484911,2,3.1900000000000013,43.75,-8.75,-30.81,False,1
J03WOH,2,0:40:33.761000,DFL-OBJ-0028CD,DFL-OBJ-J0130T,7.240248614515941,53.42749626647556,8.89,12.36,0.16960697897508759,6.499423051317708,3,9.149999999999999,32.04,-20.46,-24.85,False,1
J03WOH,2,0:40:36.801000,DFL-OBJ-0028CD,DFL-OBJ-0000NZ,5.83843300895026,86.97063481573036,20.33,20.09,2.2264655902023,5.83843300895026,2,14.780000000000001,28.9,-23.6,-19.22,False,1
J03WOH,2,0:40:40.642000,DFL-OBJ-0028OR,DFL-OBJ-J01L1F,0.446542271235323,171.61925410557183,11.23,8.25,1.0076146606876357,5.256472201010863,2,8.120000000000001,19.71,-32.79,-25.88,False,1
J03WOH,2,0:42:17.978000,DFL-OBJ-J01CP5,DFL-OBJ-0028OR,11.774043485566034,104.79062787022356,14.02,13.06,1.2424482292314831,11.774043485566034,1,2.210000000000001,73.96000000000001,-21.46,31.79,True,1
J03WOH,2,0:40:24.610000,DFL-OBJ-002GFH,DFL-OBJ-J01L1F,3.7140005385029218,84.97820698925042,17.04,6.78,4.394476896716732,6.300745987579566,2,9.07,55.19,2.69,-24.93,False,1
J03WOH,2,0:42:36.428000,DFL-OBJ-J01L1F,DFL-OBJ-002GFH,2.2029298672449844,113.89516141507045,22.71,22.57,0.5575331208220868,15.537969622830389,1,16.86,18.200000000000003,34.3,-17.14,False,1
J03WOH,2,0:42:38.884000,DFL-OBJ-J01L1F,DFL-OBJ-0028CD,1.096585609973066,125.57425276547959,11.29,9.42,4.147839278014592,3.689173349139343,1,23.439999999999998,13.82,38.68,-10.56,False,1
J03WOH,2,0:40:46.210000,DFL-OBJ-0028OR,DFL-OBJ-002GM9,2.151115989434324,122.59673541320173,9.77,9.15,-2.009927149776024,2.151115989434324,1,13.260000000000002,8.700000000000003,-43.8,-20.74,False,1
J03WOH,2,0:43:34.644000,DFL-OBJ-0026RH,DFL-OBJ-002GEE,5.770615218501405,96.77255188487516,18.53,17.56,0.08556896823614712,7.983107164506812,1,16.18,48.230000000000004,4.27,-17.82,False,1
J03WOH,2,0:43:38.364000,DFL-OBJ-0026RH,DFL-OBJ-002GEE,2.3179516819813153,15.09365689706143,21.91,19.38,-1.1682578675192434,7.499046606069335,1,2.4899999999999984,40.56,11.94,-31.51,False,1
J03WOH,2,0:42:13.570000,DFL-OBJ-002G5J,DFL-OBJ-0027VS,4.574734965000706,60.94486166955935,14.15,12.72,-0.11062334954144548,6.164389669707781,2,12.260000000000002,65.2,-12.7,21.74,False,1
J03WOH,2,0:12:05.650000,DFL-OBJ-0026UQ,DFL-OBJ-0000NZ,14.80219578305867,155.2987062206622,19.34,10.48,1.6407021399739241,12.46102724497463,2,12.620000000000001,86.55,34.05,-21.38,True,1
J03WOH,1,0:00:08.800000,DFL-OBJ-0027XP,DFL-OBJ-00006V,4.938218302181465,61.10471320261395,16.47,15.94,2.5643922055172075,12.641396283638922,0,0.9699999999999989,11.32,41.18,33.03,False,0
J03WOH,1,0:00:11.120000,DFL-OBJ-0000F8,DFL-OBJ-0027XP,3.713892836364562,90.69916367880666,12.81,3.07,4.2463663493483494,8.795982037271337,2,5.390000000000001,93.05,40.55,28.61,False,0
J03WOH,1,0:01:52.080000,DFL-OBJ-002G2Y,DFL-OBJ-J01CP5,2.849175319281001,2.190718535128184,11.41,8.34,-0.943031340974102,2.9306142700805897,2,24.97,3.5700000000000003,48.93,9.03,False,0
J03WOH,1,0:01:53,DFL-OBJ-002FXT,DFL-OBJ-002GEE,0.6800000000000012,104.1376518213516,12.76,9.56,1.4097628526947061,3.3337666385036613,8,31.86,98.95,46.45,2.14,False,0
J03WOH,1,0:01:54,DFL-OBJ-00003X,DFL-OBJ-002GEE,1.4798986451781095,152.6336614928155,7.88,1.91,0.7855766752915916,1.9019200824430045,6,31.490000000000002,98.81,46.31,2.51,False,0
J03WOH,1,0:01:55.680000,DFL-OBJ-00268T,DFL-OBJ-00006V,1.7346181135915746,93.22079733665227,2.53,3.47,-0.12391546402086229,1.949974358805777,5,30.02,7.119999999999997,45.38,3.98,False,0
J03WOH,1,0:03:05.720000,DFL-OBJ-0028SW,DFL-OBJ-002GM1,2.266450970129292,19.541131153835003,21.13,25.53,0.694395351933369,7.023275589068111,1,14.54,63.3,-10.8,-19.46,False,0
J03WOH,1,0:03:25.840000,DFL-OBJ-J0130T,DFL-OBJ-0027VS,3.3878754404493674,18.9758679378434,19.12,21.89,1.8458639773863716,11.15901429338631,0,25.310000000000002,76.07,23.57,-8.69,False,0
J03WOH,1,0:03:30.040000,DFL-OBJ-J014UG,DFL-OBJ-002G2Y,4.881475186867181,53.42690923019224,21.22,19.59,3.379496078462778,15.08700434148542,0,7.640000000000001,90.91,38.41,-26.36,False,0
J03WOH,1,0:03:34.200000,DFL-OBJ-002G2Y,DFL-OBJ-J014UG,1.7311268006705929,5.766824026163033,14.25,8.52,4.415215938899681,2.5124092023394575,3,2.4899999999999984,34.53,17.97,-31.51,False,0
J03WOH,1,0:03:46,DFL-OBJ-00268T,DFL-OBJ-00003X,4.8428504003324315,11.526468525099611,7.33,24.01,5.304813150222718,20.3286251379674,0,3.530000000000001,58.480000000000004,-5.98,-30.47,False,0
J03WOH,1,0:03:46.320000,DFL-OBJ-00268T,DFL-OBJ-00003X,3.2658842600435176,16.080769415181145,8.65,22.87,4.969809706569631,20.000092499786092,0,3.4499999999999993,59.15,-6.65,-30.55,False,0
J03WOH,1,0:03:54.760000,DFL-OBJ-00003X,DFL-OBJ-00268T,3.6166835637086088,31.757501268753817,9.3,20.16,2.48499920709891,6.240208329855663,1,26.11,36.84,-15.66,-7.89,False,0
J03WOH,1,0:03:56.360000,DFL-OBJ-002FXT,DFL-OBJ-00268T,3.7476659402887007,26.266985729677774,14.37,26.93,4.064235686744553,7.445837763475645,1,29.95,33.96,-18.54,4.05,False,0
J03WOH,1,0:03:57.360000,DFL-OBJ-002FXT,DFL-OBJ-00268T,2.1862525014279566,109.11697672307629,16.1,17.6,-3.378468107095712,6.120016339847468,0,28.02,37.78,-14.72,5.98,False,0
J03WOH,1,0:03:57.880000,DFL-OBJ-002FXT,DFL-OBJ-0027VS,4.961794030388606,46.93973931980178,16.48,13.68,2.1032068493486555,5.5258664478975605,2,28.17,40.08,-12.42,5.83,False,0
J03WOH,1,0:05:05,DFL-OBJ-00028V,DFL-OBJ-002GAB,4.964242137527138,5.664655460822122,3.36,4.08,0.26962040338397886,11.054795339580012,1,25.21,49.3,-3.2,-8.79,False,0
J03WOH,1,0:05:11.800000,DFL-OBJ-00006V,DFL-OBJ-002G2Y,4.9782125306177925,11.8220346919545,14.42,16.64,0.6924146696910016,14.887676111468842,0,6.510000000000002,63.31,10.81,27.49,False,0
J03WOH,1,0:05:15.640000,DFL-OBJ-0028FW,DFL-OBJ-002GAB,4.915170393791042,11.074104923416336,5.01,9.59,5.727622855344068,19.550869545879536,0,27.29,87.9,35.4,6.71,False,0
J03WOH,1,0:05:16.880000,DFL-OBJ-J0130T,DFL-OBJ-0027VS,4.912107490680553,12.524025956944882,15.36,27.41,3.267098413750409,8.444530774412515,1,29.48,74.63,22.13,4.52,False,0
J03WOH,1,0:05:18.120000,DFL-OBJ-0027VS,DFL-OBJ-J0130T,0.5522680508593627,135.45623566895108,21.96,20.96,2.6939464192274643,14.114403990250528,0,33.15,30.4,22.1,-0.85,False,0
J03WOH,1,0:05:18.520000,DFL-OBJ-002GAB,DFL-OBJ-J0130T,3.803840164886005,113.62503020614892,13.56,16.78,1.2522825549984817,13.265368445693468,1,31.92,26.66,25.84,-2.08,False,0
J03WOH,1,0:05:51.480000,DFL-OBJ-J01CP5,DFL-OBJ-0027B0,4.919776417684039,20.01390258755714,12.9,22.56,7.180933695511926,9.810249741979051,0,1.0700000000000003,71.27,18.77,-32.93,False,0
J03WOH,1,0:05:53.040000,DFL-OBJ-002GM1,DFL-OBJ-0028SW,1.1136426715962355,4.409565284010791,13.68,15.71,0.3944346531301657,9.480337546733239,2,4.34,55.57,3.07,-29.66,False,0
J03WOH,1,0:05:55.360000,DFL-OBJ-002FXT,DFL-OBJ-002651,0.9093404203047396,86.24307680469563,20.35,22.01,3.5621544971748507,5.755215026391281,2,3.66,42.2,-10.3,-30.34,False,0
J03WOH,1,0:05:55.880000,DFL-OBJ-002651,DFL-OBJ-002FXT,0.6161980201201577,37.73406124554268,14.59,11.49,0.12158196355907314,10.030319037797353,1,1.009999999999998,61.89,-9.39,-32.99,False,0
J03WOH,1,0:06:45.360000,DFL-OBJ-J0130T,DFL-OBJ-002G2Y,4.118992595283463,67.03245296748699,13.84,17.88,3.9918501966533038,9.594008547004739,2,19.71,48.59,-3.91,-14.29,False,0
J03WOH,1,0:06:59.720000,DFL-OBJ-0000NZ,DFL-OBJ-0027XP,4.997689466143331,22.8087155874121,8.64,18.98,3.66755609430923,13.088869317095348,1,5.77,55.19,2.69,28.23,False,0
J03WOH,1,0:07:03.320000,DFL-OBJ-002FXT,DFL-OBJ-002GEE,1.468604780054866,116.23562308067558,16.08,9.8,-0.4749317462317554,6.63238267894729,1,12.11,19.75,-32.75,21.89,False,0
J03WOH,1,0:08:31.640000,DFL-OBJ-J01CP5,DFL-OBJ-0027B0,2.1119185590358347,59.19864882603714,15.94,16.51,1.8513413096770392,11.659656941780062,2,3.3099999999999987,68.47,15.97,-30.69,False,0
J03WOH,1,0:08:37.480000,DFL-OBJ-J01CP5,DFL-OBJ-0027B0,3.394362974108692,171.76575066717086,1.99,3.99,-0.7795383161599312,8.601627752931421,2,1.1599999999999966,65.85,13.35,-32.84,False,0
J03WOH,1,0:08:54.120000,DFL-OBJ-0028FW,DFL-OBJ-0027XP,4.8390184955215885,8.14180935461719,13.57,28.62,6.145414732485747,15.102307770668695,0,27.02,100.39,47.89,-6.98,False,0
J03WOH,1,0:09:00,DFL-OBJ-002FXT,DFL-OBJ-0027VS,1.1067971810589328,77.2992380809122,23.47,30.52,2.112107886646727,10.523692317813174,3,22.35,60.74,8.24,11.65,False,0
J03WOH,1,0:09:00.480000,DFL-OBJ-0027VS,DFL-OBJ-002FXT,1.0780074211247337,14.753840587152462,29.2,19.94,-0.41398260395000164,9.391623927734756,2,20.55,47.83,4.67,13.45,False,0
J03WOH,1,0:09:06.240000,DFL-OBJ-0027XP,DFL-OBJ-J0130T,1.1205802068571473,23.302055484344162,19.58,21.34,2.7722600960841914,2.886693610343846,2,15.579999999999998,44.24,8.26,18.42,False,0
J03WOH,1,0:09:06.800000,DFL-OBJ-002651,DFL-OBJ-00028V,2.7029613389761984,44.24146191755782,14.04,17.76,3.0738287726958258,5.6358584084414325,1,15.670000000000002,51.2,1.3,18.33,False,0
J03WOH,1,0:09:08.400000,DFL-OBJ-002651,DFL-OBJ-00028V,0.7746612162745723,43.08123256801466,23.18,25.57,0.8116418852631108,6.846575786478961,3,21.61,54.36,-1.86,12.39,False,0
J03WOH,1,0:09:11.160000,DFL-OBJ-002GEE,DFL-OBJ-002FXT,4.936334672608818,35.429749266006155,5.06,12.06,4.8294865536415905,9.669963805516543,0,19.55,68.97,-16.47,14.45,False,0
J03WOH,1,0:09:22,DFL-OBJ-0000NZ,DFL-OBJ-002GAB,2.8943047524405587,141.1002651359429,15.56,14.49,-2.7446595665242732,3.4696973931454003,1,8.920000000000002,66.9,14.4,25.08,False,0
J03WOH,1,0:09:22.320000,DFL-OBJ-0000F8,DFL-OBJ-0027XP,3.241866746181899,40.08078829902011,15.28,14.36,0.524643651614396,6.29448171019664,3,6.989999999999998,64.91,12.41,27.01,False,0
J03WOH,1,0:09:23.080000,DFL-OBJ-0000NZ,DFL-OBJ-0027XP,1.2549501982150524,55.610714174289356,14.03,19.52,3.3407125711684658,7.575651787140164,3,5.600000000000001,65.3,12.8,28.4,False,0
J03WOH,1,0:09:23.360000,DFL-OBJ-0000F8,DFL-OBJ-0027XP,1.3461797799699706,72.84974988339694,6.59,16.32,2.39676583588313,8.249703024957931,2,4.43,65.09,12.59,29.57,False,0
J03WOH,1,0:09:25.480000,DFL-OBJ-J0130T,DFL-OBJ-002G2Y,2.775463925184403,53.044475164137666,13.68,16.8,3.0943170633205286,4.528355109750117,2,13.649999999999999,63.87,11.37,20.35,False,0
J03WOH,1,0:09:26.720000,DFL-OBJ-002G2Y,DFL-OBJ-J0130T,0.9538343671728331,125.70349759658644,16.96,21.44,-1.0462100364996632,6.665883287307091,3,18.39,45.24,7.26,15.61,False,0
J03WOH,1,0:09:26.920000,DFL-OBJ-0027B0,DFL-OBJ-J0130T,3.100967590930289,80.416321857111,10.62,18.03,4.170929964980711,8.624111548443699,2,21.259999999999998,46.79,5.71,12.74,False,0
J03WOH,1,0:09:34.800000,DFL-OBJ-002GM1,DFL-OBJ-0027B0,4.885754803507846,52.88686974303298,27.82,28.36,2.504733209504304,12.027622375182887,0,18.33,42.53,-9.97,-15.67,False,0
J03WOH,1,0:09:40.480000,DFL-OBJ-002GNH,DFL-OBJ-002FXT,4.857334660078512,26.54254497992818,0.21,15.92,4.927837884673898,8.065581194185576,0,33.24,102.81,-50.31,0.76,False,0
J03WOH,1,0:09:42.640000,DFL-OBJ-002GNH,DFL-OBJ-002FXT,4.221480782853338,172.1578137124013,1.41,3.95,-1.3569634047986112,10.631810758285724,0,33.74,103.13,-50.63,0.26,False,0
J03WOH,1,0:10:41.280000,DFL-OBJ-0027VS,DFL-OBJ-00028V,4.396930747692078,7.786692296503158,13.35,21.64,2.170143453623332,12.045123494593154,0,31.98,78.12,-25.62,2.02,False,0
J03WOH,1,0:10:45.640000,DFL-OBJ-0026UQ,DFL-OBJ-0000F8,4.957670824086648,51.39753051036905,22.87,29.12,2.703215098696121,17.238520818214074,0,0.9600000000000009,56.5,-4.0,33.04,False,0
J03WOH,1,0:10:53.640000,DFL-OBJ-0027VS,DFL-OBJ-002FXT,4.838646504963965,30.00925369173124,9.1,16.08,4.641308489482121,4.981576055828115,1,8.440000000000001,53.47,-0.97,25.56,False,0
J03WOH,1,0:10:57.840000,DFL-OBJ-0028SW,DFL-OBJ-002GM1,4.843356274320526,42.03487756603334,21.71,26.39,5.86853897418234,17.77883010774331,0,10.059999999999999,46.91,5.59,-23.94,False,0
J03WOH,1,0:10:59,DFL-OBJ-0028SW,DFL-OBJ-002GM1,0.8000000000000007,101.07906663369413,28.9,29.25,2.1842711432219577,12.513520687640229,0,8.370000000000001,38.76,13.74,-25.63,False,0
J03WOH,1,0:11:00.560000,DFL-OBJ-002GM1,DFL-OBJ-0028SW,2.6542418879974017,99.75626371737692,6.88,6.07,-1.245741549188516,14.835420452417248,1,6.68,75.1,22.6,-27.32,False,0
J03WOH,1,0:11:01.200000,DFL-OBJ-J01CP5,DFL-OBJ-0028SW,4.992494366546649,22.73600488258128,6.53,3.85,2.5502310779090975,13.015836507885306,1,6.780000000000001,78.23,25.73,-27.22,False,0
J03WOH,1,0:11:04.840000,DFL-OBJ-002GM1,DFL-OBJ-002GAB,4.820373429517678,46.89799257186017,6.75,17.25,3.8099656756178613,12.738119955472238,0,4.289999999999999,73.85,21.35,-29.71,False,0
J03WOH,1,0:11:06.080000,DFL-OBJ-J0130T,DFL-OBJ-002651,2.512687803926306,13.013738011154663,2.61,14.13,2.9682129223698883,4.850505128334573,2,13.370000000000001,62.8,10.3,-20.63,False,0
J03WOH,1,0:11:27.880000,DFL-OBJ-002GAB,DFL-OBJ-J01CP5,4.985549117198626,84.80751906695296,16.2,10.47,4.3633744566280726,6.861034907359093,3,30.96,41.769999999999996,10.73,-3.04,False,0
J03WOH,1,0:11:31.880000,DFL-OBJ-0028SW,DFL-OBJ-J01CP5,4.937175305779613,72.74024148399091,26.46,24.69,2.417227723777524,11.78003820027762,1,8.09,28.32,24.18,-25.91,False,0
J03WOH,1,0:11:34.800000,DFL-OBJ-J014UG,DFL-OBJ-002G2Y,2.1199292441022624,46.306865166786196,21.37,26.28,0.9386161977764318,11.304251412632329,1,24.2,97.68,45.18,-9.8,False,0
J03WOH,1,0:11:35.160000,DFL-OBJ-J014UG,DFL-OBJ-002G2Y,1.6357261384473882,42.691887252443195,22.74,26.31,1.2849869341780151,11.711110109635209,1,22.240000000000002,98.78,46.28,-11.76,False,0
J03WOH,1,0:11:38.160000,DFL-OBJ-J01CP5,DFL-OBJ-002G2Y,0.6873136110975833,0.3301754134980685,16.2,21.17,2.5127028547693913,5.105487244132535,1,3.0500000000000007,99.21000000000001,46.71,-30.95,False,0
J03WOH,1,0:12:02.720000,DFL-OBJ-0000NZ,DFL-OBJ-0027XP,4.848762728779376,46.31860669143678,1.93,19.44,4.271422614136218,16.015873376122826,0,10.2,55.04,2.54,23.8,False,0
J03WOH,1,0:12:07.520000,DFL-OBJ-00028V,DFL-OBJ-002GAB,4.987744981452039,22.67099854567595,9.52,15.09,4.531464732127659,7.832304897027438,1,18.07,59.06,6.56,15.93,False,0
J03WOH,1,0:12:08.800000,DFL-OBJ-0000F8,DFL-OBJ-0026UQ,4.94191258522447,0.6349507638144929,11.03,17.31,4.490432990901702,10.870004599815035,1,3.3099999999999987,46.75,-5.75,30.69,False,0
J03WOH,1,0:12:12.760000,DFL-OBJ-00006V,DFL-OBJ-002GAB,4.896948029129981,29.743572744173242,13.41,23.46,3.1331380488600002,17.980759160836342,0,15.079999999999998,72.78999999999999,20.29,18.92,False,0
J03WOH,1,0:12:20.160000,DFL-OBJ-J014UG,DFL-OBJ-0027B0,4.899846936384851,23.118150163763953,11.65,18.4,7.308117701726228,15.474149411195434,0,9.43,81.09,28.59,-24.57,False,0
J03WOH,1,0:12:27.240000,DFL-OBJ-00006V,DFL-OBJ-002GAB,4.860966981990309,45.82277371043021,17.99,23.88,4.192803559131073,16.738186879109694,0,8.260000000000002,85.18,32.68,25.74,False,0
J03WOH,1,0:12:28.800000,DFL-OBJ-0000NZ,DFL-OBJ-0027XP,4.8482780448319955,2.167202962635151,5.46,16.99,3.333936070837311,7.107756326718015,1,0.020000000000003126,73.02,20.52,33.98,False,0
J03WOH,1,0:12:33.240000,DFL-OBJ-00028V,DFL-OBJ-0027VS,2.486845391253747,117.29808536866705,16.95,3.46,2.0918049231980196,3.165375175235947,2,7.77,64.78999999999999,12.29,26.23,False,0
J03WOH,1,0:12:34.080000,DFL-OBJ-J0130T,DFL-OBJ-002GAB,4.964030620372925,23.421642812505688,1.46,7.88,2.3032040145975907,6.427511182409565,1,10.11,71.09,18.59,23.89,False,0
J03WOH,1,0:13:14.680000,DFL-OBJ-0000NZ,DFL-OBJ-0027XP,4.857211133973897,2.4205218957463686,8.43,17.54,4.460755619446974,6.318868569609597,1,1.8299999999999983,72.06,19.56,32.17,False,0
J03WOH,1,0:13:17.560000,DFL-OBJ-00006V,DFL-OBJ-002G2Y,4.891216617570724,16.245574909513905,15.98,23.24,2.9000159982694207,17.157960251731552,0,1.6799999999999997,94.3,41.8,32.32,False,0
J03WOH,1,0:13:26.400000,DFL-OBJ-00028V,DFL-OBJ-0027VS,1.8832153355365393,91.3042644014389,15.95,9.11,-0.5618051085466513,2.6130633363927473,3,15.010000000000002,61.82,9.32,18.99,False,0
J03WOH,1,0:13:34.600000,DFL-OBJ-J01CP5,DFL-OBJ-002651,4.851247262302757,61.062541291515345,22.73,27.56,4.505169252329339,7.420107815928284,0,19.14,22.32,-30.18,-14.86,False,0
J03WOH,1,0:13:36.560000,DFL-OBJ-002GM1,DFL-OBJ-0028SW,3.2156181365330068,60.77437356786286,26.97,28.3,6.3094084081137956,9.038418003168474,1,14.25,6.090000000000003,-46.41,-19.75,False,0
J03WOH,1,0:13:53.040000,DFL-OBJ-002GM1,DFL-OBJ-002651,3.4776141246550036,3.4921808591638888,7.53,17.41,2.3767596011047543,5.589579590631123,0,5.440000000000001,15.68,-36.82,-28.56,False,0
J03WOH,1,0:13:54.320000,DFL-OBJ-J01CP5,DFL-OBJ-0027B0,2.1780725424099163,16.701409157365273,4.17,10.01,2.298888956156011,4.653869357856967,1,0.14999999999999858,11.799999999999997,-40.7,-33.85,False,0
J03WOH,1,0:14:02.320000,DFL-OBJ-J0130T,DFL-OBJ-0027B0,2.7186025822102056,6.264278883290521,7.54,14.75,2.5743259514701453,7.962411694957757,1,6.039999999999999,24.73,-27.77,-27.96,False,0
J03WOH,1,0:14:02.720000,DFL-OBJ-J0130T,DFL-OBJ-0027B0,1.5254179755070396,39.5856976433885,7.42,13.71,2.9829615167579147,7.489359118108841,1,5.25,25.23,-27.27,-28.75,False,0
J03WOH,1,0:14:05.480000,DFL-OBJ-J014UG,DFL-OBJ-002GAB,4.998179668639373,22.371930803815506,17.75,18.39,1.2094997520568485,11.552718294842991,0,14.57,37.93,-14.57,-19.43,False,0
J03WOH,1,0:14:12,DFL-OBJ-00028V,DFL-OBJ-0027XP,4.867381226080404,41.08010631764132,2.03,13.77,3.1713032887962767,7.911137718432161,1,18.869999999999997,32.35,-20.15,15.13,False,0
J03WOH,1,0:14:21.880000,DFL-OBJ-J01CP5,DFL-OBJ-002GAB,4.831769862069178,47.32461658179268,6.9,19.36,6.2388210304815646,8.667479449067073,0,18.86,28.82,-23.68,-15.14,False,0
J03WOH,1,0:14:25.480000,DFL-OBJ-002GM1,DFL-OBJ-0027B0,4.92049794228186,90.43059919720689,16.69,12.24,3.3112701562977365,15.072070196227193,0,4.0,11.11,-41.39,-30.0,False,0
J03WOH,1,0:14:35.360000,DFL-OBJ-0000NZ,DFL-OBJ-0027XP,4.928813244585354,29.341103752394602,4.73,11.88,2.336624739786155,12.098417251855714,2,13.420000000000002,31.35,-21.15,20.58,False,0
J03WOH,1,0:14:37.160000,DFL-OBJ-J0130T,DFL-OBJ-0027VS,4.818640887221208,24.636161588339334,4.32,14.33,4.3199795875654035,7.544222955348019,1,19.689999999999998,32.79,-19.71,14.31,False,0
J03WOH,1,0:14:38.880000,DFL-OBJ-002FXT,DFL-OBJ-00268T,1.6949926253526868,26.305136611764702,13.39,17.95,2.706310628209271,4.850010309267395,1,33.1,22.7,-29.8,-0.9,False,0
J03WOH,1,0:14:42.240000,DFL-OBJ-0027B0,DFL-OBJ-J0130T,4.991031957421229,75.94446650067611,23.61,23.18,3.8373289324256987,9.154042822709538,5,29.19,69.33,-16.83,-4.81,False,0
J03WOH,1,0:14:46.520000,DFL-OBJ-00003X,DFL-OBJ-0028SW,2.3743841306747298,60.664705264833955,21.37,11.05,3.980944432359721,7.565950039486118,3,15.48,39.75,-12.75,-18.52,False,0
J03WOH,1,0:15:04,DFL-OBJ-002GM1,DFL-OBJ-0028SW,2.828780656042458,56.21465793366893,28.66,28.83,3.849500873181627,14.555342661717038,0,6.370000000000001,5.960000000000001,-46.54,-27.63,False,0
J03WOH,1,0:15:10.920000,DFL-OBJ-J01CP5,DFL-OBJ-0028SW,4.908441707915047,47.47308100757706,15.51,16.26,6.950140486991276,7.8309258711853476,0,6.899999999999999,16.939999999999998,-35.56,-27.1,False,0
J03WOH,1,0:15:16.240000,DFL-OBJ-0000F8,DFL-OBJ-0026UQ,4.993215396916099,22.508585306666678,14.38,18.85,1.365269166048364,15.165806935339774,0,8.14,10.280000000000001,-42.22,25.86,False,0
J03WOH,1,0:15:18.280000,DFL-OBJ-0000NZ,DFL-OBJ-0027XP,4.978001607070852,2.497572352952189,10.24,17.9,4.014510707854724,9.269633218202324,0,11.260000000000002,18.89,-33.61,22.74,False,0
J03WOH,1,0:15:20.080000,DFL-OBJ-0000F8,DFL-OBJ-0026UQ,4.978393315116835,1.1286124675059,1.68,10.62,2.3132934560053475,9.140661901634916,1,0.75,12.61,-39.89,33.25,False,0
J03WOH,1,0:15:21.200000,DFL-OBJ-0000NZ,DFL-OBJ-0027XP,1.539382993280099,20.893569700030866,19.62,19.55,-0.3481003585628256,5.051702683254426,1,7.489999999999998,8.82,-43.68,26.51,False,0
J03WOH,1,0:15:22.680000,DFL-OBJ-0027XP,DFL-OBJ-0000NZ,0.47127486671793,120.44481262208974,18.42,19.37,1.1381947101848728,13.932440561509678,0,12.010000000000002,103.18,-50.68,21.99,False,0
J03WOH,1,0:15:23.760000,DFL-OBJ-0026UQ,DFL-OBJ-0000F8,3.661502423869195,50.10532070971534,11.64,14.81,-0.32535728073238124,12.096156414332615,2,9.14,95.36,-42.86,24.86,False,0
J03WOH,1,0:15:27.920000,DFL-OBJ-00006V,DFL-OBJ-002G2Y,0.984784240328813,16.047751144717974,20.93,20.49,1.5881165589367774,15.320734316605064,0,1.7100000000000009,32.14,-20.36,32.29,False,0
J03WOH,1,0:15:28.960000,DFL-OBJ-0000NZ,DFL-OBJ-0027XP,3.592352989337208,28.13879285918306,11.93,14.76,3.3441428816004724,10.855422608079335,2,7.280000000000001,18.65,-33.85,26.72,False,0
J03WOH,1,0:15:31.120000,DFL-OBJ-0000F8,DFL-OBJ-0027XP,3.8569547573182645,19.409367177138105,6.21,13.2,3.543211310805666,5.173026193631732,1,0.8200000000000003,15.740000000000002,-36.76,33.18,False,0
J03WOH,1,0:16:50.880000,DFL-OBJ-002GNH,DFL-OBJ-00003X,4.936972756659691,20.86911098516644,13.83,21.84,5.670931203564278,14.172769665806324,0,32.5,99.05,-46.55,-1.5,False,0
J03WOH,1,0:16:58.840000,DFL-OBJ-00028V,DFL-OBJ-002651,1.5822136391777184,66.15715648034002,8.45,7.2,-1.3435425206224987,8.57962703152066,3,18.48,48.43,-4.07,-15.52,False,0
J03WOH,1,0:16:59.280000,DFL-OBJ-002GM1,DFL-OBJ-002G2Y,3.0439612349699865,47.74393858904944,5.1,12.81,1.4658888890363753,5.5700089766534475,3,15.510000000000002,52.2,-0.3,-18.49,False,0
J03WOH,1,0:17:00.360000,DFL-OBJ-0000F8,DFL-OBJ-0027VS,4.93911935470282,1.81866191475443,11.1,17.12,6.830395610593169,5.980376242344624,2,24.32,49.72,-2.78,-9.68,False,0
J03WOH,1,0:17:03.680000,DFL-OBJ-002FXT,DFL-OBJ-002651,1.8970766985021983,101.04645527677599,17.29,19.65,5.361391586734192,2.3872368964977078,2,30.31,37.12,-15.38,-3.69,False,0
J03WOH,1,0:17:06.800000,DFL-OBJ-J01CP5,DFL-OBJ-002G2Y,4.920589395590735,61.27601029098344,12.32,16.65,4.762010914860501,12.398967698965912,1,8.29,39.71,-12.79,-25.71,False,0
J03WOH,1,0:17:09.400000,DFL-OBJ-002FXT,DFL-OBJ-002GAB,4.888885353534076,95.94372172057034,15.31,13.16,3.783195858043009,6.493234941075209,0,19.68,39.12,-13.38,-14.32,False,0
J03WOH,1,0:17:12.640000,DFL-OBJ-00006V,DFL-OBJ-002GAB,4.980943685688486,33.95395963177074,14.32,23.44,3.6982793180474083,8.60021511358873,0,26.55,50.69,-1.81,7.45,False,0
J03WOH,1,0:17:16.880000,DFL-OBJ-J0130T,DFL-OBJ-002GAB,3.6601229487545908,1.601487610487773,4.25,13.59,3.637113204601965,11.217241193805187,0,22.23,46.95,-5.55,11.77,False,0
J03WOH,1,0:17:19.200000,DFL-OBJ-00028V,DFL-OBJ-0027VS,4.9444615480353376,2.878329404794045,10.44,13.69,0.9284332190578048,5.038382677010551,1,32.78,33.730000000000004,-18.77,-1.22,False,0
J03WOH,1,0:17:21.200000,DFL-OBJ-0028SW,DFL-OBJ-00003X,2.584356786513812,31.793540296304805,5.09,13.25,2.1137800391043635,4.417601159000212,2,27.45,80.85,-28.35,-6.55,False,0
J03WOH,1,0:17:22.960000,DFL-OBJ-002G2Y,DFL-OBJ-J0130T,1.3375350462698168,62.46533025713462,20.3,23.51,1.1928186419672027,9.950502499874064,1,23.880000000000003,63.03,-10.53,-10.12,False,0
J03WOH,1,0:17:27.880000,DFL-OBJ-002GM1,DFL-OBJ-0027VS,4.847525141760483,56.57161528851555,16.42,14.21,4.950201469806263,7.571591642448767,2,9.89,26.25,-26.25,-24.11,False,0
J03WOH,1,0:17:29.440000,DFL-OBJ-00003X,DFL-OBJ-00268T,3.3593154064481627,45.77582769087726,11.14,12.3,0.11361491378291788,4.456568186396342,3,20.22,16.21,-36.29,-13.78,False,0
J03WOH,1,0:17:29.840000,DFL-OBJ-002GM1,DFL-OBJ-0027VS,1.6368261972488116,59.00313819248629,24.84,18.46,-0.6364541145089858,4.291479931212541,2,14.899999999999999,17.299999999999997,-35.2,-19.1,False,0
J03WOH,1,0:17:37.440000,DFL-OBJ-0000NZ,DFL-OBJ-0026UQ,4.440551767517188,27.846722240841206,24.46,24.23,6.5650612244152695,13.34353026751167,1,6.219999999999999,8.740000000000002,-43.76,27.78,False,0
J03WOH,1,0:18:15.200000,DFL-OBJ-J014UG,DFL-OBJ-0027B0,2.9217118269945788,4.128332350957066,10.08,17.29,6.165803023203191,6.481789876261032,3,18.84,66.12,13.62,-15.16,False,0
J03WOH,1,0:18:21.040000,DFL-OBJ-J0130T,DFL-OBJ-002651,2.9248076859855248,10.439904597364203,12.91,14.68,0.843500388347801,5.719930069502598,1,12.559999999999999,53.81,1.31,-21.44,False,0
J03WOH,1,0:18:37,DFL-OBJ-00003X,DFL-OBJ-002GEE,3.9294019901252115,26.80638307253375,20.12,25.74,2.2373044917169493,5.273101554114048,1,10.760000000000002,25.17,-27.33,23.24,False,0
J03WOH,1,0:19:01.680000,DFL-OBJ-J01CP5,DFL-OBJ-0027B0,3.573639601302857,67.27967860830893,17.27,16.67,2.276192027755398,11.659438236896326,1,18.28,20.020000000000003,-32.48,-15.72,False,0
J03WOH,1,0:19:05.080000,DFL-OBJ-00003X,DFL-OBJ-002G2Y,4.895600065364817,17.625676668552337,6.4,22.56,5.3390045583986785,9.273408219203986,2,23.77,23.72,-28.78,-10.23,False,0
J03WOH,1,0:19:38.240000,DFL-OBJ-00028V,DFL-OBJ-0027VS,3.6480405699498477,7.718765052066546,7.39,14.97,5.755423775937619,4.539471334858278,1,11.27,25.13,-27.37,-22.73,False,0
J03WOH,1,0:19:39.920000,DFL-OBJ-0000F8,DFL-OBJ-0027VS,4.897529989698888,24.136718662270965,5.86,13.26,4.33788558286962,5.421890814097975,2,20.759999999999998,25.29,-27.21,-13.24,False,0
J03WOH,1,0:19:40.280000,DFL-OBJ-0000F8,DFL-OBJ-0027VS,3.0844448447005828,2.547974489650775,10.11,14.93,5.022529354851879,4.705486159792633,2,20.15,24.83,-27.67,-13.85,False,0
J03WOH,1,0:19:43.920000,DFL-OBJ-002GEE,DFL-OBJ-0000F8,2.9706901555025897,40.043742622147704,21.97,2.04,-2.270842826090794,5.384245536748863,5,33.83,83.08,-30.58,0.17,False,0
J03WOH,1,0:19:44.240000,DFL-OBJ-002GEE,DFL-OBJ-0000F8,4.304009758353249,3.0729036781330064,20.55,1.4,-4.002204851089108,6.185094987144498,5,32.92,81.39,-28.89,1.08,False,0
J03WOH,1,0:19:46.440000,DFL-OBJ-00028V,DFL-OBJ-002GEE,0.6466065264130885,65.62508331327729,16.04,13.48,0.8990601586545477,3.431267987202399,2,23.73,28.66,-23.84,10.27,False,0
J03WOH,1,0:19:47.800000,DFL-OBJ-002FXT,DFL-OBJ-0026UQ,1.3274034804836097,126.93989181219165,23.97,21.3,1.1448140520769257,5.630142094121608,2,23.509999999999998,20.299999999999997,-32.2,10.49,False,0
J03WOH,1,0:19:51.560000,DFL-OBJ-002651,DFL-OBJ-0000F8,0.8000624975587851,50.8589245033545,20.55,25.63,3.077060020947389,3.918430808372147,3,17.47,70.15,-17.65,16.53,False,0
J03WOH,1,0:19:52.960000,DFL-OBJ-J0130T,DFL-OBJ-002651,1.6538742394752994,41.18886949692305,22.47,8.62,-0.8811298515094829,7.103611757409045,1,10.2,40.68,-11.82,23.8,False,0
J03WOH,1,0:20:27.960000,DFL-OBJ-0027VS,DFL-OBJ-J01CP5,4.979256972681765,21.434619788193167,26.82,19.26,-2.1629589136528304,5.227513749384115,0,11.850000000000001,14.36,38.14,-22.15,False,0
J03WOH,1,0:20:28.360000,DFL-OBJ-0027VS,DFL-OBJ-J014UG,4.046776494940137,67.1037040313121,24.24,20.46,2.951843136109944,5.862670040177939,0,11.260000000000002,11.57,40.93,-22.74,False,0
J03WOH,1,0:20:43.600000,DFL-OBJ-002FXT,DFL-OBJ-002GEE,1.7710166571774542,86.78808350487024,32.25,31.2,2.3574601993553057,8.467171900935988,0,2.1000000000000014,25.67,-26.83,31.9,False,0
J03WOH,1,0:20:43.920000,DFL-OBJ-002GEE,DFL-OBJ-002FXT,0.8626702730475878,79.60161796846857,27.98,29.1,2.8955515490086756,30.6102270491416,0,1.6700000000000017,82.34,-29.84,32.33,False,0
J03WOH,1,0:21:38.080000,DFL-OBJ-002G2Y,DFL-OBJ-00028V,0.8575546629807348,113.21436875530671,10.73,16.94,0.8231194092760354,4.885171440185081,3,20.57,33.33,19.17,-13.43,False,0
J03WOH,1,0:21:38.440000,DFL-OBJ-00028V,DFL-OBJ-002G2Y,0.8198780397107845,50.156667905036045,11.91,10.44,0.13047117878532688,7.152908499344863,4,18.89,71.64,19.14,-15.11,False,0
J03WOH,1,0:21:42.760000,DFL-OBJ-00003X,DFL-OBJ-00268T,2.006439632782406,96.61585625822477,16.57,6.1,4.8005322139621525,6.778532289515187,0,21.35,39.16,-13.34,-12.65,False,0
J03WOH,1,0:21:44.320000,DFL-OBJ-00003X,DFL-OBJ-00268T,2.5408069584287585,68.92556929387241,6.18,12.37,-0.3041872066568574,3.157926534927624,1,15.93,37.74,-14.76,-18.07,False,0
J03WOH,1,0:21:57.800000,DFL-OBJ-0026UQ,DFL-OBJ-0000F8,4.902703335915809,30.70483714273343,8.9,9.93,3.6497065408808504,17.675072842848483,0,3.280000000000001,82.3,-29.8,30.72,False,0
J03WOH,1,0:22:01,DFL-OBJ-J0130T,DFL-OBJ-0027VS,4.135661978450367,30.255718022648146,10.91,16.03,4.879768307508027,9.59567610958186,2,13.25,34.05,-18.45,20.75,False,0
J03WOH,1,0:22:02.080000,DFL-OBJ-0000F8,DFL-OBJ-0026UQ,4.979658622837513,18.57258036398751,2.92,12.46,2.6456580126911433,6.547824066054309,1,0.28999999999999915,33.19,-19.31,33.71,False,0
J03WOH,1,0:22:38.400000,DFL-OBJ-002651,DFL-OBJ-002FXT,3.7213438432910233,173.7746722701985,3.62,3.85,-0.5524667966339913,7.049687936355765,2,24.83,66.5,-14.0,9.17,False,0
J03WOH,1,0:22:57.880000,DFL-OBJ-00268T,DFL-OBJ-00003X,4.957196788508602,20.807541908374375,5.37,22.54,5.513239485961476,17.985338473323207,0,17.07,65.93,-13.43,-16.93,False,0
J03WOH,1,0:23:00.320000,DFL-OBJ-0028SW,DFL-OBJ-002GM1,4.989529035891061,28.1543484116809,8.66,9.61,5.109639100167196,11.67340995596402,0,1.6300000000000026,62.13,-9.63,-32.37,False,0
J03WOH,1,0:23:01.400000,DFL-OBJ-0027B0,DFL-OBJ-J01CP5,2.0308126452235813,9.916079732817664,11.97,18.85,1.8034207703239857,6.336095011913886,1,5.289999999999999,43.74,8.76,-28.71,False,0
J03WOH,1,0:23:04.920000,DFL-OBJ-0028SW,DFL-OBJ-00003X,2.3521266972678165,0.5689694073751506,8.54,13.38,5.171945468703652,8.073722809212613,1,2.5,61.3,-8.8,-31.5,False,0
J03WOH,1,0:23:10.040000,DFL-OBJ-J014UG,DFL-OBJ-002GAB,4.043723531598078,21.115155587517062,18.19,22.99,1.6677079834238229,17.46094212807545,1,8.690000000000001,92.88,40.38,-25.31,False,0
J03WOH,1,0:23:10.360000,DFL-OBJ-J014UG,DFL-OBJ-002GAB,3.561684994493477,30.39833991295446,15.13,21.06,1.5142806869655934,18.184498893288204,1,7.629999999999999,93.91,41.41,-26.37,False,0
J03WOH,1,0:23:31.960000,DFL-OBJ-0028SW,DFL-OBJ-002FXT,3.8651778743028107,21.817375242815718,2.81,10.19,3.097198338519773,8.57924239079419,1,0.75,43.1,9.4,-33.25,False,0
J03WOH,1,0:23:57,DFL-OBJ-0027VS,DFL-OBJ-002FXT,2.9725746416196173,25.07389662256736,14.47,8.77,2.3861496573494243,8.376061126806562,1,7.23,30.47,22.03,-26.77,False,0
J03WOH,1,0:24:01.640000,DFL-OBJ-002GEE,DFL-OBJ-00003X,4.968671854731402,7.182079629439057,11.35,25.42,4.063844316021767,10.335589001116482,1,31.19,41.43,11.07,-2.81,False,0
J03WOH,1,0:24:05.240000,DFL-OBJ-0026UQ,DFL-OBJ-0000F8,4.938522046118658,7.817908359630737,10.9,21.36,3.135660199223347,15.43726983634088,0,3.9899999999999984,38.4,14.1,30.01,False,0
J03WOH,1,0:24:06.640000,DFL-OBJ-0027XP,DFL-OBJ-0000NZ,0.6741661516273268,55.31101925257254,19.91,22.52,-0.011908581950364483,5.92426366732609,2,3.960000000000001,28.46,24.04,30.04,False,0
J03WOH,1,0:24:08.160000,DFL-OBJ-0026UQ,DFL-OBJ-0000F8,2.730567706540161,5.082220586226856,4.2,7.96,0.5581084775205603,3.524145286448901,0,2.719999999999999,32.89,19.61,31.28,False,0
J03WOH,1,0:24:11.640000,DFL-OBJ-002651,DFL-OBJ-00028V,0.9167878707749125,104.03624346792625,22.42,21.71,-0.36259153877980455,5.225676989634935,3,3.84,20.22,32.28,30.16,False,0
J03WOH,1,0:24:52.840000,DFL-OBJ-002GAB,DFL-OBJ-J014UG,4.967836551256492,80.38686473646207,22.68,20.55,1.6160774694769686,5.779662619911305,2,3.8299999999999983,37.25,15.25,30.17,False,0
J03WOH,1,0:24:56.680000,DFL-OBJ-002G2Y,DFL-OBJ-00028V,4.816772778531283,9.951887238289606,3.3,14.77,4.063831773533073,5.994305631180314,1,0.0799999999999983,36.95,15.55,33.92,False,0
J03WOH,1,0:25:03.640000,DFL-OBJ-0028SW,DFL-OBJ-002GM1,4.854791447631916,29.841547981937396,4.67,15.42,4.260353480990635,18.95323191437281,0,12.190000000000001,42.69,9.81,-21.81,False,0
J03WOH,1,0:25:34.240000,DFL-OBJ-J01CP5,DFL-OBJ-0027B0,4.976906669810075,1.304569457131694,1.42,16.17,4.04714280550168,11.23000445235887,0,3.6999999999999993,77.0,24.5,-30.3,False,0
J03WOH,1,0:25:45.240000,DFL-OBJ-00028V,DFL-OBJ-0027B0,4.4641348545938895,76.89861322941154,18.46,5.44,0.7444938156959924,4.982609757948136,1,5.82,67.14,14.64,-28.18,False,0
J03WOH,1,0:25:45.640000,DFL-OBJ-00028V,DFL-OBJ-0027B0,4.596574811748419,43.397337003066035,16.41,6.77,-0.331099892886324,5.028578327917345,2,5.039999999999999,68.95,16.45,-28.96,False,0
J03WOH,1,0:25:57.920000,DFL-OBJ-00006V,DFL-OBJ-002GAB,4.973630464761126,30.566727522966925,11.79,24.45,4.713409076463773,18.939506329363496,0,8.75,89.47,36.97,25.25,False,0
J03WOH,1,0:26:11.200000,DFL-OBJ-002GM1,DFL-OBJ-0027B0,4.9511715785256305,75.04607051578287,10.44,14.19,2.313756627506234,10.509904852090719,1,1.2700000000000031,24.46,-28.04,-32.73,False,0
J03WOH,1,0:26:20.920000,DFL-OBJ-00028V,DFL-OBJ-002G2Y,3.9000641020372973,27.67591855588141,5.19,11.44,2.8484755837585163,6.190516941257813,2,22.98,31.52,-20.98,-11.02,False,0
J03WOH,1,0:26:23.360000,DFL-OBJ-0000NZ,DFL-OBJ-0027XP,4.941710230274534,28.041419686890993,6.81,16.77,2.5580724956269174,15.125131404387865,0,20.03,34.43,-18.07,13.97,False,0
J03WOH,1,0:26:30.680000,DFL-OBJ-J01CP5,DFL-OBJ-0027B0,4.976032556163594,9.549241591696866,11.7,23.97,3.475103968235127,10.513500844152722,1,0.8900000000000006,48.87,-3.63,-33.11,False,0
J03WOH,1,0:26:46.840000,DFL-OBJ-00003X,DFL-OBJ-0028SW,0.8796590248499743,57.45782384840176,15.03,26.56,2.488069095978246,6.892619240898193,3,16.89,15.259999999999998,-37.24,-17.11,False,0
J03WOH,1,0:26:47.400000,DFL-OBJ-002FXT,DFL-OBJ-002GEE,2.7183082974526607,148.92598873644783,22.78,12.5,2.0703515767517042,5.608966036623863,2,24.869999999999997,15.68,-36.82,-9.13,False,0
J03WOH,1,0:26:49.240000,DFL-OBJ-0028SW,DFL-OBJ-002FXT,1.6886977230990743,118.79134677479762,5.96,3.07,2.1483518453727632,5.3711265112637205,2,25.09,95.3,-42.8,-8.91,False,0
J03WOH,1,0:26:51.320000,DFL-OBJ-00003X,DFL-OBJ-0028SW,3.5687672941787585,40.673093829868186,2.35,3.16,0.6257581834521009,6.6308973751672555,1,19.509999999999998,11.549999999999997,-40.95,-14.49,False,0
J03WOH,1,0:26:54.720000,DFL-OBJ-00003X,DFL-OBJ-0027B0,4.338870820847289,16.088139775362677,11.36,14.86,0.028713715998192058,6.470857748397814,2,17.58,18.5,-34.0,-16.42,False,0
J03WOH,1,0:26:55.120000,DFL-OBJ-00003X,DFL-OBJ-0027B0,3.585108087631388,27.781071188236318,10.38,17.86,1.8844068330397523,6.51228070648064,2,18.119999999999997,19.479999999999997,-33.02,-15.88,False,0
J03WOH,1,0:27:04.120000,DFL-OBJ-0000F8,DFL-OBJ-0026UQ,4.937944916663207,116.45365224633255,12.14,8.8,2.1327497351922675,8.441569759233174,1,7.059999999999999,26.12,-26.38,26.94,False,0
J03WOH,1,0:27:25.560000,DFL-OBJ-0000F8,DFL-OBJ-0026UQ,4.898346659843503,34.83382033433489,2.39,13.78,3.948210199659312,7.393328073337475,2,0.17999999999999972,43.35,-9.15,33.82,False,0
J03WOH,1,0:27:26.760000,DFL-OBJ-J0130T,DFL-OBJ-002651,4.974374332516602,1.56586983129478,5.19,12.6,4.168054652926442,8.507132301780663,1,12.469999999999999,43.8,-8.7,21.53,False,0
J03WOH,1,0:27:27.960000,DFL-OBJ-00028V,DFL-OBJ-0026UQ,4.508181451538969,10.394772409797216,10.85,18.78,1.8703463848503654,7.823068451701033,2,6.940000000000001,33.36,-19.14,27.06,False,0
J03WOH,1,0:27:29.680000,DFL-OBJ-0000F8,DFL-OBJ-0026UQ,4.250799924720052,75.50503311099942,18.89,25.6,1.5390646710143496,8.547958820677598,1,4.100000000000001,24.77,-27.73,29.9,False,0
J03WOH,1,0:27:53.240000,DFL-OBJ-0028SW,DFL-OBJ-002GM1,4.842819426738933,15.543067425732314,1.03,16.03,5.692898764535423,15.44032383080096,1,6.899999999999999,80.98,-28.48,-27.1,False,0
J03WOH,1,0:29:05.120000,DFL-OBJ-0028FW,DFL-OBJ-002GAB,4.964121271685452,23.644336034156368,16.28,21.56,3.3329493436928104,17.64446938845144,0,33.47,86.33,33.83,0.53,False,0
J03WOH,1,0:29:11.120000,DFL-OBJ-002651,DFL-OBJ-00028V,1.0283968105745958,103.19721004886101,14.08,18.6,1.2244822522275072,8.53841320152638,2,22.52,71.21000000000001,-18.71,11.48,False,0
J03WOH,1,0:29:11.640000,DFL-OBJ-00028V,DFL-OBJ-002651,1.0458011283222073,62.03580430769025,16.35,19.62,0.055352044163734515,5.29371325252889,1,20.02,31.82,-20.68,13.98,False,0
J03WOH,1,0:29:13.240000,DFL-OBJ-002FXT,DFL-OBJ-002651,2.8257388414359883,61.646839572223406,18.28,5.42,3.563917100879169,6.107871969843506,0,17.32,31.34,-21.16,16.68,False,0
J03WOH,1,0:29:19.800000,DFL-OBJ-00268T,DFL-OBJ-002FXT,4.4618942165855975,159.0497186837684,3.94,4.75,0.12303573658558609,6.294966242959528,3,32.58,91.57,-39.07,-1.42,False,0
J03WOH,1,0:29:22.080000,DFL-OBJ-0027VS,DFL-OBJ-00028V,4.860092591710573,17.292449399877693,9.2,10.74,4.263729803728955,7.0781706676231,3,33.9,81.63,-29.13,-0.1,False,0
J03WOH,1,0:29:23.480000,DFL-OBJ-0027B0,DFL-OBJ-002FXT,4.971207096872951,16.565366548432706,19.8,25.55,2.745066980444062,6.03339042330264,3,26.97,73.03999999999999,-20.54,-7.03,False,0
J03WOH,1,0:29:28.920000,DFL-OBJ-0026UQ,DFL-OBJ-0000F8,4.932798394420755,70.35398937480919,30.56,28.64,3.150938167395898,11.694721031302967,1,11.3,41.04,11.46,22.7,False,0
J03WOH,1,0:30:03.920000,DFL-OBJ-0000NZ,DFL-OBJ-002G2Y,4.894946373557121,36.83245507671713,4.74,18.38,4.112710518527842,17.076592165886023,1,3.8099999999999987,89.72999999999999,37.23,30.19,False,0
J03WOH,1,0:30:57.840000,DFL-OBJ-0028SW,DFL-OBJ-00003X,4.836992867474584,31.45679281936284,10.3,26.05,6.3345699558395925,18.716591570048216,0,32.14,57.64,-5.14,1.86,False,0
J03WOH,1,0:31:01.240000,DFL-OBJ-0027B0,DFL-OBJ-002FXT,4.849546370538176,31.280807417482247,5.59,16.28,5.917925836115403,19.421972093482164,0,7.98,53.59,-1.09,-26.02,False,0
J03WOH,1,0:31:11.600000,DFL-OBJ-0027VS,DFL-OBJ-J0130T,3.8776926128820475,11.233198903857446,10.4,18.64,7.140256877010055,7.786205751198719,3,25.939999999999998,40.6,11.9,-8.06,False,0
J03WOH,1,0:31:12.040000,DFL-OBJ-002651,DFL-OBJ-00028V,2.6153584840323516,25.559212201386178,0.64,15.73,3.8341938714754153,5.5822576078142445,2,27.740000000000002,33.65,18.85,-6.26,False,0
J03WOH,1,0:31:13.280000,DFL-OBJ-0027VS,DFL-OBJ-00028V,3.1976553910638974,51.051799632210326,20.49,20.34,3.932014506433664,5.609322597248263,2,21.6,34.230000000000004,18.27,-12.4,False,0
J03WOH,1,0:31:14.160000,DFL-OBJ-002651,DFL-OBJ-J0130T,4.994096514886351,18.081672148194,2.6,15.68,3.3298029744989766,6.773241469193315,1,28.54,30.71,21.79,-5.46,False,0
J03WOH,1,0:31:18.960000,DFL-OBJ-J0130T,DFL-OBJ-002651,1.6637307474468341,3.2186221108991133,16.86,10.93,-1.8087950139084525,8.032440475969928,6,33.86,75.06,22.56,0.14,False,0
J03WOH,1,0:31:21.920000,DFL-OBJ-00003X,DFL-OBJ-002GEE,4.999729992709607,61.19407752977157,21.12,24.73,1.661382098029589,18.81234966717342,0,17.34,42.89,-9.61,16.66,False,0
J03WOH,1,0:32:50.600000,DFL-OBJ-0026UQ,DFL-OBJ-0000F8,2.0519746587129197,49.55436438469594,26.33,27.25,6.55405346790027,15.295296662699942,0,12.23,59.68,-7.18,21.77,False,0
J03WOH,1,0:32:50.920000,DFL-OBJ-0000F8,DFL-OBJ-0026UQ,0.6447480127925946,108.49569306125261,23.78,24.39,4.761904360009492,13.375892493587111,1,12.989999999999998,47.28,-5.22,21.01,False,0
J03WOH,1,0:32:53.120000,DFL-OBJ-0027XP,DFL-OBJ-0000F8,2.3455702931270235,52.99480986204643,18.47,12.51,5.693890886250254,9.441324059685698,1,14.629999999999999,49.2,3.3,19.37,False,0
J03WOH,1,0:33:01.040000,DFL-OBJ-0028FW,DFL-OBJ-0027B0,1.6036520819679043,34.4054141692438,4.74,16.24,6.079539182070778,12.202434183391443,1,29.84,102.07,49.57,-4.16,False,0
J03WOH,1,0:33:02.560000,DFL-OBJ-0028FW,DFL-OBJ-0027B0,3.6048439633360005,118.19464955960815,12.4,5.88,-3.1281805239914715,6.6163585150745865,2,29.89,98.64,46.14,-4.11,False,0
J03WOH,1,0:33:03.040000,DFL-OBJ-0028FW,DFL-OBJ-0027B0,4.795268501345884,92.22987789145817,11.28,6.49,-2.4131386163446167,6.188020685162584,3,30.04,97.03999999999999,44.54,-3.96,False,0
J03WOH,1,0:34:51.480000,DFL-OBJ-J0130T,DFL-OBJ-002GAB,4.9186685190201604,6.115317794503211,4.47,6.36,3.1909245455751556,15.966571328873332,1,25.759999999999998,73.31,20.81,-8.24,False,0
J03WOH,1,0:35:14.560000,DFL-OBJ-0026UQ,DFL-OBJ-00003X,3.4009410462399985,2.587862046511168,6.05,20.4,5.074949215028944,8.209658945413022,1,9.149999999999999,69.02,-16.52,24.85,False,0
J03WOH,1,0:35:31.800000,DFL-OBJ-002GEE,DFL-OBJ-00003X,4.911384733453489,16.945318616765537,11.83,17.12,3.931797263617003,14.753172540169114,0,8.379999999999999,57.55,-5.05,25.62,False,0
J03WOH,1,0:35:34.720000,DFL-OBJ-00268T,DFL-OBJ-002FXT,4.958679259641623,18.823963602379177,9.7,19.03,4.13558088314071,13.836997506684751,0,28.7,69.32,-16.82,5.3,False,0
J03WOH,1,0:35:38.720000,DFL-OBJ-0027VS,DFL-OBJ-002FXT,4.4858889865889475,32.17349442694536,15.44,17.59,3.1645377718013656,5.140710067685203,1,25.03,62.29,-9.79,-8.97,False,0
J03WOH,1,0:35:39.800000,DFL-OBJ-0027XP,DFL-OBJ-J0130T,3.674901359220408,48.49403539005139,18.92,24.82,1.6921997132041622,8.695406833495486,2,14.89,52.02,0.48,-19.11,False,0
J03WOH,1,0:35:42.480000,DFL-OBJ-0028SW,DFL-OBJ-J01CP5,4.751894359095118,74.00804603532119,29.68,19.31,7.5087271666724416,7.232164268045909,1,2.719999999999999,38.18,14.32,-31.28,False,0
J03WOH,1,0:35:47.760000,DFL-OBJ-002651,DFL-OBJ-0000F8,4.179485614283173,14.920032078487441,11.6,19.32,1.7441373535283011,5.138170880770706,0,21.57,23.33,29.17,-12.43,False,0
J03WOH,1,0:35:51.200000,DFL-OBJ-00006V,DFL-OBJ-002GAB,2.149790687485639,120.40516419696458,6.15,10.23,-2.0319477360424467,4.356248385939443,4,29.05,93.06,40.56,-4.95,False,0
J03WOH,1,0:35:54.640000,DFL-OBJ-002FXT,DFL-OBJ-00268T,1.36033084211158,159.50657533761074,24.48,20.97,1.0607449270881175,10.745254766640016,1,10.059999999999999,64.0,11.5,-23.94,False,0
J03WOH,1,0:35:55.040000,DFL-OBJ-002FXT,DFL-OBJ-00268T,0.9527329111561148,172.4969764690215,23.26,20.38,1.018994827388663,11.475164486838521,1,8.170000000000002,62.1,9.6,-25.83,False,0
J03WOH,1,0:36:05.840000,DFL-OBJ-0028SW,DFL-OBJ-002FXT,2.316570741419308,87.40040637537736,0.27,4.21,0.04916387000015732,11.289729846192069,2,1.7100000000000009,47.96,4.54,-32.29,False,0
J03WOH,1,0:36:07.040000,DFL-OBJ-0027VS,DFL-OBJ-002FXT,4.958679259641625,39.82791035949424,9.22,13.12,2.1226208776271838,10.58539087610845,2,8.04,48.0,4.5,-25.96,False,0
J03WOH,1,0:36:12,DFL-OBJ-002GAB,DFL-OBJ-J01CP5,0.960208310732623,165.33717141812434,2.37,10.5,-0.40521378290805904,3.616019911449605,4,21.89,27.24,25.26,-12.11,False,0
J03WOH,1,0:36:15.200000,DFL-OBJ-002G2Y,DFL-OBJ-J0130T,4.005658497675505,16.729406978527354,8.5,16.05,2.253290325853079,4.839225144586681,2,24.939999999999998,16.92,35.58,-9.06,False,0
J03WOH,1,0:36:48.520000,DFL-OBJ-0028SW,DFL-OBJ-002GM1,4.891237062339139,5.399825082409067,2.56,11.24,2.037644268685701,6.446402097294274,1,0.759999999999998,50.19,2.31,-33.24,False,0
J03WOH,1,0:36:51.160000,DFL-OBJ-0027VS,DFL-OBJ-0000F8,1.4927156460625717,37.93151130101366,12.0,21.14,2.6229827139496336,4.119623769229419,3,13.719999999999999,49.33,3.17,-20.28,False,0
J03WOH,1,0:36:51.760000,DFL-OBJ-0027VS,DFL-OBJ-0000F8,1.3274034804836112,110.52448599418067,9.0,16.4,-0.4430739514711768,3.850116881342693,3,12.579999999999998,50.38,2.12,-21.42,False,0
J03WOH,1,0:36:56.680000,DFL-OBJ-0027B0,DFL-OBJ-J01CP5,2.361715478206465,115.12409721301097,26.2,22.53,0.4481222641116922,2.996664812754339,3,10.129999999999999,29.22,23.28,-23.87,False,0
J03WOH,1,0:36:58.480000,DFL-OBJ-J014UG,DFL-OBJ-002GAB,1.3729530217745975,157.5952955758272,8.46,19.01,0.8864714602299001,3.62008287197959,2,20.25,85.4,32.9,-13.75,False,0
J03WOH,1,0:37:00.440000,DFL-OBJ-002651,DFL-OBJ-00028V,3.824264635194589,172.0198862548318,14.45,1.75,-0.6976767634479508,5.277973095801078,0,16.06,27.51,24.99,-17.94,False,0
J03WOH,1,0:37:06.520000,DFL-OBJ-0027XP,DFL-OBJ-0000NZ,3.5928957680400377,1.4697435161845027,6.23,17.58,2.593192537282748,7.290301777018562,1,28.82,30.37,22.13,5.18,False,0
J03WOH,1,0:37:07.040000,DFL-OBJ-0027XP,DFL-OBJ-0000NZ,1.4866068747318515,18.25973291801672,3.77,14.98,4.0790745161779105,5.845930208273103,1,28.45,30.82,21.68,5.55,False,0
J03WOH,1,0:37:07.360000,DFL-OBJ-0027XP,DFL-OBJ-0000NZ,0.7256031973468687,49.72798781884227,5.84,11.7,2.6639937931443045,5.274182401093084,1,28.18,31.11,21.39,5.82,False,0
J03WOH,1,0:37:10.760000,DFL-OBJ-0026UQ,DFL-OBJ-0000F8,4.995207703389321,14.198065734472001,16.51,18.23,1.8441996904543223,10.890293843602201,1,10.969999999999999,37.66,14.84,23.03,False,0
J03WOH,1,0:37:13.160000,DFL-OBJ-002GEE,DFL-OBJ-00003X,4.987684833667821,11.15025046488513,5.78,17.28,5.916686044559434,13.386235467822909,0,13.66,53.14,-0.64,20.34,False,0
J03WOH,1,0:37:15.800000,DFL-OBJ-00268T,DFL-OBJ-002FXT,4.900653017711007,19.8399340383688,11.38,20.79,4.133459765502128,15.623399117989656,0,32.12,67.68,-15.18,1.88,False,0
J03WOH,1,0:37:18.960000,DFL-OBJ-0028SW,DFL-OBJ-002GM1,4.897193073588176,13.180640524896061,8.63,12.13,5.251319960033407,19.257728318781528,0,6.859999999999999,68.27,-15.77,-27.14,False,0
J03WOH,1,0:37:20.360000,DFL-OBJ-0027VS,DFL-OBJ-00028V,4.896243457999204,30.74716704600212,9.26,21.49,3.547777117960784,6.682581836386292,1,16.14,61.5,-9.0,-17.86,False,0
J03WOH,1,0:37:22.920000,DFL-OBJ-002G2Y,DFL-OBJ-J014UG,3.3909438214160956,73.85102693615927,15.98,20.19,0.26706724299708107,9.3038970329642,1,9.100000000000001,28.49,24.01,-24.9,False,0
J03WOH,1,0:37:23.400000,DFL-OBJ-002G2Y,DFL-OBJ-J014UG,3.364817974274387,78.74153463947859,11.08,13.59,-0.0542641297542823,8.208343316406788,2,7.84,27.27,25.23,-26.16,False,0
J03WOH,1,0:37:39.720000,DFL-OBJ-00268T,DFL-OBJ-002FXT,4.980090360626,31.38686104865274,21.04,22.87,1.9812068062433275,14.92504606358051,0,12.149999999999999,65.81,-13.31,-21.85,False,0
J03WOH,1,0:38:05.880000,DFL-OBJ-00268T,DFL-OBJ-00003X,4.989589161444056,130.4971226518211,17.89,8.56,3.1594248396829006,5.295101509886284,1,29.83,61.94,-9.44,-4.17,False,0
J03WOH,1,0:38:10.800000,DFL-OBJ-002GEE,DFL-OBJ-00003X,4.999249943741559,40.729616445037934,17.3,18.08,1.6806004006968034,16.127349441244213,0,21.54,70.08,-17.58,12.46,False,0
J03WOH,1,0:39:01.840000,DFL-OBJ-0028FW,DFL-OBJ-002GAB,4.960362889950692,54.281025494443135,5.82,15.17,2.6631227804040702,12.814776627003685,0,14.219999999999999,101.65,49.15,19.78,False,0
J03WOH,1,0:39:10.680000,DFL-OBJ-J014UG,DFL-OBJ-002GAB,4.946958661642525,28.01630589707551,25.82,22.75,2.767744574174311,14.421074855918334,0,16.93,81.52,29.02,-17.07,False,0
J03WOH,1,0:39:18.720000,DFL-OBJ-002FXT,DFL-OBJ-0026UQ,1.7880995498014132,133.70994214443778,7.66,7.78,0.42898575960004015,4.211709866550642,1,28.7,21.51,-30.99,-5.3,False,0
J03WOH,1,0:39:19.240000,DFL-OBJ-00003X,DFL-OBJ-00268T,2.1910043359153812,27.140585643495317,20.67,26.34,1.8231740595891477,5.407198905163373,2,22.39,17.15,-35.35,-11.61,False,0
J03WOH,1,0:39:25.640000,DFL-OBJ-0027XP,DFL-OBJ-002GM1,4.299686035049533,26.740760250867808,15.07,21.96,8.878475810696331,4.928214686882056,2,18.34,83.1,-30.6,15.66,False,0
J03WOH,1,0:39:26.040000,DFL-OBJ-0027XP,DFL-OBJ-002GM1,1.8987364219396,18.915626508119374,9.35,18.41,6.002374032774833,4.260751107492669,2,17.27,83.8,-31.3,16.73,False,0
J03WOH,1,0:39:33.720000,DFL-OBJ-0027VS,DFL-OBJ-0000F8,4.999079915344424,47.45687839495921,11.78,15.34,5.300193345378115,10.920773782109034,2,14.899999999999999,80.37,-27.87,19.1,False,0
J03WOH,1,0:39:39.840000,DFL-OBJ-0027B0,DFL-OBJ-00028V,4.90600652262102,66.64422672597148,17.38,20.82,1.9522707060951183,11.738926697104809,2,27.8,62.83,-10.33,6.2,False,0
J03WOH,1,0:39:43.080000,DFL-OBJ-0028SW,DFL-OBJ-00003X,3.5906823863995543,24.985952105328625,9.12,23.47,4.172652383365542,13.94,0,6.68,46.85,5.65,-27.32,False,0
J03WOH,1,0:39:49.640000,DFL-OBJ-J0130T,DFL-OBJ-0027B0,4.835669550331163,27.970474924780994,19.43,20.32,9.275180198189874,6.1918979319753,1,20.84,59.3,6.8,-13.16,False,0
J03WOH,1,0:39:50.520000,DFL-OBJ-002GAB,DFL-OBJ-00028V,4.762656821565039,54.59124811813304,6.69,5.95,-0.17801788054937928,7.126471777815444,3,17.0,44.72,7.78,-17.0,False,0
J03WOH,1,0:39:52.240000,DFL-OBJ-0027B0,DFL-OBJ-00028V,3.8302088715891194,5.944845079563443,18.94,24.52,2.3293087732079174,7.742583548144636,3,23.939999999999998,41.46,11.04,-10.06,False,0
J03WOH,1,0:39:54.480000,DFL-OBJ-0027VS,DFL-OBJ-002FXT,2.8102846830881747,0.12939900505962826,16.35,15.13,0.1878605695912694,3.7592552453910333,2,27.85,52.8,-0.3,-6.15,False,0
J03WOH,1,0:39:56.960000,DFL-OBJ-002GAB,DFL-OBJ-J01CP5,4.530452516029718,21.24349822058053,4.81,8.39,4.537230585644227,7.183049491685269,2,20.14,40.17,12.33,-13.86,False,0
J03WOH,1,0:39:58.840000,DFL-OBJ-J0130T,DFL-OBJ-002GAB,1.4681961721786367,3.111376413470561,17.38,5.23,1.8937368294700967,10.076795125435467,2,20.66,67.3,14.8,-13.34,False,0
J03WOH,1,0:40:01.240000,DFL-OBJ-0027B0,DFL-OBJ-00006V,4.857211133973897,28.816926651214718,4.4,14.62,3.280189241927014,6.188965987949845,3,29.4,27.96,24.54,-4.6,False,0
J03WOH,1,0:40:34.600000,DFL-OBJ-00028V,DFL-OBJ-002G2Y,4.501610822805545,15.839407145206819,3.89,16.24,3.579570787069679,12.374817170366597,0,23.380000000000003,83.36,30.86,10.62,False,0
J03WOH,1,0:40:41.120000,DFL-OBJ-0000NZ,DFL-OBJ-0027XP,4.991442677222687,24.14346339985687,1.73,16.21,4.267978779809085,8.034880210681424,1,2.120000000000001,81.18,28.68,31.88,False,0
J03WOH,1,0:40:44.040000,DFL-OBJ-00006V,DFL-OBJ-0027XP,4.846906229751098,10.689680553242749,9.25,15.52,5.796311678644607,16.117177172197366,0,7.34,91.75999999999999,39.26,26.66,False,0
J03WOH,1,0:40:48,DFL-OBJ-J01CP5,DFL-OBJ-0027B0,4.799051989716301,11.661148627721843,2.27,21.5,4.9705940046647346,19.265409416879777,0,2.4299999999999997,71.36,18.86,-31.57,False,0
J03WOH,1,0:40:48.400000,DFL-OBJ-J01CP5,DFL-OBJ-0027B0,2.7416965550549186,23.622350401873163,4.77,16.8,5.143388586653456,17.503748170034896,0,2.41,71.07,18.57,-31.59,False,0
J03WOH,1,0:40:52.040000,DFL-OBJ-002GM1,DFL-OBJ-0028SW,1.6949926253526886,21.411393885577322,17.43,27.7,1.9224697351270597,4.278469352467072,0,6.199999999999999,34.730000000000004,-17.77,-27.8,False,0
J03WOH,1,0:41:07.280000,DFL-OBJ-00028V,DFL-OBJ-002651,4.9288132445853545,49.57812801063726,8.81,17.44,3.160901041984401,8.582033558545433,2,13.41,39.019999999999996,-13.48,20.59,False,0
J03WOH,1,0:41:07.920000,DFL-OBJ-0000F8,DFL-OBJ-0026UQ,2.791218371965905,19.835160949155245,23.5,18.12,-1.1838138841644352,10.080515859815906,1,10.690000000000001,26.39,-26.11,23.31,False,0
J03WOH,1,0:41:24.880000,DFL-OBJ-002FXT,DFL-OBJ-002GAB,4.881987300270248,41.589983595582396,13.77,18.03,3.86404307547634,13.31357577812963,1,13.280000000000001,37.230000000000004,-15.27,-20.72,False,0
J03WOH,1,0:41:29.800000,DFL-OBJ-J0130T,DFL-OBJ-0027B0,4.883625702283088,19.659720707725086,9.91,20.96,3.6983239648645028,6.898014207001898,1,14.219999999999999,42.78,-9.72,-19.78,False,0
J03WOH,1,0:41:34.640000,DFL-OBJ-J01CP5,DFL-OBJ-0028SW,4.868695923961573,7.6366879931069755,1.0,12.44,3.2863689036483157,8.15885408620598,1,1.1199999999999974,36.05,-16.45,-32.88,False,0
J03WOH,1,0:41:47.280000,DFL-OBJ-J0130T,DFL-OBJ-002651,4.98196748283246,24.54681962414057,2.12,8.35,3.1549539701702556,7.599427610024324,0,30.29,50.41,-2.09,3.71,False,0
J03WOH,1,0:41:52.680000,DFL-OBJ-002GM1,DFL-OBJ-00268T,4.900826460914524,51.84134652519088,16.03,12.12,5.05264780085374,6.174665982869034,1,20.85,20.29,-32.21,-13.15,False,0
J03WOH,1,0:41:53.280000,DFL-OBJ-0027VS,DFL-OBJ-00028V,4.278340799889604,59.670156869079754,17.92,7.34,-3.8601918267780198,7.266264514865943,2,27.84,84.19,-31.69,-6.16,False,0
J03WOH,1,0:41:53.920000,DFL-OBJ-0027B0,DFL-OBJ-002GM1,4.43301251972065,,6.73,3.72,2.218079588924531,13.112589370524802,2,17.9,84.31,-31.81,-16.1,False,0
J03WOH,1,0:42:18.320000,DFL-OBJ-00006V,DFL-OBJ-0027XP,4.821255023331578,1.417962570331656,3.81,19.03,6.517420456981202,17.465294157270872,0,15.829999999999998,73.05,20.55,18.17,False,0
J03WOH,1,0:42:27.480000,DFL-OBJ-002GM1,DFL-OBJ-002GEE,4.970492933301484,143.33795328564588,17.19,16.41,1.1373217732480123,5.366386121031545,1,33.74,22.32,-30.18,0.26,False,0
J03WOH,1,0:42:35.360000,DFL-OBJ-0000NZ,DFL-OBJ-002651,4.325101154886443,52.314483630218774,24.83,20.88,5.978018387505011,19.002384060954036,0,7.91,17.090000000000003,-35.41,26.09,False,0
J03WOH,1,0:43:35.280000,DFL-OBJ-0000NZ,DFL-OBJ-0027XP,3.582094359449508,39.99597570587568,16.3,15.83,-0.9941979637813492,9.928756216163231,1,8.010000000000002,33.19,-19.31,25.99,False,0
J03WOH,1,0:43:38.840000,DFL-OBJ-002GNH,DFL-OBJ-002FXT,1.8860540819393294,19.34174066682832,4.96,17.29,7.4399049020373775,7.337117962797109,0,33.69,99.85,-47.35,0.31,False,0
J03WOH,1,0:43:53.600000,DFL-OBJ-0028SW,DFL-OBJ-00003X,4.9282958515089215,19.500920071829217,1.89,11.32,3.669433134522029,25.828015796804834,1,8.079999999999998,88.92,-36.42,-25.92,False,0
J03WOH,1,0:43:57.080000,DFL-OBJ-00268T,DFL-OBJ-00003X,4.963909749381025,34.919915207340146,17.75,20.0,3.3216631005992014,12.11651765153668,0,24.42,86.87,-34.37,-9.58,False,0
J03WOH,1,0:43:59.680000,DFL-OBJ-002651,DFL-OBJ-0000F8,4.898346659843503,1.0762346224660633,5.43,14.71,5.872977132487276,8.190610477858167,1,33.27,69.47,-16.97,-0.73,False,0
J03WOH,1,0:44:09.320000,DFL-OBJ-0026UQ,DFL-OBJ-0000F8,4.929310296583083,27.515639042726463,3.63,7.66,2.9385434489271667,11.940406190745772,1,4.460000000000001,62.12,-9.62,29.54,False,0
J03WOH,1,0:44:13.440000,DFL-OBJ-00268T,DFL-OBJ-00003X,4.953836896790206,6.237397758677176,10.71,18.21,4.397857668570921,17.371430568608908,1,33.74,80.27,-27.77,-0.26,False,0
J03WOH,1,0:44:20.600000,DFL-OBJ-0027VS,DFL-OBJ-J0130T,4.887064558607753,32.15968791912423,12.94,6.72,6.261600628788881,11.994352837898342,1,6.710000000000001,45.81,6.69,-27.29,False,0
J03WOH,1,0:44:25.160000,DFL-OBJ-002651,DFL-OBJ-J0130T,4.890163596445419,1.9172773502707805,4.09,22.14,7.549843851770667,7.659144860883622,2,24.689999999999998,41.74,10.76,-9.31,False,0
J03WOH,1,0:44:32.440000,DFL-OBJ-0000NZ,DFL-OBJ-0027XP,4.9885669284875815,34.317399037846776,1.05,13.37,3.384969404640119,12.543448489151617,1,20.240000000000002,80.69,28.19,13.76,False,0
J03WOH,1,0:44:44.240000,DFL-OBJ-002GM1,DFL-OBJ-0027VS,4.922692352767944,60.128920387412045,3.55,11.73,2.369291228992889,5.864716531939118,1,11.2,43.730000000000004,-8.77,-22.8,False,0
J03WOH,1,0:44:49.960000,DFL-OBJ-J01CP5,DFL-OBJ-0027VS,4.967343354349487,71.54340512922428,27.69,25.35,0.8982665619124086,11.473103329091046,0,2.879999999999999,23.0,-29.5,-31.12,False,0
J03WOH,1,0:45:37.120000,DFL-OBJ-J01CP5,DFL-OBJ-002GAB,4.944046925343652,25.88385983141658,4.07,12.14,4.106971075302659,12.873713527960764,0,17.02,23.38,-29.12,-16.98,False,0
J03WOH,2,0:00:18.600000,DFL-OBJ-0027XP,DFL-OBJ-0000NZ,1.5122169156572742,11.8023111215511,1.37,5.86,2.4226826785651436,2.471942555966867,4,6.710000000000001,61.59,9.09,-27.29,False,0
J03WOH,2,0:00:22.080000,DFL-OBJ-00003X,DFL-OBJ-00268T,0.8757282683572578,120.553723786729,3.45,13.57,-0.4972435449913723,8.09969135214423,4,22.310000000000002,34.94,17.56,-11.69,False,0
J03WOH,2,0:00:22.280000,DFL-OBJ-00268T,DFL-OBJ-00003X,1.3430189872075515,90.99030285922028,11.85,0.53,-1.9246744799281679,4.182260154509761,1,21.240000000000002,69.28,16.78,-12.76,False,0
J03WOH,2,0:00:23.320000,DFL-OBJ-0027VS,DFL-OBJ-00028V,2.796462050520265,24.248510018464298,8.85,14.9,1.1589982464893245,4.565369645494218,2,22.96,62.730000000000004,10.23,-11.04,False,0
J03WOH,2,0:00:24.080000,DFL-OBJ-0027XP,DFL-OBJ-00028V,4.962841927766791,40.76619670286029,4.51,11.55,1.5144836316183463,8.637082840867048,3,23.23,57.269999999999996,4.77,-10.77,False,0
J03WOH,2,0:00:43.360000,DFL-OBJ-002GEE,DFL-OBJ-00003X,4.831749165674893,4.1015680719690835,10.41,24.16,3.996871205631307,16.19804000488948,0,18.560000000000002,75.3,22.8,-15.44,False,0
J03WOH,2,0:00:51.240000,DFL-OBJ-0028SW,DFL-OBJ-002GM1,4.874935897014441,15.110006833031608,9.12,13.47,6.69337131398928,13.608456929424438,0,3.120000000000001,83.5,31.0,30.88,False,0
J03WOH,2,0:00:52.560000,DFL-OBJ-0027VS,DFL-OBJ-J0130T,0.8770974860299163,19.74757583426861,15.96,25.05,3.6958575619688516,11.741537378043812,0,4.57,65.9,13.4,29.43,False,0
J03WOH,2,0:00:54.720000,DFL-OBJ-0027VS,DFL-OBJ-J0130T,3.1060103026229657,20.88463123722123,15.24,13.67,0.5553182868100204,8.582878305090897,1,3.0599999999999987,61.09,8.59,30.94,False,0
J03WOH,2,0:00:57.440000,DFL-OBJ-002G2Y,DFL-OBJ-J014UG,2.9836387180756314,62.663605644303445,10.03,6.83,-0.6795319123960808,6.750740700100988,0,18.380000000000003,45.43,-7.07,15.62,False,0
J03WOH,2,0:00:57.640000,DFL-OBJ-002GAB,DFL-OBJ-00006V,3.910652119531984,74.90742207938332,10.52,7.54,-1.355191882502258,4.344156995321417,1,21.52,44.47,-8.03,12.48,False,0
J03WOH,2,0:01:10.600000,DFL-OBJ-0027VS,DFL-OBJ-002GM1,4.495887009256349,62.08970729823729,11.63,5.38,3.831882425106159,5.9633715295963245,2,23.82,58.57,6.07,10.18,False,0
J03WOH,2,0:01:12.120000,DFL-OBJ-0027B0,DFL-OBJ-002GM1,3.293281038721111,46.10365982540663,5.41,12.74,1.6574811510480247,4.5632006311360005,2,15.260000000000002,53.33,0.83,18.74,False,0
J03WOH,2,0:01:18.160000,DFL-OBJ-002GAB,DFL-OBJ-0000NZ,2.524480144505004,78.53504906325985,4.68,7.13,0.9291380286195583,7.885841743276363,2,20.75,31.64,-20.86,-13.25,False,0
J03WOH,2,0:01:22.360000,DFL-OBJ-002GAB,DFL-OBJ-00006V,1.800499930574835,3.232797920979994,21.81,17.14,-0.970669137655153,2.4705060210410332,1,28.54,16.39,-36.11,-5.46,False,0
J03WOH,2,0:01:23.560000,DFL-OBJ-002GAB,DFL-OBJ-0000NZ,1.917185437040456,77.44431924567623,26.69,23.24,-0.035272450881244644,4.16760122852463,1,24.39,9.280000000000001,-43.22,-9.61,False,0
J03WOH,2,0:01:32.360000,DFL-OBJ-0028SW,DFL-OBJ-002GM1,4.979528090090467,30.154164079539303,3.84,12.04,3.631155676497073,24.13072729944127,0,-1.2899999999999991,2.8299999999999983,-49.67,35.29,False,0
J03WOH,2,0:02:01.440000,DFL-OBJ-00028V,DFL-OBJ-002651,2.0181674856165954,38.27263853311554,16.25,20.61,0.8579701432166809,2.3403418553707063,5,18.96,71.37,-18.87,15.04,False,0
J03WOH,2,0:02:05.880000,DFL-OBJ-0000NZ,DFL-OBJ-0027XP,4.994607091653957,56.269470058280774,23.57,28.7,1.7427215337350677,17.212204972053986,1,16.6,61.91,-9.41,-17.4,False,0
J03WOH,2,0:02:09.720000,DFL-OBJ-00003X,DFL-OBJ-002GEE,0.8407734534343969,145.82021352470665,27.63,30.11,-0.2634560025009766,6.7123244856010915,0,15.54,15.840000000000003,36.66,-18.46,False,0
J03WOH,2,0:02:10.200000,DFL-OBJ-002GEE,DFL-OBJ-00003X,0.9871676655968842,21.132498585163592,25.73,25.19,-0.29478778278214407,27.515308466379224,0,15.73,93.63,41.13,-18.27,False,0
J03WOH,2,0:02:13.200000,DFL-OBJ-0026UQ,DFL-OBJ-0000NZ,3.369287758562631,15.39858609605408,7.11,16.03,6.039231986398478,7.369151918640304,1,4.309999999999999,88.87,36.37,-29.69,False,0
J03WOH,2,0:02:14.200000,DFL-OBJ-0026UQ,DFL-OBJ-0000NZ,1.2001666550941956,39.69408079455383,6.09,12.62,1.7913079995949899,3.5171010790137998,1,2.460000000000001,89.19,36.69,-31.54,False,0
J03WOH,2,0:03:03.360000,DFL-OBJ-0000F8,DFL-OBJ-002GAB,2.9062174729362535,64.12566477757417,14.61,17.09,5.935071833611649,8.530005861662701,3,5.739999999999998,82.0,-29.5,-28.26,False,0
J03WOH,2,0:03:03.720000,DFL-OBJ-002GAB,DFL-OBJ-0000F8,1.5780050697003487,37.87139315568077,14.26,11.07,3.8035759069037565,9.17848026636218,3,3.5700000000000003,21.43,-31.07,-30.43,False,0
J03WOH,2,0:03:04.880000,DFL-OBJ-0026UQ,DFL-OBJ-0000F8,4.811423905664517,18.118586150975688,8.14,12.8,5.826411532371225,6.4162683859078085,0,3.1799999999999997,30.06,-22.44,-30.82,False,0
J03WOH,2,0:03:14.320000,DFL-OBJ-00268T,DFL-OBJ-002FXT,4.940222667046497,4.561638676807411,1.86,22.47,7.082405021225735,11.439986888104375,1,17.85,57.37,4.87,-16.15,False,0
J03WOH,2,0:03:26.960000,DFL-OBJ-0027VS,DFL-OBJ-00028V,4.467504896471856,59.437759998087266,1.15,10.73,1.5841050834654347,9.177717581185425,3,20.23,54.11,1.61,-13.77,False,0
J03WOH,2,0:03:41.480000,DFL-OBJ-J0130T,DFL-OBJ-002GAB,2.9689223634174056,167.25404317124907,0.82,4.19,-1.232142340429987,5.272276548133643,2,17.42,51.4,1.1,-16.58,False,0
J03WOH,2,0:03:51.320000,DFL-OBJ-00006V,DFL-OBJ-002GAB,4.985549117198627,35.35844380887813,15.76,19.92,2.5303969458069897,14.332522457683437,0,18.21,69.92,-17.42,-15.79,False,0
J03WOH,2,0:03:53.160000,DFL-OBJ-0000NZ,DFL-OBJ-0027XP,4.984586241605214,14.96940424413912,4.13,15.44,4.017384477227461,11.302955365743953,0,3.1400000000000006,68.35,-15.85,-30.86,False,0
J03WOH,2,0:04:09.640000,DFL-OBJ-00268T,DFL-OBJ-002FXT,4.9788753750219525,41.51268359136753,23.31,24.25,0.1867193110397669,17.189095380502142,0,10.780000000000001,95.71000000000001,43.21,23.22,False,0
J03WOH,2,0:04:15.120000,DFL-OBJ-002651,DFL-OBJ-0000F8,1.7884630272946656,2.084102007560264,14.63,21.58,1.842567560401737,12.12427729804956,0,27.03,76.5,24.0,6.97,False,0
J03WOH,2,0:04:18.960000,DFL-OBJ-0028SW,DFL-OBJ-002GM1,4.970090542434814,58.94638809203196,16.99,25.19,2.552027230602345,10.405392832565235,1,3.0500000000000007,68.4,15.9,30.95,False,0
J03WOH,2,0:04:33,DFL-OBJ-J0130T,DFL-OBJ-002G2Y,4.974173298147142,64.55513796546562,5.67,10.45,2.8282900880786777,8.513753578768885,1,24.66,73.71000000000001,-21.21,9.34,False,0
J03WOH,2,0:04:37.280000,DFL-OBJ-00006V,DFL-OBJ-002GAB,4.901112118693061,32.03844308558549,13.38,20.41,3.9401386804005356,10.563370674174033,0,18.1,76.33,-23.83,-15.9,False,0
J03WOH,2,0:04:46.600000,DFL-OBJ-J014UG,DFL-OBJ-002G2Y,4.9020913904169525,37.780865632388306,14.68,22.19,4.347331567517167,15.80939594038937,0,4.109999999999999,87.08,-34.58,29.89,False,0
J03WOH,2,0:04:50.680000,DFL-OBJ-002651,DFL-OBJ-00028V,3.8658116870846153,19.462808148634306,11.92,21.74,3.3547353544522838,6.087569301453577,2,31.8,58.59,6.09,2.2,False,0
J03WOH,2,0:05:06.560000,DFL-OBJ-0028SW,DFL-OBJ-002GM1,4.924103979405797,36.66693849647866,11.23,12.82,5.805479064840712,14.669676206378925,0,5.07,52.6,0.1,28.93,False,0
J03WOH,2,0:05:37.360000,DFL-OBJ-0000NZ,DFL-OBJ-002GAB,4.922600938528331,4.449743805341385,10.65,19.98,4.2616334872604495,9.93773616071588,0,3.960000000000001,88.14,-35.64,-30.04,False,0
J03WOH,2,0:05:48.400000,DFL-OBJ-002GM1,DFL-OBJ-0027B0,4.9048649318814075,14.49778336738257,16.49,21.76,10.66435070651723,8.739937070711665,2,32.42,63.06,-10.56,1.58,False,0
J03WOH,2,0:05:48.600000,DFL-OBJ-002GM1,DFL-OBJ-0027B0,3.0323753065872303,32.69702082308336,15.58,21.54,9.916240077482126,7.258443359288545,2,33.18,63.5,-11.0,0.82,False,0
J03WOH,2,0:05:49.600000,DFL-OBJ-0027B0,DFL-OBJ-J0130T,2.3203448019637087,65.71003816408688,19.01,19.13,4.666617395595894,6.7496148038239925,2,32.53,46.06,-6.44,1.47,False,0
J03WOH,2,0:05:54.560000,DFL-OBJ-002651,DFL-OBJ-00028V,4.9375297467458354,0.67265674460263,8.33,16.07,1.9031270614234974,6.787400091345728,3,28.509999999999998,57.42,4.92,5.49,False,0
J03WOH,2,0:05:58.760000,DFL-OBJ-0028SW,DFL-OBJ-002GM1,4.965329797707299,9.481088728523838,3.96,14.63,4.63816004520807,11.833161031609432,0,8.219999999999999,65.4,12.9,25.78,False,0
J03WOH,2,0:06:02.720000,DFL-OBJ-00268T,DFL-OBJ-00003X,4.8821511652139575,14.419826165858455,13.27,20.88,5.311132156039937,16.99943528473814,0,25.18,81.57,29.07,8.82,False,0
J03WOH,2,0:06:12.480000,DFL-OBJ-0000F8,DFL-OBJ-0026UQ,3.649657518178932,30.25542250426198,9.97,11.56,-0.6540493449704066,4.619632019977349,1,1.2800000000000011,58.65,-6.15,-32.72,False,0
J03WOH,2,0:06:25.680000,DFL-OBJ-002G2Y,DFL-OBJ-J014UG,3.3563819806452306,7.268218257318218,2.37,9.81,3.6654230285267286,4.57219859586173,2,18.6,39.93,-12.57,-15.4,False,0
J03WOH,2,0:06:27.520000,DFL-OBJ-0027VS,DFL-OBJ-002FXT,2.7311719096387908,47.91128274533637,13.44,22.27,1.793156294374908,5.647344508704954,1,23.36,46.39,-6.11,-10.64,False,0
J03WOH,2,0:06:34.720000,DFL-OBJ-0028SW,DFL-OBJ-002GM1,4.982298666278451,95.43223354458273,2.63,4.31,1.0524221591298288,17.150396496874354,0,1.6599999999999966,18.53,-33.97,32.34,False,0
J03WOH,2,0:06:38.680000,DFL-OBJ-002GAB,DFL-OBJ-00028V,0.9581753492967736,69.70873698353425,14.23,11.6,-0.8954383732419304,5.543978715687858,3,22.36,18.72,-33.78,11.64,False,0
J03WOH,2,0:06:39.200000,DFL-OBJ-0027VS,DFL-OBJ-002FXT,2.8146047679914132,103.75743408948175,14.29,9.43,-2.6973731805510863,4.742067059837933,1,21.240000000000002,22.87,-29.63,12.76,False,0
J03WOH,2,0:06:42.160000,DFL-OBJ-002651,DFL-OBJ-J0130T,4.971679796607985,6.013581505873306,9.59,18.48,1.9038261834727432,5.792451985126851,1,25.310000000000002,29.6,-22.9,8.69,False,0
J03WOH,2,0:06:47.440000,DFL-OBJ-0027B0,DFL-OBJ-002FXT,4.925616712656394,23.047796154693703,5.3,11.86,2.332672867043888,12.984671732469788,1,9.190000000000001,42.269999999999996,-10.23,24.81,False,0
J03WOH,2,0:06:50.520000,DFL-OBJ-0028SW,DFL-OBJ-002GM1,4.91131346993857,5.905482195952968,5.78,12.8,3.352015426578352,7.736905065980844,1,0.6899999999999977,36.28,-16.22,33.31,False,0
J03WOH,2,0:06:57.200000,DFL-OBJ-00268T,DFL-OBJ-002FXT,4.934207129823392,8.773571534575177,10.02,18.07,3.4901930599484166,11.56425959584097,0,11.760000000000002,64.93,12.43,22.24,False,0
J03WOH,2,0:07:00.480000,DFL-OBJ-002GEE,DFL-OBJ-00003X,4.965047834613479,39.84820304754844,17.66,28.19,4.931543696830536,17.490803297733354,0,19.16,64.62,12.12,-14.84,False,0
J03WOH,2,0:07:18.600000,DFL-OBJ-00003X,DFL-OBJ-002GEE,3.3284831380074626,40.9046341615745,6.01,16.17,2.609397124515278,4.500177774266256,1,22.97,39.49,13.01,-11.03,False,0
J03WOH,2,0:07:21.640000,DFL-OBJ-002651,DFL-OBJ-002FXT,4.655147688312368,86.4664064866259,14.43,14.41,5.142178454955877,7.096266624077763,3,29.17,70.53,18.03,-4.83,False,0
J03WOH,2,0:07:25.360000,DFL-OBJ-0027VS,DFL-OBJ-002GM1,4.870831551183021,48.37316387773888,16.23,17.5,4.135531274927242,6.992138442565335,2,26.83,64.67,12.17,7.17,False,0
J03WOH,2,0:07:29.680000,DFL-OBJ-0027XP,DFL-OBJ-00028V,1.9817668884104407,33.657846367365075,19.95,26.57,2.047368265548015,9.124845204166478,0,25.9,31.5,-21.0,8.1,False,0
J03WOH,2,0:07:30.240000,DFL-OBJ-0027XP,DFL-OBJ-00028V,0.7919595949289326,38.52604403132777,19.39,24.99,2.050299518955,7.653319541218699,0,24.28,28.92,-23.58,9.72,False,0
J03WOH,2,0:07:30.760000,DFL-OBJ-0027XP,DFL-OBJ-00028V,1.97914122790669,106.41532403050239,15.04,22.38,-2.5643157824561196,6.048470881140125,1,22.41,27.18,-25.32,11.59,False,0
J03WOH,2,0:07:33.080000,DFL-OBJ-J01CP5,DFL-OBJ-0027XP,1.4985659811966925,31.513080534564143,9.55,21.36,3.242236562143362,6.804895296769818,1,15.629999999999999,86.0,-33.5,18.37,False,0
J03WOH,2,0:07:35.080000,DFL-OBJ-002GM1,DFL-OBJ-0027VS,0.7580237463298894,99.94146024328624,19.59,22.18,1.0579052462219531,11.721778875239032,3,11.649999999999999,77.7,-25.2,22.35,False,0
J03WOH,2,0:07:41.560000,DFL-OBJ-002651,DFL-OBJ-J0130T,4.9525851835177965,11.218826048859258,6.77,15.75,2.740706197778253,8.504781008350538,2,26.54,45.45,-7.05,7.46,False,0
J03WOH,2,0:07:49.680000,DFL-OBJ-0027XP,DFL-OBJ-00028V,4.500711054933431,12.875762435680135,9.28,19.15,1.959675727077168,8.474060419893169,0,29.509999999999998,36.09,-16.41,-4.49,False,0
J03WOH,2,0:07:52.520000,DFL-OBJ-0027XP,DFL-OBJ-00006V,3.44820243025261,64.02943622537721,8.38,2.51,2.217765234868133,4.070294829616154,2,30.04,29.5,-23.0,-3.96,False,0
J03WOH,2,0:07:54.200000,DFL-OBJ-0027B0,DFL-OBJ-J0130T,4.94009109227755,38.27089788973258,1.6,12.27,1.8937402908933665,6.301142753501146,3,29.52,27.61,-24.89,4.48,False,0
J03WOH,2,0:08:12.400000,DFL-OBJ-0000NZ,DFL-OBJ-002G2Y,4.924753800952899,14.770266553040758,6.98,22.44,4.718969850820353,16.505287031736227,0,4.109999999999999,81.35,-28.85,-29.89,False,0
J03WOH,2,0:08:24.880000,DFL-OBJ-J014UG,DFL-OBJ-002GAB,4.931216888355244,4.840771820909695,4.63,11.3,5.05019488763357,18.694769321925317,0,11.3,89.07,-36.57,22.7,False,0
J03WOH,2,0:08:28.280000,DFL-OBJ-002FXT,DFL-OBJ-0028SW,4.051234379790931,35.13990635695465,15.16,15.78,2.916309398717236,6.451054177419378,1,12.05,61.4,-8.9,21.95,False,0
J03WOH,2,0:08:38.760000,DFL-OBJ-J0130T,DFL-OBJ-002G2Y,2.567839558850981,11.093142928408088,2.83,11.87,2.559299977456224,5.106016059512543,1,5.59,56.61,-4.11,28.41,False,0
J03WOH,2,0:08:39.680000,DFL-OBJ-002GM1,DFL-OBJ-0028SW,0.9914131328563284,29.097099871995255,2.7,7.03,1.4727327878852488,5.540983667184015,3,4.399999999999999,45.6,6.9,29.6,False,0
J03WOH,2,0:08:40.520000,DFL-OBJ-0027VS,DFL-OBJ-002FXT,3.304300228490139,135.17205888072783,12.34,11.84,-1.1835865912118793,4.176984558266885,3,7.800000000000001,56.75,4.25,26.2,False,0
J03WOH,2,0:08:43.520000,DFL-OBJ-002G2Y,DFL-OBJ-00028V,4.710201694195271,42.74105487401865,23.63,21.8,10.192554964177145,8.045029521387725,3,14.89,49.44,-3.06,19.11,False,0
J03WOH,2,0:08:44.920000,DFL-OBJ-0027XP,DFL-OBJ-0000NZ,2.839172414630714,47.14926807623373,18.08,20.27,1.9018259045855712,4.1231056256176615,2,27.16,44.72,-7.78,6.84,False,0
J03WOH,2,0:08:54.560000,DFL-OBJ-0026UQ,DFL-OBJ-0000F8,4.977429055245291,4.018308993594001,0.93,20.16,5.245760305782651,17.59786918919447,0,2.719999999999999,32.019999999999996,-20.48,-31.28,False,0
J03WOH,2,0:08:55.040000,DFL-OBJ-0026UQ,DFL-OBJ-0000F8,2.7983030572116365,19.753597004091212,6.07,12.98,4.385174875881648,16.31847112936748,0,2.7699999999999996,32.31,-20.19,-31.23,False,0
J03WOH,2,0:08:58.680000,DFL-OBJ-0000NZ,DFL-OBJ-002GAB,4.981967482832459,19.972654813581176,10.24,16.41,6.689271011995499,6.843281376649653,2,19.71,83.06,-30.56,-14.29,False,0
J03WOH,2,0:08:58.880000,DFL-OBJ-00006V,DFL-OBJ-002GAB,0.5913543776789005,78.39964969702135,10.97,16.81,1.2630780807354136,4.446054430615982,1,23.58,83.52,-31.02,-10.42,False,0
J03WOH,2,0:08:59.400000,DFL-OBJ-0000NZ,DFL-OBJ-002GAB,1.2403628501370065,50.135338366853915,4.08,12.61,4.000149134116355,7.1320473918784355,1,20.560000000000002,84.27,-31.77,-13.44,False,0
J03WOH,2,0:08:59.720000,DFL-OBJ-0000NZ,DFL-OBJ-002GAB,0.9377099764852669,100.17453465970424,2.22,13.77,1.2831380487839756,7.174468621438106,1,20.560000000000002,84.45,-31.95,-13.44,False,0
J03WOH,2,0:09:00.240000,DFL-OBJ-0000F8,DFL-OBJ-002GAB,3.748186228030832,36.738936637742896,8.22,19.05,5.25934133227129,5.323241493676574,2,15.120000000000001,81.13,-28.63,-18.88,False,0
J03WOH,2,0:09:38.600000,DFL-OBJ-J014UG,DFL-OBJ-002G2Y,4.865963419509028,52.16556218390264,17.39,20.91,3.467109874962735,16.00890377258855,0,7.710000000000001,64.37,-11.87,26.29,False,0
J03WOH,2,0:09:45.360000,DFL-OBJ-002GNH,DFL-OBJ-00003X,4.7502631506054485,44.39690880563476,10.29,0.08,-2.8194100331736416,6.640248489326286,1,22.990000000000002,95.86,43.36,11.01,False,0
J03WOH,2,0:09:49.280000,DFL-OBJ-0028SW,DFL-OBJ-002GM1,4.862941496666395,49.64045089024415,27.79,26.66,3.9392685748325906,11.749404240215759,1,4.469999999999999,69.69,17.19,29.53,False,0
J03WOH,2,0:10:02.720000,DFL-OBJ-0000NZ,DFL-OBJ-0027XP,4.827442387020276,63.42117939092407,17.32,15.99,4.311145251561279,14.304785912414069,0,5.379999999999999,58.230000000000004,-5.73,-28.62,False,0
J03WOH,2,0:10:03.760000,DFL-OBJ-0000F8,DFL-OBJ-0027XP,4.924276596618026,32.80768635273657,9.25,12.75,5.269855286072517,8.780119589162782,1,0.509999999999998,52.49,0.01,-33.49,False,0
J03WOH,2,0:10:23.160000,DFL-OBJ-J014UG,DFL-OBJ-002G2Y,4.995377863585499,31.299452341605168,9.34,18.32,4.170261773409689,14.415758738269728,0,1.4799999999999969,76.92,-24.42,32.52,False,0
J03WOH,2,0:10:28.760000,DFL-OBJ-00268T,DFL-OBJ-002FXT,4.936233381840855,8.397291461388575,8.3,17.12,5.437563242958887,10.021985831161407,0,11.52,72.34,19.84,22.48,False,0
J03WOH,2,0:10:33.080000,DFL-OBJ-J0130T,DFL-OBJ-0027VS,4.965903744536336,55.601312998428256,18.11,20.71,3.644194527378064,5.764486100252129,2,19.0,57.59,-5.09,15.0,False,0
J03WOH,2,0:10:36.600000,DFL-OBJ-00028V,DFL-OBJ-002651,3.428308620879983,22.28607193132941,2.58,12.48,2.682339128851748,7.78946082858114,2,20.45,46.66,5.84,13.55,False,0
J03WOH,2,0:10:37.240000,DFL-OBJ-00028V,DFL-OBJ-002651,1.5901257811883935,3.59536389734791,9.58,15.32,2.494326186199015,6.556256553857543,2,20.060000000000002,47.21,5.29,13.94,False,0
J03WOH,2,0:10:38.440000,DFL-OBJ-J0130T,DFL-OBJ-002G2Y,3.1997812425226835,24.810256422875373,10.83,4.75,-1.8373714775062522,5.934652475082261,1,12.43,53.95,-1.45,21.57,False,0
J03WOH,2,0:10:53.480000,DFL-OBJ-0026UQ,DFL-OBJ-0000F8,4.953947920598278,49.882272095824064,11.5,17.37,3.4466849231673224,18.807947788102773,0,2.3200000000000003,58.41,5.91,-31.68,False,0
J03WOH,2,0:10:57.520000,DFL-OBJ-J0130T,DFL-OBJ-0027XP,0.4049691346263343,138.32740424172667,23.07,24.94,1.7787462733234218,7.433451419091941,3,21.93,76.03999999999999,-23.54,-12.07,False,0
J03WOH,2,0:10:59,DFL-OBJ-00006V,DFL-OBJ-0027XP,1.3110301293257898,78.69233735495034,20.02,21.64,4.247092443437755,3.266863939621606,3,29.27,80.99,-28.49,-4.73,False,0
J03WOH,2,0:11:00.160000,DFL-OBJ-002G2Y,DFL-OBJ-002GM1,2.0953758612716715,14.125365635777987,9.2,24.49,4.1700671358920856,6.49630664300878,1,29.490000000000002,26.09,-26.41,4.51,False,0
J03WOH,2,0:11:07.720000,DFL-OBJ-0028SW,DFL-OBJ-J01CP5,3.935708322525946,36.37506801105945,1.56,7.73,2.313840935128145,19.478154430027505,0,1.8599999999999994,15.159999999999997,-37.34,32.14,False,0
J03WOH,2,0:11:10.600000,DFL-OBJ-002651,DFL-OBJ-002GM1,4.9837536054664655,4.996853673192413,2.64,13.06,3.272371292084042,9.306519220417481,0,14.530000000000001,21.16,-31.34,19.47,False,0
J03WOH,2,0:11:36.640000,DFL-OBJ-00006V,DFL-OBJ-002GAB,4.968400144915866,39.37778707714632,9.68,19.97,4.535285345376378,8.080024752437332,0,13.2,94.47,-41.97,-20.8,False,0
J03WOH,2,0:11:50.800000,DFL-OBJ-J0130T,DFL-OBJ-002G2Y,4.974464795332259,12.989828781972953,10.62,12.89,5.580861211965235,14.018630460925916,0,19.939999999999998,61.86,-9.36,14.06,False,0
J03WOH,2,0:11:52,DFL-OBJ-00028V,DFL-OBJ-002651,2.8534365246137865,8.42701527467911,3.1,16.01,2.9690382966418105,4.443253312607779,1,24.97,46.37,6.13,9.03,False,0
J03WOH,2,0:11:53.080000,DFL-OBJ-J0130T,DFL-OBJ-002G2Y,4.183168655457247,72.26816112889426,15.46,12.69,-1.7083145046056114,8.48259983731403,0,27.06,55.62,-3.12,6.94,False,0
J03WOH,2,0:11:59.960000,DFL-OBJ-0000NZ,DFL-OBJ-0026UQ,4.92573852330795,156.18332536735838,18.71,9.85,2.8606742847968847,6.876547098653511,1,7.859999999999999,21.2,31.3,-26.14,False,0
J03WOH,2,0:12:03.600000,DFL-OBJ-0027B0,DFL-OBJ-002GM1,2.864157816880908,46.67775960147711,19.98,18.22,0.7456948830445809,7.214492359133803,6,31.28,87.9,35.4,2.72,False,0
J03WOH,2,0:12:04.080000,DFL-OBJ-0027B0,DFL-OBJ-002GM1,3.7694164004524624,44.89152839450486,23.44,19.97,-1.9275003795763335,7.899987341762009,5,33.97,86.84,34.34,-0.03,False,0
J03WOH,2,0:12:04.520000,DFL-OBJ-0027B0,DFL-OBJ-002GM1,4.422544516452039,38.14725690250139,24.34,21.56,-1.4680546105946846,9.482325664097388,6,31.36,85.53,33.03,-2.64,False,0
J03WOH,2,0:12:04.840000,DFL-OBJ-0027B0,DFL-OBJ-002GM1,4.681292556548885,35.19631603714207,24.82,22.68,-0.9198529782773623,9.9058820909599,6,29.5,84.4,31.9,-4.5,False,0
J03WOH,2,0:12:08.560000,DFL-OBJ-0026UQ,DFL-OBJ-0000NZ,4.024487545017378,26.965893572112954,8.54,19.95,6.921805750286871,8.669129137347072,0,7.059999999999999,72.11,19.61,-26.94,False,0
J03WOH,2,0:12:14.560000,DFL-OBJ-0026UQ,DFL-OBJ-0000F8,2.5059928172283312,172.3603217002835,2.93,15.65,-3.012098706705999,13.746566844125118,1,4.050000000000001,83.48,30.98,-29.95,False,0
J03WOH,2,0:12:15,DFL-OBJ-0026UQ,DFL-OBJ-0000F8,3.902537635949206,168.07926146007773,1.34,9.22,-3.148157878816311,12.818432041400385,1,4.02,83.57,31.07,-29.98,False,0
J03WOH,2,0:12:15.400000,DFL-OBJ-0026UQ,DFL-OBJ-0000F8,4.771268175233917,141.08469386526858,4.36,7.54,-2.1718263482117783,11.378071014016392,1,4.030000000000001,83.28,30.78,-29.97,False,0
J03WOH,2,0:12:37.920000,DFL-OBJ-00006V,DFL-OBJ-002GAB,4.884014741992494,11.8334623426893,1.02,17.44,4.633303817225096,14.341983823725364,0,6.649999999999999,55.23,-2.73,-27.35,False,0
J03WOH,2,0:12:53.400000,DFL-OBJ-00006V,DFL-OBJ-002GAB,4.883379977024112,30.827062614347216,13.74,23.57,3.8713510512331495,16.994837451414472,0,5.359999999999999,70.5,-18.0,-28.64,False,0
J03WOH,2,0:13:05.640000,DFL-OBJ-0027XP,DFL-OBJ-0000NZ,1.604493689610526,38.992488669525464,8.87,13.12,2.3874472807838725,7.95000628930569,3,6.010000000000002,62.61,10.11,-27.99,False,0
J03WOH,2,0:13:06.200000,DFL-OBJ-0000NZ,DFL-OBJ-0027XP,0.6040695324215579,103.79512256478586,7.32,4.67,1.4799139602993994,10.705830187332507,1,7.050000000000001,42.75,9.75,-26.95,False,0
J03WOH,2,0:13:06.960000,DFL-OBJ-00028V,DFL-OBJ-0027VS,4.9651787480412,105.66126024216162,12.55,4.45,0.8299993655350457,5.547981614965935,1,12.98,39.78,12.72,-21.02,False,0
J03WOH,2,0:13:07.640000,DFL-OBJ-00003X,DFL-OBJ-0026UQ,3.1652646018934956,41.74774201223156,3.54,9.96,0.9933669996836747,5.679876759226385,3,7.719999999999999,33.08,19.42,-26.28,False,0
J03WOH,2,0:13:08.040000,DFL-OBJ-0000F8,DFL-OBJ-0027XP,2.6636065775560787,120.11449465889928,8.46,15.6,0.3488808869787374,4.022461932697436,1,7.489999999999998,37.13,15.37,-26.51,False,0
J03WOH,2,0:13:08.680000,DFL-OBJ-0000F8,DFL-OBJ-0027XP,1.9961963831246643,81.63196666382032,2.98,5.3,1.3512852129468123,3.1370049410225676,1,8.3,36.730000000000004,15.77,-25.7,False,0
J03WOH,2,0:13:11.240000,DFL-OBJ-0000NZ,DFL-OBJ-002651,1.1063905277974873,83.68396654874226,20.61,21.2,1.777219141852842,7.582413863671649,1,1.3999999999999986,42.7,9.8,-32.6,False,0
J03WOH,2,0:13:32.600000,DFL-OBJ-002GEE,DFL-OBJ-00003X,4.968138484382254,0.7540790527812227,1.83,17.3,4.549866663372135,13.716588497144617,0,9.969999999999999,63.57,11.07,-24.03,False,0
J03WOH,2,0:13:50.680000,DFL-OBJ-002GM1,DFL-OBJ-0027B0,4.996328652120474,14.650279009108973,20.77,21.46,0.5529747879200064,7.950402505533919,1,15.620000000000001,39.35,13.15,18.38,False,0
J03WOH,2,0:13:53.240000,DFL-OBJ-002FXT,DFL-OBJ-002GEE,4.240436298307049,143.2060260628249,20.07,12.38,2.653931887181742,5.0986762988054055,2,28.64,21.11,31.39,5.36,False,0
J03WOH,2,0:13:56,DFL-OBJ-00003X,DFL-OBJ-0026UQ,4.906821781968446,28.012834565586516,11.42,17.08,2.3895353599027924,7.201444299583245,3,25.45,12.729999999999997,39.77,-8.55,False,0
J03WOH,2,0:15:14.440000,DFL-OBJ-00268T,DFL-OBJ-00003X,4.877786383186537,12.459965723457147,12.04,19.2,3.853995806327457,9.296843550366974,0,33.4,73.68,21.18,-0.6,False,0
J03WOH,2,0:15:18.200000,DFL-OBJ-0028SW,DFL-OBJ-002GM1,4.978112091948111,58.5188649386567,16.58,18.01,1.3615342108325468,11.704499134948064,0,2.1000000000000014,66.74,14.24,31.9,False,0
J03WOH,2,0:15:27.960000,DFL-OBJ-00003X,DFL-OBJ-00268T,2.943229518742973,176.733066978937,8.45,15.17,-2.467649479888602,6.292098219195247,0,19.759999999999998,15.07,37.43,14.24,False,0
J03WOH,2,0:15:30.360000,DFL-OBJ-0000F8,DFL-OBJ-002GNH,4.728170893696628,21.641962527964182,29.82,21.64,13.467230328292764,7.952389577982205,2,31.77,10.909999999999997,41.59,-2.23,False,0
J03WOH,2,0:16:03.320000,DFL-OBJ-002G2Y,DFL-OBJ-0000F8,1.47627910640231,55.51791359538238,3.5,5.96,1.0722451267864552,3.641771546926029,2,0.00999999999999801,38.41,-14.09,-33.99,False,0
J03WOH,2,0:16:20.480000,DFL-OBJ-002FXT,DFL-OBJ-0027VS,3.5823176855214847,25.84443998708122,18.48,27.6,3.046913813970684,5.37833617394822,0,19.869999999999997,68.14,-15.64,-14.13,False,0
J03WOH,2,0:16:28.360000,DFL-OBJ-J01CP5,DFL-OBJ-0028SW,4.862355396307429,24.95443052754872,6.3,18.92,6.5927781284873195,7.336409203418247,0,1.0200000000000031,43.61,8.89,32.98,False,0
J03WOH,2,0:16:28.800000,DFL-OBJ-0028SW,DFL-OBJ-J01CP5,2.22804847344038,34.39614174012838,12.58,7.64,5.925149583110028,11.459864746147748,1,2.0700000000000003,64.22,11.72,31.93,False,0
J03WOH,2,0:16:49.680000,DFL-OBJ-0000NZ,DFL-OBJ-002651,4.935787677767351,66.89900113023528,22.14,23.51,3.640283619689857,5.00000999999,0,8.329999999999998,31.68,20.82,-25.67,False,0
J03WOH,2,0:16:52.600000,DFL-OBJ-0000F8,DFL-OBJ-0026UQ,1.190168055360249,78.06911958075413,30.51,27.39,1.8723886449570697,8.282541880364988,1,9.879999999999999,10.219999999999999,42.28,-24.12,False,0
J03WOH,2,0:20:44.200000,DFL-OBJ-002651,DFL-OBJ-00003X,4.971569168783635,33.72498865629113,6.96,18.14,6.124530260669747,5.875185103466955,1,33.71,66.97,14.47,0.29,False,0
J03WOH,2,0:20:46.920000,DFL-OBJ-0028SW,DFL-OBJ-002G5J,4.956863927928625,22.158034194267206,6.04,15.34,5.4450379701901825,8.679982718876806,0,9.71,68.42,15.92,24.29,False,0
J03WOH,2,0:20:52.760000,DFL-OBJ-002GAB,DFL-OBJ-J0130T,1.4354441821262143,30.027124233213133,13.17,22.04,1.4765894420231678,3.0612415781835973,3,30.1,30.76,-21.74,3.9,False,0
J03WOH,2,0:20:53.760000,DFL-OBJ-J01CP5,DFL-OBJ-002GAB,3.0526709616334355,15.22408683876306,3.7,13.67,3.47758112202876,10.876584941975123,3,26.6,80.61,-28.11,7.4,False,0
J03WOH,2,0:21:05,DFL-OBJ-0028FW,DFL-OBJ-002GAB,4.982208345703737,16.272321274295084,8.9,15.17,3.4436929527820626,24.026745514114054,0,28.98,95.97999999999999,-43.48,5.02,False,0
J03WOH,2,0:21:18.160000,DFL-OBJ-0000NZ,DFL-OBJ-0027XP,2.2800877176108805,30.51084274754038,9.08,18.44,5.637439194390944,16.967551384922928,0,1.1799999999999997,55.09,-2.59,-32.82,False,0
J03WOH,2,0:21:19.080000,DFL-OBJ-0000F8,DFL-OBJ-002GFH,0.7860025445251447,2.3358555747744134,18.55,21.51,1.1027697061340416,6.613720586780183,2,6.789999999999999,45.519999999999996,6.98,-27.21,False,0
J03WOH,2,0:21:19.640000,DFL-OBJ-0000NZ,DFL-OBJ-0027XP,3.019420474196992,74.26969930658191,15.76,15.42,0.08902041809985661,5.919797293826876,0,7.289999999999999,52.57,-0.07,-26.71,False,0
J03WOH,2,0:21:21.360000,DFL-OBJ-002GM9,DFL-OBJ-002G2Y,1.5380832227158592,77.56470738148626,25.76,21.19,3.397029166610316,9.668774482839074,0,6.969999999999999,63.08,-10.58,-27.03,False,0
J03WOH,2,0:21:21.960000,DFL-OBJ-0000F8,DFL-OBJ-002GFH,1.5617938404283702,98.21901719192945,2.01,5.36,-0.10415566793895381,10.451913700370856,2,2.4800000000000004,49.49,3.01,-31.52,False,0
J03WOH,2,0:21:59.160000,DFL-OBJ-002GAB,DFL-OBJ-002GM9,1.7591475208179663,81.79356191952479,20.11,8.95,1.0134619030589602,5.399203644983212,4,28.68,42.6,-9.9,5.32,False,0
J03WOH,2,0:22:08.480000,DFL-OBJ-0028FW,DFL-OBJ-0027XP,4.782018402306704,8.042487186926554,1.84,17.78,4.801333376426746,20.64062256813006,0,13.670000000000002,103.43,-50.93,-20.33,False,0
J03WOH,2,0:22:09.400000,DFL-OBJ-0028FW,DFL-OBJ-0027XP,1.7821335527956317,89.98115580416135,11.54,10.95,1.1666097321002749,20.51855014371142,0,15.41,103.72999999999999,-51.23,-18.59,False,0
J03WOH,2,0:22:22.120000,DFL-OBJ-J0130T,DFL-OBJ-002G2Y,4.9600907249767126,27.42123206127498,5.25,21.49,4.748424738044632,10.290121476445261,2,20.61,72.25,-19.75,-13.39,False,0
J03WOH,2,0:22:29.280000,DFL-OBJ-J01CP5,DFL-OBJ-0028SW,4.870318264754369,20.77648422305628,1.13,13.09,4.023779949839221,11.062391242403248,0,5.739999999999998,42.35,10.15,28.26,False,0
J03WOH,2,0:22:33.240000,DFL-OBJ-00028V,DFL-OBJ-002651,4.9960984778124615,22.41135864647135,7.32,15.57,2.3933227659030365,10.799379611811043,0,33.71,42.1,10.4,-0.29,False,0
J03WOH,2,0:23:14.600000,DFL-OBJ-002GM9,DFL-OBJ-002G2Y,4.994897396343593,47.70033500856963,10.8,15.44,2.442697064950339,13.824268515910708,0,9.59,76.78,-24.28,-24.41,False,0
J03WOH,2,0:23:18.760000,DFL-OBJ-00028V,DFL-OBJ-002651,0.9806120537705018,48.21334364037031,13.61,20.5,0.4899830815902914,7.123734975418444,3,10.719999999999999,54.35,-1.85,-23.28,False,0
J03WOH,2,0:23:29.080000,DFL-OBJ-0000NZ,DFL-OBJ-0027XP,3.6169738732813665,100.62437581309702,0.63,7.79,-0.375940293890058,10.010619361458112,0,3.5799999999999983,50.52,1.98,-30.42,False,0
J03WOH,2,0:23:30.120000,DFL-OBJ-0000F8,DFL-OBJ-0027XP,4.938309427324295,1.128041165850989,6.64,9.66,3.0831359848624906,6.552289676136121,2,1.6099999999999994,41.29,11.21,-32.39,False,0
J03WOH,2,0:24:35.520000,DFL-OBJ-J0130T,DFL-OBJ-0027B0,1.1458621208504995,38.57760489655762,11.01,5.07,-0.5979120436163523,7.30578537872555,2,15.739999999999998,17.869999999999997,34.63,-18.26,False,0
J03WOH,2,0:24:42,DFL-OBJ-002GNH,DFL-OBJ-002FXT,0.5185556864985659,155.63143677914138,14.47,13.91,0.1215758750023141,11.745024478475983,2,28.15,92.67,40.17,-5.85,False,0
J03WOH,2,0:24:52.960000,DFL-OBJ-002GEE,DFL-OBJ-00003X,4.898693703427472,18.302496073915812,17.65,20.15,4.573640291363323,20.06695293262034,1,16.95,87.3,34.8,-17.05,False,0
J03WOH,2,0:24:54.920000,DFL-OBJ-002GFH,DFL-OBJ-0000F8,4.879221249338875,10.81718077754754,7.19,22.39,6.415114258912076,5.852631886595981,1,0.9799999999999969,80.38,27.88,-33.02,False,0
J03WOH,2,0:24:57.920000,DFL-OBJ-00003X,DFL-OBJ-002GFH,2.604995201531088,4.256996916790018,6.37,1.3,2.0731104028064995,4.229160673230564,2,3.4200000000000017,33.72,18.78,-30.58,False,0
J03WOH,2,0:25:10.960000,DFL-OBJ-002GM9,DFL-OBJ-002GAB,4.8614812557491165,26.482847819545455,7.46,17.49,3.711746743942843,14.351759474015722,0,6.68,68.07,-15.57,-27.32,False,0
J03WOH,2,0:25:16.240000,DFL-OBJ-00268T,DFL-OBJ-002FXT,4.914682085343872,1.3141003925017876,14.02,10.0,-1.574445881173967,7.834334687770239,1,2.66,82.59,30.09,-31.34,False,0
J03WOH,2,0:25:25.760000,DFL-OBJ-J01CP5,DFL-OBJ-0028SW,4.193483039193077,109.7537946079318,17.93,19.78,0.9745863413435352,15.67390825544159,0,12.129999999999999,40.51,11.99,21.87,False,0
J03WOH,2,0:25:29.040000,DFL-OBJ-002G5J,DFL-OBJ-00268T,4.977750495956987,57.23614191163587,18.6,21.32,2.3708397558330074,5.262176355843654,1,10.219999999999999,20.54,31.96,23.78,False,0
J03WOH,2,0:25:30.520000,DFL-OBJ-0027VS,DFL-OBJ-00003X,1.503329637837291,19.565248497743372,20.07,19.52,4.899223190868176,14.584255208957364,2,19.15,90.58,38.08,14.85,False,0
J03WOH,2,0:25:31.200000,DFL-OBJ-00268T,DFL-OBJ-00003X,4.9403643590326425,16.231647124638148,4.87,21.52,6.9537679394257585,8.866160386548396,2,11.879999999999999,91.78,39.28,22.12,False,0
J03WOH,2,0:25:34.520000,DFL-OBJ-00028V,DFL-OBJ-0027XP,4.801770506802672,71.3989901061727,3.5,14.2,2.2119815071112225,5.137489659356991,2,27.490000000000002,29.66,22.84,6.51,False,0
J03WOH,2,0:25:37.440000,DFL-OBJ-0000F8,DFL-OBJ-0027XP,4.932058393814899,36.70966749860707,6.37,17.36,2.2198754931101283,11.806256815773576,2,23.59,33.19,19.31,-10.41,False,0
J03WOH,2,0:25:44.800000,DFL-OBJ-002G2Y,DFL-OBJ-002GM9,0.9198369420717999,24.54849585012975,17.62,15.93,0.3344397251110928,5.869735939546171,2,4.620000000000001,65.14,12.64,-29.38,False,0
J03WOH,2,0:25:54.840000,DFL-OBJ-002GAB,DFL-OBJ-002GM9,1.2983451005029456,2.0833376370038357,4.51,2.43,-0.358714504284241,7.091078902395602,0,-0.060000000000002274,44.59,-7.91,-34.06,False,0
J03WOH,2,0:26:52.280000,DFL-OBJ-002GM9,DFL-OBJ-002GAB,4.919441025157229,44.24620951162285,15.02,15.88,2.9938996849406685,5.496589851899083,0,16.63,82.69,-30.19,-17.37,False,0
J03WOH,2,0:27:04.600000,DFL-OBJ-002G5J,DFL-OBJ-002G2Y,4.94659478833672,11.263843742478082,6.55,14.32,3.9503180166549856,6.290794862336554,2,11.54,46.980000000000004,5.52,22.46,False,0
J03WOH,2,0:27:06.640000,DFL-OBJ-J01CP5,DFL-OBJ-002G2Y,4.981576055828114,62.440657691457204,4.1,8.8,2.443060397450587,5.159660841567011,0,2.91,52.42,0.08,31.09,False,0
J03WOH,2,0:27:10.160000,DFL-OBJ-J0130T,DFL-OBJ-002G2Y,4.888813762049033,2.641885833647806,4.08,13.98,2.5889834532151768,10.05700253554706,1,19.66,58.45,-5.95,14.34,False,0
J03WOH,2,0:27:12.440000,DFL-OBJ-J014UG,DFL-OBJ-002G2Y,4.966809841336792,36.39999925001731,10.78,13.64,2.2877577819910333,14.84558183433711,0,21.5,67.33,-14.83,12.5,False,0
J03WOH,2,0:27:29.240000,DFL-OBJ-002G5J,DFL-OBJ-0027VS,2.595630944491146,38.11909803805434,4.41,24.76,6.17951076057955,6.05413082118317,0,16.53,53.67,-1.17,17.47,False,0
J03WOH,2,0:27:39.240000,DFL-OBJ-0000NZ,DFL-OBJ-0027XP,4.9158722522050935,58.8215548689122,12.14,17.21,3.869469254304845,12.971942799750545,1,4.780000000000001,14.240000000000002,38.26,-29.22,False,0
J03WOH,2,0:27:40,DFL-OBJ-0000F8,DFL-OBJ-002GFH,3.3209938271547594,75.76079331160491,26.11,27.34,0.8285750639411693,7.296738997661901,1,14.899999999999999,10.009999999999998,42.49,-19.1,False,0
J03WOH,2,0:27:41.480000,DFL-OBJ-002FXT,DFL-OBJ-002GEE,2.291069619195366,80.89444083848066,21.97,15.29,1.4335496602893827,3.1971393463532354,2,27.03,5.18,47.32,-6.97,False,0
J03WOH,2,0:28:41.880000,DFL-OBJ-002651,DFL-OBJ-00028V,2.003397114902584,13.962732657963747,9.1,19.9,4.3606720634652945,5.2394369926548405,2,24.740000000000002,47.63,-4.87,9.26,False,0
J03WOH,2,0:28:44.320000,DFL-OBJ-002G5J,DFL-OBJ-002651,4.381529413344158,151.9259746333147,14.01,0.36,1.3242565282779073,9.176251958179876,2,16.41,62.49,-9.99,17.59,False,0
J03WOH,2,0:29:34.360000,DFL-OBJ-0027XP,DFL-OBJ-0000F8,4.867134680692533,44.562894446340316,15.07,26.09,3.4964937978463606,12.573563536245402,0,22.3,35.84,-16.66,-11.7,False,0
J03WOH,2,0:30:31.200000,DFL-OBJ-00268T,DFL-OBJ-00003X,4.835297302131482,18.254774009553746,12.9,29.26,6.05812346090405,18.50241335610033,0,17.17,60.3,7.8,16.83,False,0
J03WOH,2,0:30:50.520000,DFL-OBJ-0027XP,DFL-OBJ-0000NZ,4.061588359250603,71.39722380666824,30.55,24.98,-2.7897839097346444,13.749141791399202,1,0.8900000000000006,25.22,-27.28,-33.11,False,0
J03WOH,2,0:31:54.560000,DFL-OBJ-0000F8,DFL-OBJ-002651,3.103868553917836,79.44227103389102,14.25,17.61,0.026935706872485143,3.649232796081938,4,20.0,43.07,9.43,-14.0,False,0
J03WOH,2,0:31:55.960000,DFL-OBJ-0000F8,DFL-OBJ-002GFH,1.5489673979784078,142.96470617553646,18.6,1.93,0.7891263133766457,2.396351393264351,2,19.66,36.010000000000005,16.49,-14.34,False,0
J03WOH,2,0:32:00.280000,DFL-OBJ-00003X,DFL-OBJ-002GEE,4.987273804394542,73.80108460530525,13.24,15.08,2.8785781769553487,11.603262472253224,0,8.780000000000001,12.030000000000001,40.47,-25.22,False,0
J03WOH,2,0:32:00.960000,DFL-OBJ-0000F8,DFL-OBJ-002GFH,0.6800735254367696,43.71787480397838,25.25,22.71,-0.13453698240680295,5.516420941153784,1,26.11,7.609999999999999,44.89,-7.89,False,0
J03WOH,2,0:33:54.480000,DFL-OBJ-0000F8,DFL-OBJ-002GFH,1.5220052562327118,108.62873015570042,29.97,32.45,1.2768172383269865,9.075296138418846,1,2.3200000000000003,29.09,23.41,-31.68,False,0
J03WOH,2,0:33:55.200000,DFL-OBJ-002GFH,DFL-OBJ-0000F8,1.460136979875519,29.720878039229262,26.64,21.5,-0.9735906868239558,15.66996171022763,0,2.3599999999999994,82.36,29.86,-31.64,False,0
J03WOH,2,0:34:16.840000,DFL-OBJ-0000F8,DFL-OBJ-002GFH,0.7203471385380799,40.4844626055316,13.14,15.54,0.6674311630942994,6.565972890592829,3,6.420000000000002,5.780000000000001,46.72,-27.58,False,0
J03WOH,2,0:34:39.920000,DFL-OBJ-0028SW,DFL-OBJ-002G5J,4.9421655172606265,76.41801094044962,7.87,5.36,2.458262320494229,11.947384651043926,0,4.609999999999999,57.22,4.72,29.39,False,0
J03WOH,2,0:34:43.600000,DFL-OBJ-00268T,DFL-OBJ-002FXT,4.992193906490411,21.735451212135093,8.61,25.08,5.70278364184627,10.272448588335694,0,20.32,72.41,19.91,13.68,False,0
J03WOH,2,0:34:46.400000,DFL-OBJ-002GEE,DFL-OBJ-00003X,4.950363623007909,40.41955712341264,16.66,26.14,6.687045855084938,15.709656266131349,0,19.15,69.52,17.02,-14.85,False,0
J03WOH,2,0:35:05.560000,DFL-OBJ-0028CD,DFL-OBJ-J01CP5,2.9094673051952307,62.948936979933805,24.84,25.67,0.6825400047736396,5.297707051168458,1,14.64,17.28,-35.22,-19.36,False,0
J03WOH,2,0:35:15.240000,DFL-OBJ-0028SW,DFL-OBJ-002G5J,4.821711314460875,22.602640470575555,4.81,14.06,6.558032827731539,7.200902721187117,1,22.66,22.17,-30.33,11.34,False,0
J03WOH,2,0:35:48.760000,DFL-OBJ-0000NZ,DFL-OBJ-0028OR,4.933933522049114,21.563724246690022,16.44,28.44,4.160563280124974,13.072080936101948,0,2.620000000000001,81.78999999999999,-29.29,-31.38,False,0
J03WOH,2,0:36:00.640000,DFL-OBJ-J01CP5,DFL-OBJ-0028SW,4.862016042754282,11.053299431555274,5.23,12.16,3.782278519533233,6.842024554179852,2,2.620000000000001,39.76,12.74,31.38,False,0
J03WOH,2,0:36:01.880000,DFL-OBJ-J0130T,DFL-OBJ-002G2Y,2.574024086911385,3.619943583575604,13.61,16.44,1.298632303115661,5.967285815175943,1,12.260000000000002,42.51,9.99,21.74,False,0
J03WOH,2,0:36:02.680000,DFL-OBJ-002G5J,DFL-OBJ-00268T,3.3411375308418525,51.94925626400074,5.02,5.2,0.34341973835841144,4.13556525761594,2,6.98,31.55,20.95,27.02,False,0
J03WOH,2,0:36:12.960000,DFL-OBJ-J014UG,DFL-OBJ-002G2Y,4.816014950142909,3.8741602739257504,2.17,19.8,4.151646446901613,9.228656456928062,1,6.899999999999999,69.95,-17.45,27.1,False,0
J03WOH,2,0:36:13.760000,DFL-OBJ-00028V,DFL-OBJ-0028CD,4.918587195526779,60.81333106499214,3.63,4.41,1.9927980875076123,4.951171578525631,1,9.54,59.45,-6.95,24.46,False,0
J03WOH,2,0:36:15.440000,DFL-OBJ-J014UG,DFL-OBJ-002G2Y,4.436000450856605,29.85669469865842,22.66,11.88,-2.6768789361829146,5.971298016344519,0,15.41,65.63,-13.13,18.59,False,0
J03WOH,2,0:36:18.320000,DFL-OBJ-0000F8,DFL-OBJ-002GFH,4.9015303732609885,37.055922250351536,7.16,18.53,3.6567051704908016,10.764125603131914,0,23.45,52.56,-0.06,-10.55,False,0
J03WOH,2,0:36:21.600000,DFL-OBJ-00003X,DFL-OBJ-00268T,1.635909532951012,45.918321598533254,9.03,13.31,1.0725899672785966,7.235419821959194,3,29.5,32.15,20.35,-4.5,False,0
J03WOH,2,0:36:22.440000,DFL-OBJ-002G5J,DFL-OBJ-0028SW,2.9058905691715244,78.0452270243583,15.54,18.74,-0.7569426219716835,8.499064654419332,2,32.92,26.77,25.73,1.08,False,0
J03WOH,2,0:36:25,DFL-OBJ-002G5J,DFL-OBJ-002GFH,1.1350770898930174,69.17358911378734,21.38,27.68,3.1490634921181138,2.3468276459936246,3,31.58,17.060000000000002,35.44,-2.42,False,0
J03WOH,2,0:36:25.680000,DFL-OBJ-0028SW,DFL-OBJ-002G5J,2.4730952266340247,30.39910888996498,12.37,14.75,3.362057635785942,8.031817976025103,1,32.37,92.33,39.83,1.63,False,0
J03WOH,2,0:36:34.880000,DFL-OBJ-002GFH,DFL-OBJ-002FXT,4.902917498795996,38.96286534665901,2.84,20.93,5.121231075330228,11.135425452132484,0,7.850000000000001,78.9,26.4,-26.15,False,0
J03WOH,2,0:36:44.760000,DFL-OBJ-0028SW,DFL-OBJ-002G5J,4.847318846537741,23.10834997371713,11.52,11.03,5.502039146054269,13.984609397476929,0,3.1900000000000013,75.43,22.93,30.81,False,0
J03WOH,2,0:36:51.520000,DFL-OBJ-0027VS,DFL-OBJ-00028V,4.940091092277551,42.11354086309866,21.53,26.52,3.352638249756954,5.460036629913759,1,30.009999999999998,61.41,8.91,-3.99,False,0
J03WOH,2,0:36:59,DFL-OBJ-0028FW,DFL-OBJ-002G2Y,1.1164676439557037,133.38661556856414,13.63,6.54,2.724830346238341,7.722240607492103,2,27.58,98.6,-46.1,6.42,False,0
J03WOH,2,0:37:02.200000,DFL-OBJ-0028FW,DFL-OBJ-0027XP,4.9260328866137355,18.701627306141404,13.84,5.82,2.8266647104222686,5.297480533234646,2,30.0,90.55,-38.05,4.0,False,0
J03WOH,2,0:37:03.960000,DFL-OBJ-0028FW,DFL-OBJ-0027XP,3.783596172955038,41.41949010112864,8.13,6.19,-0.7190676638500981,10.370496612988214,1,31.91,90.43,-37.93,-2.09,False,0
J03WOH,2,0:37:20.360000,DFL-OBJ-0028CD,DFL-OBJ-002G5J,4.977650047964401,3.9515151563857307,9.68,13.09,4.379964751460938,7.303971522397936,2,10.66,37.37,-15.13,23.34,False,0
J03WOH,2,0:37:24.120000,DFL-OBJ-0028SW,DFL-OBJ-002G5J,4.951009997970111,43.04195261682261,4.55,13.62,3.7854342019544807,14.900308721633925,0,4.890000000000001,47.66,-4.84,29.11,False,0
J03WOH,2,0:38:59.160000,DFL-OBJ-J01L1F,DFL-OBJ-002GEE,4.967896939349689,69.97642891254334,11.06,19.31,2.6613923900995395,9.970180539990233,0,8.55,16.810000000000002,35.69,-25.45,False,0
J03WOH,2,0:39:04.880000,DFL-OBJ-0028SW,DFL-OBJ-002G5J,4.980853340543165,82.52339278596641,12.24,4.59,3.084999588795496,6.785609773631257,1,33.02,100.82,48.32,0.98,False,0
J03WOH,2,0:40:17.320000,DFL-OBJ-002651,DFL-OBJ-0026RH,4.9510402947259475,39.04042533070316,7.77,20.28,4.041024357875611,6.163018740844457,1,32.8,69.09,16.59,1.2,False,0
J03WOH,2,0:40:20.720000,DFL-OBJ-002GEE,DFL-OBJ-0026RH,4.886972477925368,24.644477672166975,8.25,22.52,5.652235841816,13.938970550223571,0,12.2,75.75,23.25,-21.8,False,0
J03WOH,2,0:40:30.800000,DFL-OBJ-002GDZ,DFL-OBJ-J0130T,3.3271008400708255,11.259725880216768,4.21,6.47,2.811741374370645,4.040853870161601,4,10.36,37.07,-15.43,-23.64,False,0
J03WOH,2,0:40:31.920000,DFL-OBJ-002651,DFL-OBJ-00008K,4.870564648990916,47.07457739314863,9.01,7.47,2.473673701506318,5.952520474555295,2,12.350000000000001,44.15,-8.35,-21.65,False,0
J03WOH,2,0:40:34.400000,DFL-OBJ-0028CD,DFL-OBJ-J01L1F,4.686149805543994,97.03069376800102,4.03,7.53,0.7674386706749847,6.346061770893819,2,7.739999999999998,31.68,-20.82,-26.26,False,0
J03WOH,2,0:40:39.520000,DFL-OBJ-J01L1F,DFL-OBJ-0028OR,4.830372656431383,24.861756566648808,14.71,15.38,7.142630349871856,8.965634389155069,1,9.7,82.78,-30.28,-24.3,False,0
J03WOH,2,0:40:42.560000,DFL-OBJ-0028OR,DFL-OBJ-J01L1F,1.1264546151532198,21.401341066996647,9.08,9.67,-0.7905193479875866,7.518224524447243,2,4.18,17.810000000000002,-34.69,-29.82,False,0
J03WOH,2,0:40:46.400000,DFL-OBJ-0000NZ,DFL-OBJ-002GDZ,2.147580033432979,1.2909018161435417,22.34,13.96,-1.835891918196551,7.333484846919636,1,18.7,101.8,-49.3,-15.3,False,0
J03WOH,2,0:41:55.320000,DFL-OBJ-J01CP5,DFL-OBJ-0027P7,4.981696498182124,13.288763045489251,6.97,11.22,1.929625585129564,10.531899163968482,1,2.6400000000000006,90.92,-38.42,31.36,False,0
J03WOH,2,0:41:57,DFL-OBJ-J014UG,DFL-OBJ-002GDZ,4.67312529256385,4.534478159117247,6.68,12.42,3.7173693973776034,9.793288518163852,0,13.89,95.16,-42.66,20.11,False,0
J03WOH,2,0:42:17.360000,DFL-OBJ-J014UG,DFL-OBJ-0028OR,4.8672887730234375,2.6004107034144,4.28,20.65,5.450553564052969,13.79427417445369,0,11.05,83.05,-30.55,22.95,False,0
J03WOH,2,0:42:19.120000,DFL-OBJ-J01CP5,DFL-OBJ-0027P7,4.944946915791916,3.429087471075609,9.38,19.03,3.4183567116552616,6.081907595483508,1,2.5700000000000003,77.84,-25.34,31.43,False,0
J03WOH,2,0:42:31.600000,DFL-OBJ-002G5J,DFL-OBJ-002651,4.995558026887487,18.569104549297794,20.18,24.14,1.5725993412714434,5.59128786595718,1,25.67,60.68,-8.18,8.33,False,0
J03WOH,2,0:42:35.240000,DFL-OBJ-J01L1F,DFL-OBJ-002GFH,4.840371886539297,73.09766403413677,21.28,27.84,3.060472758357058,20.9338004194174,1,14.55,24.72,27.78,-19.45,False,0
J03WOH,2,0:42:46.160000,DFL-OBJ-002GDZ,DFL-OBJ-J01CP5,3.5853730628764438,4.4739310252117415,17.06,19.8,3.158783518079814,6.550847273444865,1,15.739999999999998,66.89,14.39,18.26,False,0
J03WOH,2,0:43:01.920000,DFL-OBJ-0028SW,DFL-OBJ-002G5J,4.9064549320257695,2.0848556917414123,1.89,12.54,4.0349362542121625,10.489103870207405,0,6.530000000000001,63.44,10.94,27.47,False,0
J03WOH,2,0:43:03.040000,DFL-OBJ-002GDZ,DFL-OBJ-J0130T,2.5001799935204665,34.48940285357601,15.73,17.14,1.1340777600697993,5.866762309826434,2,18.53,54.2,1.7,15.47,False,0
J03WOH,2,0:43:03.640000,DFL-OBJ-00268T,DFL-OBJ-0026RH,3.0723443817384806,23.747890714627214,3.68,9.93,1.553111646869375,5.583421889844972,2,21.619999999999997,63.980000000000004,11.48,12.38,False,0
J03WOH,2,0:43:11.960000,DFL-OBJ-0028CD,DFL-OBJ-J01L1F,4.953312023283011,44.65482497663699,9.02,20.77,4.010049377877141,12.499031962516138,0,2.4899999999999984,47.8,-4.7,-31.51,False,0
J03WOH,2,0:43:14.320000,DFL-OBJ-002GDZ,DFL-OBJ-00028V,2.609099461500078,42.02159767777327,12.23,15.42,2.7239399427150266,2.6998148084637235,2,13.969999999999999,39.76,-12.74,-20.03,False,0
J03WOH,2,0:43:22.880000,DFL-OBJ-J014UG,DFL-OBJ-002GDZ,4.88357451054041,24.62268956288549,10.96,19.6,5.447401112813242,11.595192969502493,0,27.95,74.92,-22.42,6.05,False,0
J03WOH,2,0:43:25.840000,DFL-OBJ-J01CP5,DFL-OBJ-0027P7,4.837127246620665,28.39821014967402,0.49,17.6,4.206338303337069,9.914887795633392,1,7.34,68.6,-16.1,26.66,False,0
J03WOH,2,0:43:27.080000,DFL-OBJ-002G5J,DFL-OBJ-0027VS,3.009800657850947,15.714795961659291,9.08,17.97,2.772403230139607,7.46014074934247,1,19.97,69.65,-17.15,14.03,False,0
J03WOH,2,0:43:36.040000,DFL-OBJ-0026RH,DFL-OBJ-002GEE,3.6501506818212297,25.368978718474157,11.36,19.14,3.5672392590692414,6.8870458107958035,1,10.940000000000001,47.01,5.49,-23.06,False,0
J03WOY,1,0:00:41.291000,DFL-OBJ-002GM1,DFL-OBJ-00019R,1.7695479648769088,37.884400008535415,17.42,10.33,-2.2715455871891774,8.024475060712694,1,-0.9600000000000009,78.61,26.11,-34.96,False,1
J03WOY,1,0:01:29.790000,DFL-OBJ-0026ZT,DFL-OBJ-0000F8,0.5442425929675091,122.52758575641079,1.87,7.84,0.11524073189577294,2.7321237160860767,2,5.440000000000001,60.09,-7.59,28.56,False,1
J03WOY,1,0:02:46.980000,DFL-OBJ-002GLL,DFL-OBJ-002GM1,1.0495713410721539,112.83644134430706,14.39,14.69,6.02336168524479,1.2020815280171315,3,19.7,61.99,-9.49,-14.3,False,1
J03WOY,1,0:01:31.390000,DFL-OBJ-J0196K,DFL-OBJ-00028V,2.7508907648250958,63.62406921534633,19.49,13.52,-2.8347957128955836,3.437586362551491,4,12.920000000000002,54.66,-2.16,21.08,False,1
J03WOY,1,0:03:33.395000,DFL-OBJ-00019R,DFL-OBJ-002GMO,1.0499999999999972,137.22592389511402,6.32,16.37,-0.9123631441545993,2.9138462553813658,2,16.9,52.0,0.5,17.1,False,1
J03WOY,1,0:03:40.532000,DFL-OBJ-002GLL,DFL-OBJ-00028V,1.7112860660918146,109.28238174468245,15.43,16.6,-0.6503714530500815,2.555484298523473,1,33.74,33.59,18.91,-0.26,False,1
J03WOY,1,0:01:57.870000,DFL-OBJ-J01KJ5,DFL-OBJ-J01KGY,1.3041855696180673,144.6872521208568,5.31,2.71,-1.245364670906498,7.3193237392535115,1,9.030000000000001,35.28,-17.22,-24.97,False,1
J03WOY,1,0:04:51.117000,DFL-OBJ-0000NZ,DFL-OBJ-002GLL,1.1458621208505022,162.80087912193662,13.17,12.48,0.05349908035592876,4.953312023283008,1,11.77,19.590000000000003,-32.91,22.23,False,1
J03WOY,1,0:05:26.990000,DFL-OBJ-J01H9X,DFL-OBJ-J01KGY,1.3587126259809326,82.45227992135003,17.17,15.22,4.825900479247119,3.323567360532956,3,27.08,28.5,-24.0,6.92,False,1
J03WOY,1,0:05:34.694000,DFL-OBJ-J01KJ5,DFL-OBJ-J0196K,5.152416908597365,42.46782411101193,20.2,8.17,-3.4128719096970093,3.8327535793473575,2,20.98,15.479999999999997,-37.02,-13.02,False,1
J03WOY,1,0:10:49.439000,DFL-OBJ-002GLL,DFL-OBJ-0000NZ,0.8434453153583804,145.0065460628238,11.39,14.19,-1.0808730488412366,8.003880308950155,1,2.8299999999999983,19.009999999999998,33.49,31.17,False,1
J03WOY,1,0:10:51.255000,DFL-OBJ-002GLL,DFL-OBJ-0000NZ,0.40447496832313207,159.60945526910402,7.05,7.77,1.087175035966504,8.279239095472482,1,2.6499999999999986,13.11,39.39,31.35,False,1
J03WOY,1,0:10:52.223000,DFL-OBJ-002GLL,DFL-OBJ-0000NZ,0.9501578816175749,35.58125286068163,14.59,12.25,0.2525798011596536,8.63877884888831,1,1.5399999999999991,10.490000000000002,42.01,32.46,False,1
J03WOY,1,0:11:21.746000,DFL-OBJ-002FXT,DFL-OBJ-0028KZ,1.0568822072492257,12.362492415714112,17.92,13.13,-1.385971065482946,4.527471700629392,3,2.5100000000000016,66.9,14.4,-31.49,False,1
J03WOY,1,0:12:25.247000,DFL-OBJ-J01KJ5,DFL-OBJ-002FXA,1.2343824366864582,47.23629462008756,1.76,11.74,3.0908655019515874,8.648479635172876,1,0.740000000000002,79.34,26.84,-33.26,False,1
J03WOY,1,0:12:29.713000,DFL-OBJ-J01KJ5,DFL-OBJ-J01KGY,4.85461635971371,32.9175545262102,4.7,10.97,2.3025769754336944,7.185012178138602,2,0.7700000000000031,69.53,17.03,-33.23,False,1
J03WOY,1,0:14:03.056000,DFL-OBJ-0028FW,DFL-OBJ-002FXA,4.004647300324964,179.1105928782348,1.77,15.07,-4.138693085275232,16.89394270145368,0,30.740000000000002,94.78,42.28,3.26,False,1
J03WOY,1,0:14:54.193000,DFL-OBJ-00028V,DFL-OBJ-00019R,4.839390457485322,28.389698866417273,7.98,12.05,0.5820453360997391,6.5523888773484735,4,33.92,48.15,-4.35,0.08,False,1
J03WOY,1,0:15:45.042000,DFL-OBJ-002FXA,DFL-OBJ-0000NZ,2.3530405861353088,20.701618202232485,24.7,23.13,-0.601384749466819,2.3530405861353088,1,5.129999999999999,71.86,-19.36,28.87,False,1
J03WOY,1,0:15:47.305000,DFL-OBJ-002FXA,DFL-OBJ-0000F8,1.4355835050598766,157.34810834790946,6.93,4.1,-0.608816148612572,3.8011840260634573,2,5.390000000000001,65.2,-12.7,28.61,False,1
J03WOY,1,0:16:23.185000,DFL-OBJ-J01H9X,DFL-OBJ-J01KGY,1.5494515158597255,63.233139355007566,8.04,8.53,-0.09829767834265146,5.672856423354991,2,20.4,43.58,-8.92,-13.6,False,1
J03WOY,1,0:16:25.594000,DFL-OBJ-002G5J,DFL-OBJ-0025BB,5.498845333340445,31.976291510784485,21.05,16.06,8.545332135910432,4.844213042383665,2,29.63,31.49,-21.01,-4.37,False,1
J03WOY,1,0:16:29.273000,DFL-OBJ-002G5J,DFL-OBJ-00286X,3.2454891773044023,144.00144772602832,10.44,17.63,-2.538947163016568,3.4851829220286277,3,31.03,22.23,-30.27,2.97,False,1
J03WOY,1,0:16:31.074000,DFL-OBJ-J01H9X,DFL-OBJ-0028KZ,0.7564390259630954,87.12112874929565,13.88,1.68,-0.18870953628442155,2.5490782647851375,2,29.6,11.25,-41.25,4.4,False,1
J03WOY,1,0:17:55.266000,DFL-OBJ-00019R,DFL-OBJ-J01KJ5,2.44233494836396,178.53302962190324,5.16,3.7,-1.0246834665295146,3.4590461112855984,4,3.210000000000001,22.99,29.51,-30.79,False,1
J03WOY,1,0:18:50.715000,DFL-OBJ-0026ZT,DFL-OBJ-0000F8,4.958245657488141,172.4752539242598,8.0,5.1,-2.2584301165853926,4.958245657488141,1,5.989999999999998,85.58,-33.08,28.01,False,1
J03WOY,1,0:19:18.731000,DFL-OBJ-00019R,DFL-OBJ-0000NZ,5.738440554715192,123.41314469673932,3.12,0.68,-0.859603509281015,3.9172439290909615,3,7.66,62.45,-9.95,26.34,False,1
J03WOY,1,0:20:11.252000,DFL-OBJ-002FXT,DFL-OBJ-0028KZ,4.466419147370738,163.42286870952165,2.45,10.5,-2.178382709999994,4.466419147370738,3,26.92,4.880000000000003,-47.62,7.08,False,1
J03WOY,1,0:20:27.795000,DFL-OBJ-00028V,DFL-OBJ-J0196K,0.7600657866263997,72.18471760203292,26.34,24.79,0.1917843855812093,4.076236008868969,2,0.9099999999999966,49.75,-2.75,-33.09,False,1
J03WOY,1,0:20:56.067000,DFL-OBJ-J01KJ5,DFL-OBJ-002FXA,2.032461561752154,84.07401020989356,10.87,3.36,3.383515315382426,8.336072216577781,1,5.850000000000001,63.3,10.8,-28.15,False,1
J03WOY,1,0:21:21.227000,DFL-OBJ-J01KGY,DFL-OBJ-002GMO,5.372383083883722,79.56461691327621,24.06,15.81,5.827043874048021,5.593031378420836,2,16.67,16.340000000000003,36.16,-17.33,False,1
J03WOY,1,0:21:27.715000,DFL-OBJ-002G5J,DFL-OBJ-00286X,3.6653103552086828,0.9160492628371688,16.8,9.2,5.606033506801055,6.295752536432797,4,26.9,71.07,18.57,-7.1,False,1
J03WOY,1,0:22:31.397000,DFL-OBJ-0001IG,DFL-OBJ-J01KJ5,0.9272000862812729,98.89887932061633,6.45,11.23,0.774126883883758,6.232599778583577,1,0.7999999999999972,96.44,-43.94,-33.2,False,1
J03WOY,1,0:22:21.270000,DFL-OBJ-002GM1,DFL-OBJ-0028KZ,1.9520502042724213,45.66999838763,6.79,13.62,1.1582931564867032,6.650481185598526,1,15.68,30.39,-22.11,-18.32,False,1
J03WOY,1,0:22:54.853000,DFL-OBJ-0001IG,DFL-OBJ-002GM1,1.500133327407934,161.21633225729278,4.96,8.78,-0.4907321159185041,6.53814193789031,2,1.2299999999999969,79.73,-27.23,-32.77,False,1
J03WOY,1,0:23:22.871000,DFL-OBJ-002G5J,DFL-OBJ-J0196K,0.776208734813001,86.49646835521557,6.18,1.25,-0.26105019392566126,2.4013329631685814,5,6.190000000000001,49.48,-3.02,-27.81,False,1
J03WOY,1,0:24:45.277000,DFL-OBJ-002FXT,DFL-OBJ-0025BB,0.6067124524847002,82.14327128803635,15.55,14.74,-0.08390814312103978,11.735493172423562,1,33.21,38.95,-13.55,-0.79,False,1
J03WOY,1,0:25:09.653000,DFL-OBJ-J01KJ5,DFL-OBJ-0001IG,3.7121422386541174,81.83119736161588,14.58,11.68,3.9859786747450263,12.487129373879332,0,4.329999999999998,63.0,10.5,-29.67,False,1
J03WOY,1,0:26:20.277000,DFL-OBJ-0026ZT,DFL-OBJ-0000NZ,1.8895766721676046,160.10071215804035,5.15,9.95,-0.7620923647584565,4.094142156789381,0,3.16,82.65,-30.15,30.84,False,1
J03WOY,1,0:26:37.007000,DFL-OBJ-J01KGY,DFL-OBJ-00028V,1.3173458164050917,81.85554109994256,15.8,19.2,-0.47512040680433965,3.926576116669585,1,4.039999999999999,73.02,-20.52,29.96,False,1
J03WOY,1,0:26:41.110000,DFL-OBJ-00028V,DFL-OBJ-J01KGY,0.8285529554590935,15.045933188942026,25.25,19.83,0.31516846980887525,3.586697645467209,2,21.79,12.07,-40.43,12.21,False,1
J03WOY,1,0:27:52.062000,DFL-OBJ-0026ZT,DFL-OBJ-0000F8,1.5962455951387924,179.2292512546084,9.18,7.15,-2.6229060511879907,4.1246211947280695,2,5.219999999999999,50.6,1.9,28.78,False,1
J03WOY,1,0:27:49.710000,DFL-OBJ-0000NZ,DFL-OBJ-00019R,1.29849913361542,179.6922572108871,2.22,12.0,-1.9373838227677072,2.3867970169245636,2,11.719999999999999,58.68,6.18,22.28,False,1
J03WOY,1,0:28:38.824000,DFL-OBJ-00028V,DFL-OBJ-00019R,1.1486513831445995,72.63086755642037,10.81,12.26,4.381345070285421,3.715171597651985,2,8.600000000000001,50.16,-2.34,-25.4,False,1
J03WOY,1,0:28:40.175000,DFL-OBJ-J01KJ5,DFL-OBJ-00019R,1.6657130605239314,41.730834943920826,9.92,6.42,5.95426467525835,1.6657130605239314,1,4.469999999999999,52.3,-0.2,-29.53,False,1
J03WOY,1,0:29:09.223000,DFL-OBJ-0000F8,DFL-OBJ-0026ZT,1.0904127658827187,101.1038334366361,24.85,18.79,0.20867420345904109,10.345134121895184,0,27.3,43.16,-9.34,6.7,False,1
J03WOY,1,0:30:21.745000,DFL-OBJ-002GLL,DFL-OBJ-J01H9X,1.9188017094009455,151.10474962579823,7.17,7.97,-1.3211950152144452,13.221202668441324,0,9.690000000000001,1.259999999999998,51.24,24.31,False,1
J03WOY,1,0:31:04.987000,DFL-OBJ-002GM1,DFL-OBJ-0001IG,2.336000856164225,20.494175427191895,15.71,16.52,8.870304620496908,2.336000856164225,2,8.739999999999998,64.41,11.91,25.26,False,1
J03WOY,1,0:31:29.817000,DFL-OBJ-002GLL,DFL-OBJ-J01KJ5,13.113207082937418,179.12768377089992,23.34,10.75,3.595770755165759,4.372928080817247,0,17.71,36.82,15.68,-16.29,True,1
J03WOY,1,0:31:28.510000,DFL-OBJ-002GLL,DFL-OBJ-002GM1,2.0011246837716024,8.953755070682313,15.66,23.3,2.9049376543280423,4.664386347634596,1,20.96,43.45,9.05,-13.04,False,1
J03WOY,1,0:34:21.490000,DFL-OBJ-J01KGY,DFL-OBJ-002GM1,7.899525302193798,58.0004154626205,18.93,9.8,-3.2181410066012073,7.899525302193798,2,5.559999999999999,78.2,-25.7,-28.44,False,1
J03WOY,1,0:34:26.550000,DFL-OBJ-0001IG,DFL-OBJ-002GM1,1.4506550244630856,123.18062340122871,3.44,7.81,-0.44858784474357316,4.911313469938567,3,1.0200000000000031,74.7,-22.2,-32.98,False,1
J03WOY,1,0:34:30.946000,DFL-OBJ-002FXA,DFL-OBJ-002GM1,1.5212166183683375,164.73857049406953,1.24,1.63,-1.324130494672732,1.7687566254292886,4,12.93,67.64,-15.14,-21.07,False,1
J03WOY,1,0:35:26.635000,DFL-OBJ-002FXA,DFL-OBJ-0000NZ,10.070417071799955,14.10314043844149,22.0,5.71,6.211415006652392,5.655519427957084,3,12.2,37.67,14.83,21.8,True,1
J03WOY,1,0:36:57.011000,DFL-OBJ-0026ZT,DFL-OBJ-0000NZ,1.1250777750893501,58.6183144906033,3.24,4.77,-0.35810689599666545,11.725224944537313,0,2.2600000000000016,91.49000000000001,-38.99,31.74,False,1
J03WOY,1,0:37:00.122000,DFL-OBJ-0000NZ,DFL-OBJ-0026ZT,0.45705579528105655,163.41641926315253,21.04,21.95,0.32981594406007675,7.949647790940177,2,13.05,3.3200000000000003,-49.18,20.95,False,1
J03WOY,1,0:39:04.892000,DFL-OBJ-002FXT,DFL-OBJ-J0196K,12.533782350112833,66.08067232167168,21.92,12.13,5.834835885524976,6.7620189292843635,2,25.5,27.49,-25.01,8.5,True,1
J03WOY,1,0:40:24.821000,DFL-OBJ-0026ZT,DFL-OBJ-002G5J,2.0181674856165923,94.60295835360516,5.98,6.07,-0.6543766964789072,3.811587595740129,1,2.8999999999999986,77.32,-24.82,31.1,False,1
J03WOY,1,0:40:54.790000,DFL-OBJ-0028FW,DFL-OBJ-002FXA,1.8228000438885232,133.1383548357238,1.92,2.41,0.018068195779715746,2.210814329607985,1,21.439999999999998,65.64,13.14,-12.56,False,1
J03WOY,1,0:42:46.479000,DFL-OBJ-0001IG,DFL-OBJ-002G5J,7.8621689119478955,157.9361915918244,0.15,9.17,-2.4911971298666047,10.142923641633114,1,2.6700000000000017,85.36,-32.86,-31.33,False,1
J03WOY,1,0:43:18.774000,DFL-OBJ-00019R,DFL-OBJ-J01H9X,3.714000538502925,119.17964549009652,11.09,13.53,-3.1865384251599025,3.714000538502925,2,7.719999999999999,41.49,11.01,26.28,False,1
J03WOY,1,0:43:20.797000,DFL-OBJ-J01GG9,DFL-OBJ-00028V,3.630716182793691,36.72852706223065,18.29,16.48,-1.197942190898632,3.630716182793691,1,29.3,41.71,10.79,4.7,False,1
J03WOY,1,0:43:45.062000,DFL-OBJ-00019R,DFL-OBJ-0000NZ,1.987083289648422,93.07971051173757,9.07,4.96,-2.540647244252604,2.1390885909657866,3,1.4500000000000028,57.11,-4.61,32.55,False,1
J03WOY,1,0:43:49.542000,DFL-OBJ-002FXA,DFL-OBJ-002GMO,0.6014149981501968,122.78800374263139,16.4,18.57,1.5156718382083845,11.52906761191034,0,5.66,42.07,10.43,28.34,False,1
J03WOY,1,0:44:29.295000,DFL-OBJ-00019R,DFL-OBJ-002GMO,0.7066116330771807,21.36773058773098,10.68,11.39,-0.3171757786293769,6.23284846599049,3,28.53,52.1,0.4,5.47,False,1
J03WOY,2,0:00:29.840000,DFL-OBJ-0028IJ,DFL-OBJ-0000NZ,1.747483905505285,90.40075365520323,18.51,21.09,-0.49766339359403444,10.681058000029774,1,2.0,37.58,-14.92,-32.0,False,1
J03WOY,2,0:00:37.776000,DFL-OBJ-002FXA,DFL-OBJ-J01KJ5,2.268766184515273,171.33089190823964,8.43,11.01,-2.17030868724858,2.713263717370652,4,27.56,9.920000000000002,-42.58,-6.44,False,1
J03WOY,2,0:00:50.695000,DFL-OBJ-0000F8,DFL-OBJ-0026ZT,22.0208673761957,17.868374859005577,22.46,15.91,-2.0292252932062915,14.366662799690124,0,11.23,22.9,29.6,-22.77,True,1
J03WOY,2,0:01:15.224000,DFL-OBJ-0000NZ,DFL-OBJ-0028IJ,1.9651463049859665,69.68518693172132,5.64,2.82,-1.4238651892348198,6.003707188063056,2,1.1099999999999994,11.29,41.21,-32.89,False,1
J03WOY,2,0:01:49.640000,DFL-OBJ-0000F8,DFL-OBJ-0026ZT,0.5903388857258158,75.49257318995922,15.47,13.65,0.6241527856854601,4.335204724116267,0,6.260000000000002,5.5,47.0,-27.74,False,1
J03WOY,2,0:02:18.384000,DFL-OBJ-0000NZ,DFL-OBJ-0026ZT,5.582006807591695,126.04016151367587,1.62,6.96,-2.84103370965219,4.569463863518341,2,4.219999999999999,18.659999999999997,33.84,-29.78,False,1
J03WOY,2,0:03:34.190000,DFL-OBJ-002FXA,DFL-OBJ-002GM9,5.271906675957002,142.05641408637618,17.4,15.78,0.5945300253666819,5.271906675957002,2,32.57,40.8,-11.7,-1.43,False,1
J03WOY,2,0:03:41.864000,DFL-OBJ-0026ZT,DFL-OBJ-0000F8,0.980204060387428,78.67659409189265,8.98,2.94,0.5458417976516178,7.822224747474339,1,0.6000000000000014,37.75,-14.75,-33.4,False,1
J03WOY,2,0:04:50.977000,DFL-OBJ-00019R,DFL-OBJ-002GMO,0.5053711507397298,53.64099224951036,10.01,9.84,0.8204387215681475,3.649657518178933,3,19.36,67.12,14.62,-14.64,False,1
J03WOY,2,0:05:25.786000,DFL-OBJ-00019R,DFL-OBJ-002GMO,5.28075752141679,167.884314165938,2.25,5.12,-0.8801650287311924,5.28075752141679,3,31.84,30.88,-21.62,2.16,False,1
J03WOY,2,0:06:06.082000,DFL-OBJ-0026ZT,DFL-OBJ-0000F8,0.8905054744357263,145.45596735152432,13.69,17.58,-0.9650638605263712,12.676533437813353,0,2.8299999999999983,50.89,-1.61,-31.17,False,1
J03WOY,2,0:06:32.738000,DFL-OBJ-0001IG,DFL-OBJ-002GM1,7.386162738526685,48.122897234145874,13.61,18.44,2.87387617819,11.77730019996094,1,0.509999999999998,43.01,-9.49,33.49,False,1
J03WOY,2,0:06:35.699000,DFL-OBJ-002FXA,DFL-OBJ-J01KJ5,6.090402285563737,176.76809735925963,10.83,6.79,-0.3509216805332649,4.696913880411263,2,7.649999999999999,34.06,-18.44,26.35,False,1
J03WOY,2,0:06:49.498000,DFL-OBJ-J01GG9,DFL-OBJ-0000NZ,0.7840918313565052,81.71269784239097,14.56,14.77,-0.3077692914251934,7.082972539831002,0,9.579999999999998,29.03,-23.47,-24.42,False,1
J03WOY,2,0:06:50.738000,DFL-OBJ-0026ZT,DFL-OBJ-0000NZ,2.292967509582287,54.10147182477641,15.79,17.24,4.600175285621001,5.832752352020446,1,4.469999999999999,26.17,-26.33,-29.53,False,1
J03WOY,2,0:06:51.810000,DFL-OBJ-0026ZT,DFL-OBJ-0000F8,4.2436423034935435,26.29965650757676,6.19,16.46,2.652163034258763,4.2436423034935435,2,2.210000000000001,27.44,-25.06,-31.79,False,1
J03WOY,2,0:07:38.339000,DFL-OBJ-00028V,DFL-OBJ-J01GG9,1.154339638061518,72.37514961147559,19.78,18.69,0.6860026654880214,7.240338389882062,3,11.45,50.32,2.18,-22.55,False,1
J03WOY,2,0:07:57.987000,DFL-OBJ-J0196K,DFL-OBJ-J01H9X,4.704646639228072,17.680526289322163,6.8,17.41,2.400855820261305,6.485213951752095,3,8.14,51.36,-1.14,-25.86,False,1
J03WOY,2,0:08:01.268000,DFL-OBJ-J0196K,DFL-OBJ-00028V,5.568213357981177,32.41938983911188,17.69,9.93,6.478195119344212,5.417619403391124,1,7.539999999999999,45.78,-6.72,-26.46,False,1
J03WOY,2,0:08:04.588000,DFL-OBJ-00019R,DFL-OBJ-00028V,0.485077313425397,37.63932628740562,21.03,18.7,1.8069300373161172,3.7646380968162116,4,13.86,36.87,-15.63,-20.14,False,1
J03WOY,2,0:09:16.868000,DFL-OBJ-002GM1,DFL-OBJ-0028KZ,0.8041144197189857,106.60295332203304,29.22,31.89,0.05384209594933409,7.640058900296517,2,22.1,23.38,29.12,11.9,False,1
J03WOY,2,0:10:04.350000,DFL-OBJ-J01KJ5,DFL-OBJ-002FXA,1.373535583812813,133.49818585380916,7.95,2.5,-0.14731343856006884,4.236897449785634,1,2.789999999999999,8.89,43.61,31.21,False,1
J03WOY,2,0:10:37.956000,DFL-OBJ-J01H9X,DFL-OBJ-002FXA,0.8036168241145774,24.812865199023335,11.18,12.14,2.1500594051745763,10.268641584941992,1,2.75,29.81,22.69,31.25,False,1
J03WOY,2,0:10:56.916000,DFL-OBJ-002FXT,DFL-OBJ-0025BB,0.5798275605729667,54.99358025926835,18.45,19.35,1.0788940704143193,2.0991426821443047,3,16.17,20.33,32.17,-17.83,False,1
J03WOY,2,0:11:50.950000,DFL-OBJ-002GM1,DFL-OBJ-0001IG,1.586852230045383,127.4869901366627,14.78,2.09,-2.9159407730320277,4.978533920744133,1,10.21,20.229999999999997,32.27,23.79,False,1
J03WOY,2,0:11:52.693000,DFL-OBJ-J01H9X,DFL-OBJ-002FXA,2.0554804791094434,164.59096224330298,9.28,16.02,-3.7931065336938263,13.247267642800908,0,16.9,32.45,20.05,17.1,False,1
J03WOY,2,0:11:57.341000,DFL-OBJ-J01H9X,DFL-OBJ-002FXA,4.960806386062652,122.15229514128232,0.52,1.63,-0.42933873740175876,6.864925345551839,2,15.48,30.76,21.74,18.52,False,1
J03WOY,2,0:13:48.255000,DFL-OBJ-J01GG9,DFL-OBJ-002GM1,10.561159974169504,24.389217290886798,3.74,15.12,3.584201458342191,6.776850300840355,1,33.96,52.33,-0.17,-0.04,True,1
J03WOY,2,0:16:04.910000,DFL-OBJ-0025BB,DFL-OBJ-J01H9X,0.7102112361825876,58.07222886966761,17.73,21.16,1.183884858085859,4.884311619870297,3,8.86,46.64,-5.86,25.14,False,1
J03WOY,2,0:17:04.969000,DFL-OBJ-00028V,DFL-OBJ-J0196K,1.8948878594787641,62.39345508133965,18.94,22.31,3.4515684179219743,5.547765315872693,2,25.52,17.1,35.4,-8.48,False,1
J03WOY,2,0:17:58.976000,DFL-OBJ-002FXT,DFL-OBJ-00286X,1.166619046647191,12.190994806724701,6.81,12.59,1.5785886438306485,4.188961685191214,2,9.190000000000001,23.22,29.28,-24.81,False,1
J03WOY,2,0:19:21.041000,DFL-OBJ-0000F8,DFL-OBJ-0026ZT,2.6499999999999995,33.10536134978938,8.15,14.7,4.265477491827436,2.6499999999999995,1,7.149999999999999,71.86,-19.36,-26.85,False,1
J03WOY,2,0:19:48.683000,DFL-OBJ-002FXT,DFL-OBJ-00286X,4.621796187630952,179.99116759999956,1.76,6.72,-2.2423679935082395,4.201071291944472,4,8.190000000000001,61.14,-8.64,-25.81,False,1
J03WOY,2,0:20:15.784000,DFL-OBJ-002FXA,DFL-OBJ-J01H9X,3.1688641498177237,31.373571783436347,1.47,13.52,2.737489009933587,5.171479478833885,4,32.61,38.5,-14.0,1.39,False,1
J03WOY,2,0:20:20.146000,DFL-OBJ-002FXA,DFL-OBJ-002GM1,0.5913543776789016,107.87998704859163,11.15,16.19,0.2524014488698431,3.0478352973873104,1,19.32,34.15,-18.35,14.68,False,1
J03WOY,2,0:20:24.689000,DFL-OBJ-J01H9X,DFL-OBJ-J0196K,0.8287943049997376,67.3628755051709,17.02,17.5,-0.2843546484268658,7.302307854370427,1,6.440000000000001,69.67,-17.17,27.56,False,1
J03WOY,2,0:20:42.322000,DFL-OBJ-002FXT,DFL-OBJ-0001IG,2.936153946917636,5.169774814058087,9.1,9.72,-0.12871897098413188,7.373276069699277,1,11.79,18.17,34.33,22.21,False,1
J03WOY,2,0:21:50.129000,DFL-OBJ-0026ZT,DFL-OBJ-002G5J,1.0381233067415447,127.7767062526033,8.37,4.73,-0.09068753708258825,8.671620379144834,1,3.8500000000000014,48.77,-3.73,-30.15,False,1
J03WOY,2,0:22:00.042000,DFL-OBJ-J01H9X,DFL-OBJ-0025BB,2.9414622214130173,39.24946485956242,18.75,22.79,3.3879109057879986,7.800923022309603,2,28.44,47.8,4.7,-5.56,False,1
J03WOY,2,0:22:55.882000,DFL-OBJ-00028V,DFL-OBJ-0028IJ,4.8780426402400385,24.920089064816917,10.22,12.88,6.143394564980473,6.480570962500143,3,10.969999999999999,77.19,-24.69,-23.03,False,1
J03WOY,2,0:25:18.267000,DFL-OBJ-0028IJ,DFL-OBJ-0000NZ,0.6609841147864287,171.04752666584596,6.19,9.81,-0.5122848618669392,4.848690544879102,3,26.82,26.33,-26.17,-7.18,False,1
J03WOY,2,0:25:20.195000,DFL-OBJ-0000F8,DFL-OBJ-J01GG9,2.3644449665830667,67.55239496097307,22.17,17.71,-3.4737726781363945,10.120874468147502,2,14.55,75.87,-23.37,-19.45,False,1
J03WOY,2,0:26:26.452000,DFL-OBJ-0026RH,DFL-OBJ-002FXA,3.3671946780665944,11.946672227333705,18.74,19.77,3.0904069807554535,3.6136684961407326,0,8.149999999999999,20.0,32.5,25.85,False,1
J03WOY,2,0:26:57.956000,DFL-OBJ-J0130T,DFL-OBJ-0001IG,1.5101324445226645,128.23215391823706,5.95,13.63,1.6358840941716712,5.181544171383663,4,16.17,12.469999999999999,40.03,17.83,False,1
J03WOY,2,0:26:59.491000,DFL-OBJ-0026RH,DFL-OBJ-0001IG,2.792919619323122,165.11596199663475,5.23,8.87,-3.3510974565478517,6.879425848135874,3,13.8,9.280000000000001,43.22,20.2,False,1
J03WOY,2,0:27:02.756000,DFL-OBJ-002GM1,DFL-OBJ-J0196K,2.1418216545735085,162.87433854391963,10.46,4.33,-2.9393678082180683,3.0207449412355194,2,22.59,17.04,35.46,11.41,False,1
J03WOY,2,0:27:56.359000,DFL-OBJ-J01GG9,DFL-OBJ-00028V,6.98241362280981,53.1726547629772,1.27,6.15,1.5115863788656814,1.5155856953666471,5,11.96,18.759999999999998,-33.74,-22.04,False,1
J03WOY,2,0:28:29.030000,DFL-OBJ-J01KJ5,DFL-OBJ-0025BB,2.5938388538997534,67.12273989285686,13.98,8.43,-2.009317813857779,5.826044970646897,1,16.92,72.78999999999999,-20.29,17.08,False,1
J03WOY,2,0:30:45.366000,DFL-OBJ-0028IJ,DFL-OBJ-J0130T,2.500499950009996,11.200677343837993,12.51,21.84,2.654682136842151,7.382208341682049,2,12.89,34.36,-18.14,-21.11,False,1
J03WOY,2,0:30:59.574000,DFL-OBJ-002GM1,DFL-OBJ-0001IG,2.294733099948664,55.404683602439576,8.89,14.19,1.1903329764553694,6.042333986134827,0,10.190000000000001,13.369999999999997,39.13,23.81,False,1
J03WOY,2,0:31:01.161000,DFL-OBJ-002GM1,DFL-OBJ-0001IG,1.9082976707002508,137.88585552338128,5.68,1.68,-2.5557385334169544,3.879845357743012,1,7.809999999999999,13.32,39.18,26.19,False,1
J03WOY,2,0:31:51.990000,DFL-OBJ-0026RH,DFL-OBJ-00286X,1.3106105447462268,81.78514185464705,17.01,9.07,1.6048796855760905,2.2294618184665147,1,25.939999999999998,5.479999999999997,47.02,-8.06,False,1
J03WOY,2,0:33:51.135000,DFL-OBJ-002FXA,DFL-OBJ-002GMO,1.4375326083258115,162.36927698860669,15.63,17.42,-1.0688315208145338,16.33171454563176,0,8.0,5.240000000000002,-47.26,-26.0,False,1
J03WOY,2,0:35:02.728000,DFL-OBJ-002FXA,DFL-OBJ-002GM9,2.4712142764236353,126.86484421672354,3.71,7.02,-0.5594838313713946,12.959047032864722,0,3.8299999999999983,0.17999999999999972,-52.68,30.17,False,1
J03WOY,2,0:35:09.544000,DFL-OBJ-J0130T,DFL-OBJ-0025BB,4.450404475999908,138.68594749264037,15.08,11.99,-3.5790747254467514,4.450404475999908,1,9.780000000000001,71.07,-18.57,24.22,False,1
J03WOY,2,0:35:11.656000,DFL-OBJ-002GM1,DFL-OBJ-J0196K,3.4100586505220116,114.14502564791685,25.46,16.42,2.1615565603657783,3.8283286170338093,1,6.539999999999999,59.980000000000004,-7.48,27.46,False,1
J03WOY,2,0:35:58.593000,DFL-OBJ-0026ZT,DFL-OBJ-J01H9X,2.2621449997734455,143.1223604659473,4.11,2.66,-0.0533539310717257,2.2621449997734455,3,11.0,69.02,16.52,-23.0,False,1
J03WOY,2,0:37:30.225000,DFL-OBJ-J0130T,DFL-OBJ-0025BB,4.001249804748511,162.25308815835396,7.93,16.16,-2.769651970968119,7.861462968175837,2,12.030000000000001,56.36,-3.86,21.97,False,1
J03WOY,2,0:39:32.162000,DFL-OBJ-0000NZ,DFL-OBJ-0028IJ,3.906430595825299,160.25999177191315,7.04,16.42,-6.5402045144222685,8.002524601649158,1,1.1799999999999997,74.94,-22.44,-32.82,False,1
J03WOY,2,0:40:27.506000,DFL-OBJ-0026RH,DFL-OBJ-00286X,0.4738143096192845,143.45699982721777,12.6,11.15,0.9193297159487168,14.01052818419063,1,1.2700000000000031,18.990000000000002,33.51,-32.73,False,1
J03WOY,2,0:40:52.789000,DFL-OBJ-0026RH,DFL-OBJ-00286X,0.957757798193257,55.08530872679523,11.62,16.75,0.21759708183865079,3.0654363474063544,2,26.81,36.15,16.35,-7.19,False,1
J03WOY,2,0:40:56.683000,DFL-OBJ-00028V,DFL-OBJ-J01GG9,0.899388681271896,11.186394267286047,8.77,16.57,4.930838848676895,5.422001475470106,1,22.7,48.93,3.57,-11.3,False,1
J03WOY,2,0:41:19.131000,DFL-OBJ-J0196K,DFL-OBJ-00028V,1.795243716045261,35.380272200301214,13.96,17.09,2.1295281281804757,4.080502420045845,2,25.619999999999997,30.44,-22.06,8.38,False,1
J03WOY,2,0:43:02.323000,DFL-OBJ-J0130T,DFL-OBJ-J0196K,0.9135097153287424,2.499745180099054,19.33,12.12,4.487350064398303,6.70090292423342,2,33.66,48.78,3.72,-0.34,False,1
J03WOY,2,0:43:02.892000,DFL-OBJ-J0130T,DFL-OBJ-0025BB,3.6479035074957777,72.12185079470957,17.33,15.1,5.2578714254198164,3.6479035074957777,2,32.81,46.44,6.06,1.19,False,1
J03WOY,2,0:43:11.068000,DFL-OBJ-J0130T,DFL-OBJ-0026ZT,3.3643127084146043,116.47253923457801,2.06,1.58,-0.6738573174826312,6.855902566402179,2,31.48,18.57,33.93,-2.52,False,1
J03WOY,2,0:45:47.918000,DFL-OBJ-J01NQ8,DFL-OBJ-0001IG,1.1686744627996282,120.7593640112083,16.87,8.2,1.7147187002151931,3.1781913095344017,1,5.140000000000001,27.94,24.56,28.86,False,1
J03WOY,2,0:45:52.052000,DFL-OBJ-0028JQ,DFL-OBJ-002GM9,3.0021658848238224,155.67878914514984,5.39,15.54,-2.5737567758275595,4.416537105017912,1,2.2399999999999984,45.21,-7.29,31.76,False,1
J03WOY,2,0:47:39.110000,DFL-OBJ-J01L1F,DFL-OBJ-0001IG,12.668741058210953,159.31575743938737,8.16,9.95,-5.015474421920185,12.668741058210953,1,4.609999999999999,3.6400000000000006,48.86,29.39,True,1
J03WOY,2,0:29:23.190000,DFL-OBJ-0028IJ,DFL-OBJ-0000F8,3.2405555079337884,26.380598600573748,14.6,9.45,-1.6528908827292887,3.2405555079337884,1,12.52,35.85,-16.65,-21.48,False,1
J03WOY,2,0:37:10.510000,DFL-OBJ-002GM9,DFL-OBJ-J01MF0,2.4742675683927153,121.36875333663254,12.69,11.1,-2.227686480394153,8.014948533833516,1,-1.0600000000000023,74.07,-21.57,35.06,False,1
J03WOY,1,0:00:38.480000,DFL-OBJ-002GM1,DFL-OBJ-00019R,1.4008925726121877,29.12201553255216,16.73,18.86,2.1504780957670366,14.184304706258958,0,6.670000000000002,90.28,37.78,-27.33,False,0
J03WOY,1,0:01:17.080000,DFL-OBJ-J01KGY,DFL-OBJ-002FXT,4.984586241605215,45.610440432678466,15.49,18.59,2.291203645990505,8.284732946812468,3,23.84,57.46,-4.96,10.16,False,0
J03WOY,1,0:01:27.560000,DFL-OBJ-0026ZT,DFL-OBJ-0000F8,3.1119447295863085,25.354706587931172,7.09,9.59,5.390274849584738,5.603115204955186,2,3.3099999999999987,61.74,-9.24,30.69,False,0
J03WOY,1,0:01:28,DFL-OBJ-0026ZT,DFL-OBJ-0000F8,1.3426093996393733,22.912615188893515,5.1,11.1,3.9868834077806885,4.928975552789848,2,3.6000000000000014,62.26,-9.76,30.4,False,0
J03WOY,1,0:01:29.120000,DFL-OBJ-002G5J,DFL-OBJ-J0196K,2.5216264592520434,61.841696867240124,3.99,6.45,1.500619944212106,3.4588003700705254,4,8.29,43.43,-9.07,25.71,False,0
J03WOY,1,0:01:29.440000,DFL-OBJ-00028V,DFL-OBJ-002GLL,0.9700515450222221,73.27663560964643,7.88,13.91,1.2481700634781026,2.5020391683584804,3,6.649999999999999,46.94,-5.56,27.35,False,0
J03WOY,1,0:01:31.480000,DFL-OBJ-00019R,DFL-OBJ-002GM9,2.057790076757103,13.61190154671703,11.49,15.14,0.42800181568654394,7.323011675533503,3,20.130000000000003,46.33,6.17,13.87,False,0
J03WOY,1,0:01:32.680000,DFL-OBJ-J01KGY,DFL-OBJ-J01H9X,4.925413688209346,44.38752904770995,16.89,21.14,2.0395360085251912,6.637785775392273,3,23.689999999999998,55.76,-3.26,10.31,False,0
J03WOY,1,0:01:40.720000,DFL-OBJ-0028KZ,DFL-OBJ-002GM1,4.93405512737748,20.58972986376404,11.44,18.23,4.748717864627379,14.065194630718764,0,8.79,60.18,-7.68,-25.21,False,0
J03WOY,1,0:01:46.160000,DFL-OBJ-00286X,DFL-OBJ-0000F8,4.814654712437849,28.12772779452199,9.77,19.63,4.604051305640251,16.866905466030218,0,14.59,75.68,-23.18,19.41,False,0
J03WOY,1,0:01:50.920000,DFL-OBJ-002FZB,DFL-OBJ-002FXT,4.855810951839042,36.78700136238787,8.11,18.94,5.470271029242843,22.239028755770786,0,28.02,99.97,-47.47,5.98,False,0
J03WOY,1,0:01:59.600000,DFL-OBJ-J01H9X,DFL-OBJ-J01KGY,4.960010080634918,9.908971267959112,12.91,18.51,1.5025375118119833,6.3214713477164475,1,11.57,43.82,-8.68,-22.43,False,0
J03WOY,1,0:01:59.880000,DFL-OBJ-J01H9X,DFL-OBJ-J01KGY,4.460549293528768,5.226184655723677,11.86,18.67,1.7238452109268931,6.413025806902697,1,11.780000000000001,44.76,-7.74,-22.22,False,0
J03WOY,1,0:02:06.400000,DFL-OBJ-002G5J,DFL-OBJ-J0196K,3.384228124698453,3.045758465669112,11.1,21.01,2.6447493594744973,7.998931178601301,1,13.719999999999999,46.0,-6.5,-20.28,False,0
J03WOY,1,0:02:21.680000,DFL-OBJ-00028V,DFL-OBJ-J0196K,4.938117050050556,12.332035166078613,6.43,17.56,3.1779158061226087,9.967597503912366,1,18.27,54.65,2.15,15.73,False,0
J03WOY,1,0:02:30.600000,DFL-OBJ-J01H9X,DFL-OBJ-J01KGY,4.924276596618025,35.347501131670775,3.27,10.73,2.548018075574152,13.520447477801909,1,9.89,52.48,-0.02,-24.11,False,0
J03WOY,1,0:02:39.960000,DFL-OBJ-002GM9,DFL-OBJ-00019R,4.963970185244871,11.199988540246492,14.81,22.14,4.546728835422071,20.572051429062682,0,23.990000000000002,64.85,12.35,-10.01,False,0
J03WOY,1,0:02:50.640000,DFL-OBJ-0028KZ,DFL-OBJ-002FXT,2.4583937845674786,60.38803642674716,2.7,11.11,3.055543944232174,6.70189525432918,1,12.43,73.63,-21.13,-21.57,False,0
J03WOY,1,0:02:52.240000,DFL-OBJ-002FXT,DFL-OBJ-0028KZ,0.7920858539325147,101.1578858903377,19.09,14.73,-0.25521463483128365,6.762869213580874,3,10.100000000000001,34.68,-17.82,-23.9,False,0
J03WOY,1,0:02:53.800000,DFL-OBJ-0001IG,DFL-OBJ-J01KJ5,4.872217154438009,2.5001658718986097,2.97,16.22,2.692461181678243,6.1640976630809465,1,1.0399999999999991,74.16,-21.66,-32.96,False,0
J03WOY,1,0:03:05.960000,DFL-OBJ-0026ZT,DFL-OBJ-0000F8,4.984074638285427,51.050657208506834,3.63,9.81,2.10458254080212,14.374790433255018,0,5.140000000000001,51.59,0.91,28.86,False,0
J03WOY,1,0:03:10.320000,DFL-OBJ-002GLL,DFL-OBJ-00028V,4.994326781459138,45.51723091742026,9.29,13.37,0.20182467117747072,7.749354811853693,2,13.2,50.38,2.12,20.8,False,0
J03WOY,1,0:03:13.480000,DFL-OBJ-0026ZT,DFL-OBJ-0000F8,4.970040241285781,49.866834465389886,3.92,13.37,2.2418690906248306,8.63009269938626,0,1.3299999999999983,47.35,5.15,32.67,False,0
J03WOY,1,0:03:18.240000,DFL-OBJ-J0196K,DFL-OBJ-002G5J,4.991242330322181,45.020267342456066,13.31,18.4,4.182945311502784,9.93938126846938,1,22.58,63.86,-11.36,11.42,False,0
J03WOY,1,0:03:24.400000,DFL-OBJ-0028KZ,DFL-OBJ-002GM1,4.911018224360399,11.586541406932556,14.64,22.45,2.8449748970121025,13.458031059556964,0,13.379999999999999,80.33,-27.83,-20.62,False,0
J03WOY,1,0:03:33.680000,DFL-OBJ-0026ZT,DFL-OBJ-002GMO,3.2783532451522044,41.42169161020533,11.91,15.62,6.766235721028009,7.6765421903354385,0,11.84,53.49,-0.99,22.16,False,0
J03WOY,1,0:03:35.600000,DFL-OBJ-002GLL,DFL-OBJ-00028V,2.813965173913849,17.971494587038777,7.54,14.76,1.3050885640162013,7.450852300240557,3,16.29,45.82,6.68,17.71,False,0
J03WOY,1,0:03:38.640000,DFL-OBJ-00028V,DFL-OBJ-002GLL,0.9386160024205854,112.09937135753687,23.3,25.13,0.8885218171599507,7.713164071896824,4,26.34,70.86,18.36,7.66,False,0
J03WOY,1,0:03:39.960000,DFL-OBJ-002G5J,DFL-OBJ-002GLL,3.9562734991403183,123.10750106089594,22.94,8.63,3.0269640643478333,8.558738224761871,4,31.05,68.67,16.17,2.95,False,0
J03WOY,1,0:03:42.720000,DFL-OBJ-002GM1,DFL-OBJ-J0196K,4.9712976173228665,19.95028909480172,10.6,20.6,2.469952156233235,6.332558724559921,2,21.43,56.03,3.53,-12.57,False,0
J03WOY,1,0:03:44.320000,DFL-OBJ-00028V,DFL-OBJ-00019R,3.880682929588554,69.18735351674063,22.92,11.43,-4.9601358545110745,4.702393007820592,1,31.17,47.08,-5.42,-2.83,False,0
J03WOY,1,0:03:48.840000,DFL-OBJ-0000F8,DFL-OBJ-0026ZT,4.875448697299563,55.946806505062284,14.43,24.99,3.041365124769073,5.307099019238286,1,14.02,22.11,-30.39,19.98,False,0
J03WOY,1,0:04:11.320000,DFL-OBJ-0001IG,DFL-OBJ-002GM1,4.7860213121130135,33.1987750032884,8.6,14.38,5.413615397150726,17.332616651850344,1,1.7700000000000031,79.89,-27.39,-32.23,False,0
J03WOY,1,0:04:37.520000,DFL-OBJ-002G5J,DFL-OBJ-J01KGY,3.4746222816300483,55.35601997028527,12.21,17.16,0.46197559881716144,6.480493808345161,3,8.04,73.85,21.35,-25.96,False,0
J03WOY,1,0:04:43.080000,DFL-OBJ-0000F8,DFL-OBJ-0026ZT,2.2337636401374263,44.39073095043078,26.47,26.19,-1.1625175367703455,10.961067466264407,1,16.36,49.58,-2.92,17.64,False,0
J03WOY,1,0:04:43.360000,DFL-OBJ-0000F8,DFL-OBJ-0026ZT,2.1856349191939617,40.64376942951167,27.13,27.14,-0.048715657921778455,10.55121320038601,1,15.2,47.86,-4.64,18.8,False,0
J03WOY,1,0:04:49.040000,DFL-OBJ-0000NZ,DFL-OBJ-002GLL,4.924428900898054,62.3885144193748,17.26,20.09,4.005962558038256,7.875341262446981,0,13.93,29.07,-23.43,20.07,False,0
J03WOY,1,0:05:13.960000,DFL-OBJ-J01H9X,DFL-OBJ-002GLL,1.4549914089093443,40.92006878222983,7.91,12.85,1.744551763780403,1.539382993280099,3,15.670000000000002,16.979999999999997,-35.52,18.33,False,0
J03WOY,1,0:05:17.720000,DFL-OBJ-0000NZ,DFL-OBJ-0026ZT,4.8982547912496335,21.65876261521699,1.38,14.8,4.339898889010261,8.271789407377339,1,1.7000000000000028,24.45,-28.05,32.3,False,0
J03WOY,1,0:05:27.440000,DFL-OBJ-002FXT,DFL-OBJ-0001IG,4.292924411167753,109.95382732706635,4.0,12.19,-0.47061038913635445,4.673692330481329,3,33.43,25.25,-27.25,-0.57,False,0
J03WOY,1,0:05:27.880000,DFL-OBJ-002FXT,DFL-OBJ-J0196K,3.5002285639655017,11.889224409409692,4.46,14.68,2.704803965865077,4.751515547696335,3,32.99,25.47,-27.03,-1.01,False,0
J03WOY,1,0:05:30.920000,DFL-OBJ-J01KJ5,DFL-OBJ-J0196K,4.849298918400473,36.18606830301184,8.95,18.02,5.395403479672152,7.047219309770344,1,18.39,27.66,-24.84,-15.61,False,0
J03WOY,1,0:05:34.240000,DFL-OBJ-002FXA,DFL-OBJ-J01KJ5,0.675425791630732,122.80360017653501,19.1,21.1,1.603566289893319,4.724923279800422,4,21.96,86.71000000000001,-34.21,-12.04,False,0
J03WOY,1,0:05:35.120000,DFL-OBJ-0001IG,DFL-OBJ-J01KJ5,1.8788294228055933,27.815969428180402,9.7,15.61,4.4901798410370395,2.870888364252433,1,17.97,92.14,-39.64,-16.03,False,0
J03WOY,1,0:05:35.320000,DFL-OBJ-002FXA,DFL-OBJ-J01KJ5,2.0582759776084463,126.44675565341126,11.89,11.61,-1.8410530502005544,2.1311499243366234,3,18.8,89.83,-37.33,-15.2,False,0
J03WOY,1,0:05:36.920000,DFL-OBJ-J0196K,DFL-OBJ-J01H9X,4.829171771639519,68.79335622757918,19.9,12.72,4.472481566098627,5.431325804994578,5,18.57,80.65,-28.15,-15.43,False,0
J03WOY,1,0:05:39.360000,DFL-OBJ-002FXT,DFL-OBJ-J0196K,0.7353910524340096,101.86889795485237,20.55,9.48,2.7524100826365805,5.5423911807089175,2,13.89,30.68,-21.82,-20.11,False,0
J03WOY,1,0:05:40.480000,DFL-OBJ-J01KJ5,DFL-OBJ-0001IG,2.0437710243566896,91.78741738562461,29.26,22.17,4.132629839925479,5.5544216620634765,3,6.43,32.25,-20.25,-27.57,False,0
J03WOY,1,0:05:41.320000,DFL-OBJ-J01H9X,DFL-OBJ-0001IG,4.914682085343875,43.10524015545653,13.51,18.55,3.6806442849133414,6.25538168299905,2,9.5,39.8,-12.7,-24.5,False,0
J03WOY,1,0:05:47.240000,DFL-OBJ-002FXA,DFL-OBJ-00028V,3.1813519138881814,23.826595770267943,13.85,21.94,3.5530586303582967,4.9009896959695824,2,15.620000000000001,52.24,0.26,-18.38,False,0
J03WOY,1,0:06:17.120000,DFL-OBJ-J01KJ5,DFL-OBJ-002FXA,2.728552729928453,29.696597500428997,18.88,23.07,0.5787870921698868,16.21163162670556,1,9.969999999999999,61.93,9.43,-24.03,False,0
J03WOY,1,0:06:17.480000,DFL-OBJ-J01KJ5,DFL-OBJ-002FXA,2.799732130043874,58.657773117653655,15.8,19.84,-0.11447375434512574,17.21874850272226,1,8.309999999999999,62.46,9.96,-25.69,False,0
J03WOY,1,0:06:24.360000,DFL-OBJ-002GM9,DFL-OBJ-00019R,4.830838436544942,9.13647403799146,6.09,23.2,5.895452420187139,12.341219550757534,0,7.32,60.4,7.9,-26.68,False,0
J03WOY,1,0:06:24.920000,DFL-OBJ-J01H9X,DFL-OBJ-002FXA,2.9732137494636994,11.674868809750823,13.96,13.14,0.0626310404317465,7.798878124448412,1,12.329999999999998,52.58,0.08,-21.67,False,0
J03WOY,1,0:06:32,DFL-OBJ-0000F8,DFL-OBJ-00286X,2.503197954617251,35.5374493553871,15.77,19.49,0.6487047594527806,7.316242204848059,1,5.440000000000001,41.67,-10.83,28.56,False,0
J03WOY,1,0:06:34.280000,DFL-OBJ-0000NZ,DFL-OBJ-0026ZT,4.973258489159798,7.160413779894841,5.49,17.63,3.568435730145023,11.503638554822555,1,3.879999999999999,56.72,4.22,30.12,False,0
J03WOY,1,0:06:35.640000,DFL-OBJ-00028V,DFL-OBJ-002GLL,2.1505813167606562,13.36642638422309,9.26,18.15,3.088548184766867,10.283384656814116,2,16.36,54.42,1.92,17.64,False,0
J03WOY,1,0:06:47.240000,DFL-OBJ-0000F8,DFL-OBJ-0026ZT,4.798176737053358,2.0663053433127248,4.84,12.38,2.7836396579200096,10.106478120492817,1,0.6799999999999997,40.22,-12.28,33.32,False,0
J03WOY,1,0:06:49.200000,DFL-OBJ-0000NZ,DFL-OBJ-002GLL,4.927402967081139,12.767538006527017,5.11,19.09,4.236042561079422,14.850198651869945,0,3.41,53.6,1.1,30.59,False,0
J03WOY,1,0:07:07.880000,DFL-OBJ-J01H9X,DFL-OBJ-J01KGY,4.981214711292819,58.3406522486045,5.51,8.74,1.8715269149489777,12.009279745263658,1,13.420000000000002,58.72,6.22,-20.58,False,0
J03WOY,1,0:07:35,DFL-OBJ-J01KJ5,DFL-OBJ-J01KGY,4.928366869460917,5.629567633891471,4.34,8.17,3.571730497519434,13.879625355174397,0,4.52,52.99,0.49,-29.48,False,0
J03WOY,1,0:07:35.680000,DFL-OBJ-00028V,DFL-OBJ-J0196K,3.5201846542475583,31.482396457941153,10.68,16.5,1.5339771493369658,8.36930702029744,1,14.5,51.46,-1.04,-19.5,False,0
J03WOY,1,0:07:44.040000,DFL-OBJ-J01H9X,DFL-OBJ-002FXA,4.959516105428029,16.084802846576984,5.44,18.93,3.9038552272697546,7.256231804456083,1,10.350000000000001,62.12,9.62,23.65,False,0
J03WOY,1,0:07:53.080000,DFL-OBJ-00028V,DFL-OBJ-J0196K,4.902509561438917,12.537010262147,5.23,14.07,3.6626024700667714,10.10002970292662,1,27.67,38.21,-14.29,6.33,False,0
J03WOY,1,0:07:57.640000,DFL-OBJ-0000NZ,DFL-OBJ-002GLL,4.994096514886351,21.192193082963772,9.45,15.63,1.602186618544632,6.614000302388867,3,12.030000000000001,35.08,-17.42,21.97,False,0
J03WOY,1,0:07:59.200000,DFL-OBJ-0000F8,DFL-OBJ-0026ZT,4.888077331630507,13.674889791889939,6.2,12.52,2.544629731157133,8.178043775867186,1,2.09,37.47,-15.03,31.91,False,0
J03WOY,1,0:07:59.800000,DFL-OBJ-J01H9X,DFL-OBJ-002GLL,4.919156431747216,15.063853723549647,1.58,16.32,4.033309886880582,8.949106100611388,0,9.280000000000001,41.76,-10.74,24.72,False,0
J03WOY,1,0:08:01.360000,DFL-OBJ-0000F8,DFL-OBJ-0026ZT,3.5004713968264327,26.92686996774873,15.14,15.39,0.9383132386698456,9.631874168613292,1,0.6000000000000014,41.74,-10.76,33.4,False,0
J03WOY,1,0:08:05.560000,DFL-OBJ-002GMO,DFL-OBJ-002FXA,4.969124671408436,44.12335531613643,13.09,16.63,1.0883873800377009,13.69338526442603,1,27.83,64.12,11.62,6.17,False,0
J03WOY,1,0:08:52.880000,DFL-OBJ-002FXA,DFL-OBJ-002GM9,0.46872166581031943,143.3589333004895,15.79,15.99,0.17379049955398504,3.2268405600525085,2,27.22,8.39,44.11,6.78,False,0
J03WOY,1,0:08:53.240000,DFL-OBJ-0028FW,DFL-OBJ-002FXA,1.3473306943731373,40.19905333887148,7.18,12.64,5.408952170425314,8.035919362462515,0,27.65,99.19,46.69,6.35,False,0
J03WOY,1,0:08:54.560000,DFL-OBJ-0028FW,DFL-OBJ-002FXA,3.079951298316257,131.67604455749978,13.13,1.99,-1.8440584910509172,6.549358747236251,2,26.12,96.94,44.44,7.88,False,0
J03WOY,1,0:08:55.280000,DFL-OBJ-0028FW,DFL-OBJ-002FXA,4.817727680141335,101.42687131284724,13.77,2.15,-2.7080994085960786,6.513040764497025,3,26.48,94.22,41.72,7.52,False,0
J03WOY,1,0:08:57.360000,DFL-OBJ-0028FW,DFL-OBJ-002FXA,4.999649987749141,67.84537923704008,2.84,11.35,0.9797937558068504,10.456505152296346,2,27.14,90.6,38.1,6.86,False,0
J03WOY,1,0:09:08.520000,DFL-OBJ-J01KJ5,DFL-OBJ-J01KGY,4.973137842449171,7.285012149036543,3.89,5.65,1.4616911903691632,12.159790294244386,1,3.59,61.28,8.78,-30.41,False,0
J03WOY,1,0:09:25.720000,DFL-OBJ-J01KJ5,DFL-OBJ-0001IG,4.890408980852215,0.2883028181634235,1.07,14.72,4.964272775119056,11.72541257269867,1,0.5,44.63,-7.87,-33.5,False,0
J03WOY,1,0:10:52.400000,DFL-OBJ-002GLL,DFL-OBJ-0000NZ,0.8840814442120155,39.628023674470114,14.35,14.45,0.43743684844470554,8.48398491276358,1,1.6199999999999974,9.850000000000001,42.65,32.38,False,0
J03WOY,1,0:11:53,DFL-OBJ-J01H9X,DFL-OBJ-J01KGY,4.926865129065338,6.551901706699747,6.37,19.61,3.7338690756290505,12.61913229980572,1,6.98,65.72,13.22,-27.02,False,0
J03WOY,1,0:11:54.760000,DFL-OBJ-002GM1,DFL-OBJ-0028KZ,0.544518135602479,34.21392881408705,18.54,21.5,2.124837905722123,9.993262730459959,1,6.670000000000002,45.730000000000004,-6.77,-27.33,False,0
J03WOY,1,0:11:55.240000,DFL-OBJ-002GM1,DFL-OBJ-0028KZ,0.5531726674375759,9.776322308882772,20.54,16.86,-0.23048861143232638,8.181375190027651,2,3.969999999999999,45.62,-6.88,-30.03,False,0
J03WOY,1,0:12:13.560000,DFL-OBJ-J01KGY,DFL-OBJ-J01KJ5,2.7644167558456147,27.70674394608063,22.19,20.25,-0.25333958326239303,7.898613802433943,2,5.949999999999999,38.9,13.6,-28.05,False,0
J03WOY,1,0:12:13.960000,DFL-OBJ-J01KGY,DFL-OBJ-J01KJ5,3.1965762934740036,43.38911390901289,24.43,22.8,-1.0803988440709722,8.5081137745096,2,4.129999999999999,37.07,15.43,-29.87,False,0
J03WOY,1,0:12:26.400000,DFL-OBJ-J01KJ5,DFL-OBJ-002FXA,3.6943876353192837,68.01756179688225,19.32,0.67,-4.45776335811036,4.431026968999398,1,1.3900000000000006,75.97,23.47,-32.61,False,0
J03WOY,1,0:12:49.560000,DFL-OBJ-0001IG,DFL-OBJ-002GM1,4.9417102302745395,17.006760288181464,7.08,19.59,3.420090497154733,16.56037741115824,1,0.8699999999999974,62.38,-9.88,-33.13,False,0
J03WOY,1,0:12:49.800000,DFL-OBJ-0001IG,DFL-OBJ-002GM1,4.067849554740195,21.71573361822681,4.35,17.6,3.5831258382045017,16.77174111414793,1,0.5399999999999991,62.17,-9.67,-33.46,False,0
J03WOY,1,0:13:08,DFL-OBJ-0000F8,DFL-OBJ-002GLL,4.925738523307952,7.6454304801461035,5.79,11.24,2.6634914862851122,11.439427433224093,0,7.870000000000001,56.34,3.84,26.13,False,0
J03WOY,1,0:13:13,DFL-OBJ-002GM9,DFL-OBJ-002FXA,4.917173985126009,16.58326314679342,4.95,23.33,6.21523890712687,23.506248105556956,0,15.8,71.71000000000001,19.21,-18.2,False,0
J03WOY,1,0:13:58.600000,DFL-OBJ-0028FW,DFL-OBJ-002FXA,4.821877227802468,0.5508566901789952,1.08,15.56,4.488016805239263,15.409818298734091,0,33.82,94.59,42.09,0.18,False,0
J03WOY,1,0:14:00.760000,DFL-OBJ-0028FW,DFL-OBJ-002FXA,0.46754678910243946,87.37018571548471,11.2,10.87,4.03119312305049,16.179768230725685,0,32.64,94.59,42.09,1.36,False,0
J03WOY,1,0:14:01.360000,DFL-OBJ-0028FW,DFL-OBJ-002FXA,1.4560219778561023,54.302333781351216,8.25,10.06,-1.1071465372950544,17.078422058258194,0,30.78,94.81,42.31,3.22,False,0
J03WOY,1,0:14:55.320000,DFL-OBJ-00028V,DFL-OBJ-00019R,0.6640030120413606,24.026832007976978,15.1,13.91,4.429737948978627,8.319579316287573,3,31.98,45.11,-7.39,-2.02,False,0
J03WOY,1,0:14:55.720000,DFL-OBJ-002G5J,DFL-OBJ-002GLL,4.106214801980042,34.00807968778161,9.06,10.48,0.6196880731086862,4.715294264412352,2,32.51,40.49,-12.01,1.49,False,0
J03WOY,1,0:14:57.640000,DFL-OBJ-002GM9,DFL-OBJ-002FXA,4.8196472899995495,7.633818630885187,3.34,23.77,5.530486434947264,10.26001949315887,0,28.85,54.72,2.22,-5.15,False,0
J03WOY,1,0:15:43.880000,DFL-OBJ-002FXA,DFL-OBJ-0000NZ,2.464568927824905,57.162498953676106,19.96,20.02,0.21088103166012173,3.782168690050724,3,7.539999999999999,78.52,-26.02,26.46,False,0
J03WOY,1,0:16:03.680000,DFL-OBJ-00286X,DFL-OBJ-0000F8,4.919999999999997,29.724906269385194,11.23,21.91,4.228346862284811,19.488809609619565,0,14.670000000000002,74.97,-22.47,19.33,False,0
J03WOY,1,0:16:06.160000,DFL-OBJ-0026ZT,DFL-OBJ-0000F8,4.85077313425396,49.6691528323957,9.08,18.03,5.542337805792266,6.077960184140729,1,2.8000000000000007,66.81,-14.31,31.2,False,0
J03WOY,1,0:16:14.760000,DFL-OBJ-0026ZT,DFL-OBJ-0000F8,4.9904909578116605,16.41237789380414,2.19,7.58,1.8808266208320834,11.452340372168475,0,5.77,93.41,-40.91,28.23,False,0
J03WOY,1,0:16:18.040000,DFL-OBJ-002FZB,DFL-OBJ-002FXT,4.992674633901149,40.18752427254877,18.96,27.8,4.4585207634468444,21.397450782745125,0,31.65,102.87,-50.37,2.35,False,0
J03WOY,1,0:16:24.240000,DFL-OBJ-002G5J,DFL-OBJ-J0196K,1.4940548852033517,5.681953006831244,9.67,12.19,0.7216693791605011,6.299436482733992,3,26.009999999999998,35.56,-16.94,-7.99,False,0
J03WOY,1,0:16:27.800000,DFL-OBJ-00286X,DFL-OBJ-002G5J,3.290744596592084,28.842660135412157,16.17,8.67,5.6097972453680764,7.619999999999999,1,30.47,81.8,-29.3,3.53,False,0
J03WOY,1,0:17:49.200000,DFL-OBJ-00019R,DFL-OBJ-J01KJ5,2.5407282420597443,14.83490582515988,6.52,17.86,3.636453770337127,3.8053909129023813,4,6.57,27.58,24.92,-27.43,False,0
J03WOY,1,0:17:50.320000,DFL-OBJ-J0196K,DFL-OBJ-00028V,4.840247927534291,25.499909898727896,0.6,18.13,4.1622404769425065,7.699980519455878,3,14.079999999999998,36.46,16.04,-19.92,False,0
J03WOY,1,0:17:50.840000,DFL-OBJ-J01KGY,DFL-OBJ-00028V,2.1459729728027797,119.28772307292229,1.41,18.35,-0.17431589829922434,5.586626889277643,2,11.04,36.5,16.0,-22.96,False,0
J03WOY,1,0:17:53.680000,DFL-OBJ-J01KJ5,DFL-OBJ-00019R,0.7203471385380799,60.918373670663016,11.55,13.8,-0.1756755500307025,5.0476232030530985,1,4.460000000000001,80.13,27.63,-29.54,False,0
J03WOY,1,0:17:55,DFL-OBJ-002FXA,DFL-OBJ-J01KJ5,1.373608386695422,30.680861295792273,11.2,9.02,5.14975733887955,3.748332962798262,4,6.460000000000001,23.1,29.4,-27.54,False,0
J03WOY,1,0:17:55.760000,DFL-OBJ-J01H9X,DFL-OBJ-002GLL,2.5452111896658014,23.780333376736003,12.01,11.54,5.432363074885123,4.713650390090467,3,10.89,79.22,26.72,-23.11,False,0
J03WOY,1,0:17:56.800000,DFL-OBJ-002GM9,DFL-OBJ-002GLL,4.551318490283886,1.550389025507107,8.29,16.34,2.779475491619252,4.815028556509297,1,9.39,86.78999999999999,34.29,-24.61,False,0
J03WOY,1,0:18:00.320000,DFL-OBJ-0000NZ,DFL-OBJ-0026ZT,4.972665281315443,39.11839104663744,6.79,15.51,4.475010774759227,22.620884156018302,1,22.41,85.78999999999999,33.29,11.59,False,0
J03WOY,1,0:18:03.720000,DFL-OBJ-0000F8,DFL-OBJ-00286X,2.208800579500106,116.56505117707805,23.77,19.89,0.7661322171318452,10.548350581963037,0,5.48,67.23,14.73,28.52,False,0
J03WOY,1,0:18:04.440000,DFL-OBJ-00286X,DFL-OBJ-0000F8,1.3039171752837666,39.15808923194448,13.52,17.6,1.561319485287878,15.74977460156176,0,1.8400000000000034,41.51,10.99,32.16,False,0
J03WOY,1,0:18:15.720000,DFL-OBJ-00286X,DFL-OBJ-0000F8,4.941426919423173,27.621967100974004,5.86,9.01,4.298928760591878,19.848677537810925,0,2.6900000000000013,62.62,-10.12,31.31,False,0
J03WOY,1,0:18:23.240000,DFL-OBJ-00028V,DFL-OBJ-002GLL,4.303765792884182,13.59647656053932,15.46,20.76,1.5166038054917919,9.5077652474175,1,8.829999999999998,77.77,25.27,25.17,False,0
J03WOY,1,0:18:34.800000,DFL-OBJ-J01KJ5,DFL-OBJ-J01KGY,4.942762385549199,64.48103665296534,2.45,8.84,2.8169407797843293,10.62928501828792,1,4.559999999999999,37.17,-15.33,-29.44,False,0
J03WOY,1,0:18:42.840000,DFL-OBJ-002GMO,DFL-OBJ-002GLL,4.914234426642671,38.02158986738711,11.34,15.18,5.291707524842493,13.707184247685591,0,16.58,41.41,-11.09,17.42,False,0
J03WOY,1,0:18:43.480000,DFL-OBJ-002G5J,DFL-OBJ-J0196K,1.9316573195057136,42.54083981510159,17.24,22.16,0.922215236399388,6.745917283809518,0,22.439999999999998,26.25,-26.25,11.56,False,0
J03WOY,1,0:18:46.200000,DFL-OBJ-002G5J,DFL-OBJ-0026ZT,1.8166177363441116,169.0410240208493,21.38,14.43,2.1640969409262727,3.5920050111323625,1,11.010000000000002,19.03,-33.47,22.99,False,0
J03WOY,1,0:18:48.200000,DFL-OBJ-0026ZT,DFL-OBJ-002G5J,0.8021221852062201,88.82533001351283,10.57,17.6,0.5957760428200509,5.203124061561477,1,2.370000000000001,81.69,-29.19,31.63,False,0
J03WOY,1,0:18:49.280000,DFL-OBJ-0000F8,DFL-OBJ-0026ZT,0.9055385138137431,20.376435213836388,15.65,10.74,5.070746410360157,7.474021675109055,3,3.4800000000000004,21.14,-31.36,30.52,False,0
J03WOY,1,0:20:04.560000,DFL-OBJ-002FXT,DFL-OBJ-0028KZ,0.6981403870282858,32.223056210878084,28.0,23.87,-0.19514936777796144,6.261317752677947,5,30.21,12.079999999999998,-40.42,3.79,False,0
J03WOY,1,0:20:07.120000,DFL-OBJ-002FXT,DFL-OBJ-0028KZ,0.581377674149944,126.59443928970882,4.43,7.06,1.4097926193620405,1.8040509970618908,3,26.5,4.149999999999999,-48.35,7.5,False,0
J03WOY,1,0:20:07.800000,DFL-OBJ-0028KZ,DFL-OBJ-002FXT,0.7851751396981437,57.48808576894576,2.9,0.91,0.3120621507546417,2.503058129568707,4,26.04,101.18,-48.68,7.96,False,0
J03WOY,1,0:20:10.320000,DFL-OBJ-00286X,DFL-OBJ-002FXT,1.2971121771072858,3.677530722790136,6.22,0.94,-1.1833509101063118,1.8210161998181125,2,26.63,99.19,-46.69,7.37,False,0
J03WOY,1,0:20:11.360000,DFL-OBJ-0028KZ,DFL-OBJ-002GM1,2.31948270094864,49.699913095460126,10.75,14.29,0.4924080137092135,4.720773241747584,3,28.740000000000002,95.67,-43.17,5.26,False,0
J03WOY,1,0:20:12.600000,DFL-OBJ-0025BB,DFL-OBJ-002GM1,2.5406495232518793,85.69459930990043,8.88,16.25,1.8783898613607686,7.410971596221372,2,31.740000000000002,93.28999999999999,-40.79,2.26,False,0
J03WOY,1,0:20:23.720000,DFL-OBJ-0001IG,DFL-OBJ-J01H9X,2.632299375071156,10.562167027125337,8.51,18.3,6.654526398909368,4.405734898969754,3,1.7999999999999972,38.82,13.68,-32.2,False,0
J03WOY,1,0:20:25.280000,DFL-OBJ-0001IG,DFL-OBJ-J01H9X,1.4803040228277435,109.15957942724799,16.71,14.56,0.3690218781207877,3.0266152712229544,2,3.530000000000001,40.57,11.93,-30.47,False,0
J03WOY,1,0:20:25.480000,DFL-OBJ-00028V,DFL-OBJ-0001IG,2.0734753434752973,40.36024317212818,19.9,18.37,5.074022155846665,5.665792089372853,2,6.27,63.6,11.1,-27.73,False,0
J03WOY,1,0:20:51.800000,DFL-OBJ-J01KJ5,DFL-OBJ-J01KGY,3.1085848870506982,31.40997381365944,13.35,15.16,1.6596034697704098,9.309403847723013,1,1.1899999999999977,52.84,0.34,-32.81,False,0
J03WOY,1,0:21:19.200000,DFL-OBJ-00019R,DFL-OBJ-J01H9X,3.7029312713038594,11.373825708554143,10.01,15.71,2.6846408804843844,4.971679796607986,3,9.18,12.899999999999999,39.6,-24.82,False,0
J03WOY,1,0:21:22,DFL-OBJ-002GMO,DFL-OBJ-J01KGY,1.4337712509323095,43.38940796992027,15.18,17.74,4.307062543005212,9.199809780642203,3,22.08,86.37,33.87,-11.92,False,0
J03WOY,1,0:21:23.480000,DFL-OBJ-00028V,DFL-OBJ-J01KGY,2.0702173798903343,150.5592248477768,14.16,5.05,3.2789302181023414,5.031500770148006,4,20.98,85.18,32.68,-13.02,False,0
J03WOY,1,0:21:31.160000,DFL-OBJ-0000NZ,DFL-OBJ-0026ZT,4.832442446630895,43.90959656805845,14.4,23.98,8.269462057309212,12.897891300518856,2,20.630000000000003,69.14,16.64,13.37,False,0
J03WOY,1,0:21:38.160000,DFL-OBJ-0000F8,DFL-OBJ-J0196K,4.9948473450146595,7.503537486499226,5.52,13.44,3.3847317186605697,6.70600477184441,1,4.0,44.44,-8.06,30.0,False,0
J03WOY,1,0:21:41.680000,DFL-OBJ-00028V,DFL-OBJ-002FXA,4.87016426827679,22.691010333055534,5.06,18.42,4.163538193907607,10.246174896028274,1,27.0,51.25,-1.25,7.0,False,0
J03WOY,1,0:21:42.680000,DFL-OBJ-J01H9X,DFL-OBJ-002FXA,4.742699653151146,1.7315011680303733,11.13,19.53,7.021181103247069,8.01854101442401,2,22.98,46.03,-6.47,11.02,False,0
J03WOY,1,0:21:47.160000,DFL-OBJ-J01KJ5,DFL-OBJ-0001IG,4.940698331207847,8.886057549528678,8.42,13.71,3.9462601849870027,11.963160117627785,1,6.239999999999998,43.58,-8.92,-27.76,False,0
J03WOY,1,0:21:48.800000,DFL-OBJ-00028V,DFL-OBJ-J01KGY,4.906526266107214,5.68826695380346,3.53,16.21,3.7695231029411302,7.61614732000373,2,19.439999999999998,44.019999999999996,-8.48,-14.56,False,0
J03WOY,1,0:21:56.600000,DFL-OBJ-0000F8,DFL-OBJ-J0196K,4.845203814082541,39.23442052668163,10.88,7.96,4.792795680754232,13.330450104928941,1,9.5,43.62,-8.88,24.5,False,0
J03WOY,1,0:21:57.120000,DFL-OBJ-J01H9X,DFL-OBJ-00286X,3.425317503531607,23.857207767263386,14.24,19.51,1.2417113406087166,6.521633231024268,1,9.379999999999999,33.15,-19.35,24.62,False,0
J03WOY,1,0:22:01.520000,DFL-OBJ-002GMO,DFL-OBJ-002FXA,4.121795725166399,9.714778968514318,15.28,22.84,2.0448527748229295,13.20931868038621,0,7.010000000000002,62.72,10.22,26.99,False,0
J03WOY,1,0:22:08.720000,DFL-OBJ-00028V,DFL-OBJ-J0196K,4.621709640382009,3.4605864779774476,10.34,18.48,2.126232103129675,12.789734164555568,0,25.369999999999997,72.89,20.39,8.63,False,0
J03WOY,1,0:22:20.960000,DFL-OBJ-002FXT,DFL-OBJ-J01KGY,4.982569618178958,82.25450490417177,18.74,18.64,3.860170268317964,13.784026987785534,0,16.49,43.39,-9.11,-17.51,False,0
J03WOY,1,0:22:22,DFL-OBJ-002GM1,DFL-OBJ-0028KZ,0.9119758768739445,29.316500958648728,11.52,17.25,1.4092336569544799,4.818142795725342,2,15.05,32.239999999999995,-20.26,-18.95,False,0
J03WOY,1,0:22:22.440000,DFL-OBJ-002FXT,DFL-OBJ-J01KGY,2.6752943763257147,127.22414247591155,18.94,11.88,-2.598232884580709,4.388803937293167,0,17.3,36.36,-16.14,-16.7,False,0
J03WOY,1,0:22:24.560000,DFL-OBJ-002G5J,DFL-OBJ-0025BB,0.5333854141237847,101.2045187654673,20.12,18.16,1.0193273606266733,7.964276489424509,1,23.04,19.490000000000002,-33.01,-10.96,False,0
J03WOY,1,0:22:26.800000,DFL-OBJ-0025BB,DFL-OBJ-002G5J,1.6501212076693046,62.48187324090989,20.1,24.15,0.11099843374530793,17.879667222854007,1,18.3,98.03999999999999,-45.54,-15.7,False,0
J03WOY,1,0:22:28.520000,DFL-OBJ-0001IG,DFL-OBJ-002G5J,4.948949383455036,17.174581346146528,15.7,15.74,1.9754922363011462,6.672166065079617,1,6.370000000000001,99.53,-47.03,-27.63,False,0
J03WOY,1,0:22:50.960000,DFL-OBJ-0028KZ,DFL-OBJ-002FXT,4.847535456291166,13.729863777292278,6.95,17.85,5.503466117730895,15.7301144306073,0,11.530000000000001,91.32,-38.82,-22.47,False,0
J03WOY,1,0:22:52.360000,DFL-OBJ-0001IG,DFL-OBJ-002GM1,4.979015967036059,18.16941839219496,1.76,17.07,4.773250569492609,11.402324324452454,1,1.259999999999998,81.75,-29.25,-32.74,False,0
J03WOY,1,0:23:21.120000,DFL-OBJ-002G5J,DFL-OBJ-J01KGY,3.139490404508348,4.116428379447457,10.89,16.11,4.401911727230745,5.496053129291965,4,11.73,49.07,-3.43,-22.27,False,0
J03WOY,1,0:23:23.720000,DFL-OBJ-J0196K,DFL-OBJ-002G5J,1.705813588877753,136.5157713555751,8.6,13.04,-2.4491483382311765,3.7316216314090584,4,6.469999999999999,53.32,-0.82,-27.53,False,0
J03WOY,1,0:23:24.800000,DFL-OBJ-J01KJ5,DFL-OBJ-002FXA,3.9686899601757752,165.55587769617304,9.81,22.41,-4.052472392666406,8.738609729241832,2,6.23,60.730000000000004,8.23,-27.77,False,0
J03WOY,1,0:23:25.480000,DFL-OBJ-002G5J,DFL-OBJ-00019R,2.6216216355530757,67.02452450402598,6.8,15.33,0.8588569452522776,3.375114812861927,4,7.260000000000002,55.08,2.58,-26.74,False,0
J03WOY,1,0:23:25.840000,DFL-OBJ-00019R,DFL-OBJ-002G5J,2.184353451252794,73.8228731906712,17.96,4.4,1.207558843690052,3.344846782739084,4,9.54,49.1,3.4,-24.46,False,0
J03WOY,1,0:23:30.600000,DFL-OBJ-002GMO,DFL-OBJ-00019R,4.986882793890389,28.90515472721902,16.49,25.67,3.8118055774658743,11.776739786545342,0,28.75,71.26,18.76,5.25,False,0
J03WOY,1,0:24:33.880000,DFL-OBJ-002GLL,DFL-OBJ-0000NZ,4.990040079999357,6.619299486317285,7.92,19.04,3.860443868075989,8.634610587629298,1,0.8100000000000023,44.46,8.04,33.19,False,0
J03WOY,1,0:24:36,DFL-OBJ-0026ZT,DFL-OBJ-0000F8,4.995297788921097,35.81468938285782,11.53,13.06,1.5131840262469676,12.74112239953765,1,4.34,57.42,-4.92,29.66,False,0
J03WOY,1,0:24:40.720000,DFL-OBJ-00286X,DFL-OBJ-0000F8,4.858188962977871,16.74591281166613,8.25,8.08,4.199117676127315,18.816506051868394,0,12.370000000000001,66.5,-14.0,21.63,False,0
J03WOY,1,0:24:49.320000,DFL-OBJ-0028KZ,DFL-OBJ-002GM1,2.8100177935379684,56.94519289697447,18.94,18.14,6.511133891161818,3.915763016322617,1,16.27,67.7,-15.2,-17.73,False,0
J03WOY,1,0:24:51.560000,DFL-OBJ-0001IG,DFL-OBJ-002GM1,4.901448765416199,30.768950991284555,15.27,25.69,3.4926474859077428,10.47019579568596,0,2.8500000000000014,56.22,-3.72,-31.15,False,0
J03WOY,1,0:24:56.920000,DFL-OBJ-0028FW,DFL-OBJ-002FXA,4.983984349895169,26.17605022598706,2.52,13.28,1.6243610826727317,27.844218430403103,0,18.45,102.69,50.19,-15.55,False,0
J03WOY,1,0:25:19.960000,DFL-OBJ-0000NZ,DFL-OBJ-0026ZT,4.894496909795735,14.866712450321938,1.36,16.55,4.537267346338378,11.725527706674868,0,4.16,44.8,-7.7,29.84,False,0
J03WOY,1,0:25:22.840000,DFL-OBJ-0000F8,DFL-OBJ-002GLL,2.2252415599210806,67.86376965685784,13.6,17.0,2.8431809514261674,12.927200006188501,1,1.759999999999998,23.76,-28.74,32.24,False,0
J03WOY,1,0:25:23.320000,DFL-OBJ-0000F8,DFL-OBJ-002GLL,2.0480478510034876,132.6173869557113,5.68,12.75,0.05439725815315821,10.885370916969253,1,2.3999999999999986,22.77,-29.73,31.6,False,0
J03WOY,1,0:25:25.200000,DFL-OBJ-0000NZ,DFL-OBJ-002GLL,1.2525573839150044,41.28339973284592,22.87,19.58,-0.9278451848454741,2.458800520579088,2,10.190000000000001,17.35,-35.15,23.81,False,0
J03WOY,1,0:25:39.280000,DFL-OBJ-00019R,DFL-OBJ-00028V,4.185510721524913,31.126991929492483,8.93,15.78,2.177475112038456,5.642561475074951,3,27.28,60.0,-7.5,-6.72,False,0
J03WOY,1,0:25:39.680000,DFL-OBJ-00019R,DFL-OBJ-00028V,2.7925078334715554,14.573125685256546,6.09,19.71,3.482507220133395,4.895804326155203,2,26.55,59.519999999999996,-7.02,-7.45,False,0
J03WOY,1,0:26:04.920000,DFL-OBJ-0001IG,DFL-OBJ-J01KJ5,4.918638022867715,4.884377174773115,3.62,17.26,6.354762132054234,5.87606160621211,0,0.4099999999999966,53.87,-1.37,-33.59,False,0
J03WOY,1,0:26:14.200000,DFL-OBJ-00286X,DFL-OBJ-0000F8,4.916838415079351,16.402382944689446,11.54,21.5,3.049371460556145,17.71070015555568,0,12.989999999999998,86.7,-34.2,21.01,False,0
J03WOY,1,0:26:18.080000,DFL-OBJ-0026ZT,DFL-OBJ-0000NZ,4.063065345278119,1.0574135583773188,9.91,18.95,1.9385395534227956,11.023815129073963,1,4.289999999999999,81.96000000000001,-29.46,29.71,False,0
J03WOY,1,0:26:37.200000,DFL-OBJ-00028V,DFL-OBJ-J01KGY,1.3185598204101308,86.80455813645077,19.39,15.78,-0.13481371477162385,4.940495926523976,2,5.579999999999998,31.29,-21.21,28.42,False,0
J03WOY,1,0:26:39.440000,DFL-OBJ-002FXT,DFL-OBJ-0025BB,3.6204972034238634,161.30095314190288,4.67,5.32,0.27750958758094413,5.352102390649866,2,24.78,22.56,-29.94,9.22,False,0
J03WOY,1,0:27:44.640000,DFL-OBJ-0025BB,DFL-OBJ-002FXT,4.89654980573056,12.049252327645364,8.64,25.65,7.530338233941012,14.183247159941901,0,30.89,73.95,-21.45,3.11,False,0
J03WOY,1,0:27:54.960000,DFL-OBJ-00019R,DFL-OBJ-002G5J,1.6302760502442528,85.71994447279928,6.23,10.33,-0.4940529301370311,4.398408803192354,2,6.719999999999999,46.93,5.57,27.28,False,0
J03WOY,1,0:27:55.480000,DFL-OBJ-0026ZT,DFL-OBJ-002G5J,4.123930164297159,48.720498049412925,3.26,12.31,2.5107878741198886,4.781014536685703,3,3.9299999999999997,44.59,7.91,30.07,False,0
J03WOY,1,0:28:02.200000,DFL-OBJ-0028KZ,DFL-OBJ-002GM1,4.919044622688433,22.743470185621874,8.84,15.08,3.4588157032893574,15.100761570199035,0,24.689999999999998,69.65,-17.15,-9.31,False,0
J03WOY,1,0:28:06.080000,DFL-OBJ-0025BB,DFL-OBJ-002FXT,4.982930864461196,15.015827997128852,11.88,21.12,2.6808695610461286,16.66640333125297,0,22.95,86.4,-33.9,11.05,False,0
J03WOY,1,0:28:09.880000,DFL-OBJ-002FZB,DFL-OBJ-002FXT,4.900867270188004,37.06344951718378,10.71,27.46,5.538630007860605,15.231628278027271,0,19.8,100.53,-48.03,-14.2,False,0
J03WOY,1,0:28:39.360000,DFL-OBJ-00028V,DFL-OBJ-00019R,0.7580237463298913,165.65374563328757,2.19,4.48,0.08499745154188165,3.4335113222472406,2,7.690000000000001,50.42,-2.08,-26.31,False,0
J03WOY,1,0:29:10.960000,DFL-OBJ-0026ZT,DFL-OBJ-0000F8,1.5274161188098023,102.89299373238808,18.27,19.61,-0.5534790418563884,11.861268903452109,0,18.46,59.43,-6.93,15.54,False,0
J03WOY,1,0:29:15.280000,DFL-OBJ-002GM1,DFL-OBJ-0026ZT,4.824458518839187,25.914495724117582,22.52,23.49,2.488101965269407,5.675464738679996,1,18.240000000000002,40.65,-11.85,15.76,False,0
J03WOY,1,0:29:17.440000,DFL-OBJ-0000NZ,DFL-OBJ-00286X,2.57870122348441,154.70880912233596,25.98,19.14,1.444103992332294,3.458916015170071,1,22.67,22.91,-29.59,11.33,False,0
J03WOY,1,0:29:25.880000,DFL-OBJ-002FZB,DFL-OBJ-002FXT,4.224523641784952,33.02409842890587,5.16,4.54,1.7273543704644223,10.557963818843099,3,32.58,95.11,-42.61,1.42,False,0
J03WOY,1,0:29:41.920000,DFL-OBJ-0028KZ,DFL-OBJ-002GM1,4.944097490948174,9.964621765528337,1.71,14.61,4.400294002666755,21.378786214376156,1,8.07,81.35,-28.85,-25.93,False,0
J03WOY,1,0:29:44.440000,DFL-OBJ-0025BB,DFL-OBJ-002GM1,4.974434641243162,19.697124971448822,8.34,22.7,3.970086015757228,17.647733565531862,0,23.259999999999998,87.19,-34.69,-10.74,False,0
J03WOY,1,0:29:51.760000,DFL-OBJ-0000NZ,DFL-OBJ-0026ZT,2.9868545327819365,3.7758041701313627,10.26,14.07,1.8173938123227895,7.126184112131822,2,10.61,45.65,-6.85,23.39,False,0
J03WOY,1,0:29:53,DFL-OBJ-0026ZT,DFL-OBJ-0000NZ,0.7707788269017253,12.577155334804699,16.36,12.64,1.7983884881017413,9.553224586494343,1,5.93,61.1,-8.6,28.07,False,0
J03WOY,1,0:29:57.400000,DFL-OBJ-00286X,DFL-OBJ-002G5J,4.846576111029312,16.438577996696075,2.15,13.67,4.295788394974518,8.093707432320494,0,9.379999999999999,64.48,-11.98,24.62,False,0
J03WOY,1,0:30:15.160000,DFL-OBJ-002GLL,DFL-OBJ-J01H9X,2.9913542083812126,36.2746308869359,16.63,21.35,0.5366394322208501,5.480009124079996,1,14.8,33.760000000000005,18.74,19.2,False,0
J03WOY,1,0:30:15.960000,DFL-OBJ-002GLL,DFL-OBJ-J01H9X,1.5264337522473743,14.07241313823128,16.33,22.1,1.9841311326189819,5.565473924114637,1,13.0,30.77,21.73,21.0,False,0
J03WOY,1,0:31:00.880000,DFL-OBJ-0000F8,DFL-OBJ-0001IG,2.5972485441328113,30.6105724186453,22.17,25.68,8.375238502141029,4.140772874717954,1,6.620000000000001,79.91,27.41,27.38,False,0
J03WOY,1,0:31:03.600000,DFL-OBJ-00286X,DFL-OBJ-002GM1,1.4961617559609,78.53782046310444,19.57,25.94,1.9255024218976036,11.25888093906317,1,14.899999999999999,36.54,15.96,19.1,False,0
J03WOY,1,0:31:04.640000,DFL-OBJ-00286X,DFL-OBJ-002GM1,1.0509519494249027,169.72528805484723,18.75,18.65,-0.2121935453465676,6.906815474587404,1,11.39,40.19,12.31,22.61,False,0
J03WOY,1,0:31:06.320000,DFL-OBJ-002G5J,DFL-OBJ-0001IG,4.511596169871588,85.61345470669015,3.54,4.14,0.3485630583199373,5.12711419806503,2,8.809999999999999,69.72,17.22,25.19,False,0
J03WOY,1,0:31:07.640000,DFL-OBJ-J01H9X,DFL-OBJ-J0196K,3.4353747976021483,40.58628563494689,5.77,7.63,2.3254303315580094,7.038501260921959,1,18.91,58.86,6.36,15.09,False,0
J03WOY,1,0:31:09.520000,DFL-OBJ-002GLL,DFL-OBJ-002G5J,4.751778614371674,41.43289310642385,13.71,18.93,1.3434502722592567,8.106059461908727,4,14.579999999999998,37.91,14.59,19.42,False,0
J03WOY,1,0:31:19.040000,DFL-OBJ-002FXA,DFL-OBJ-00028V,4.93911935470282,67.65351816329733,16.98,18.29,5.424546703297892,13.655248075373803,1,17.57,44.81,7.69,-16.43,False,0
J03WOY,1,0:31:19.520000,DFL-OBJ-J01KGY,DFL-OBJ-00028V,3.398823325799681,22.95971729575618,13.33,17.33,2.9272852114982593,5.541958137698262,3,16.59,36.06,16.44,-17.41,False,0
J03WOY,1,0:31:20.080000,DFL-OBJ-J01KGY,DFL-OBJ-00028V,3.0070749907509775,87.57797180385185,15.4,15.77,-0.5044410816621703,6.868435047374327,3,14.55,36.92,15.58,-19.45,False,0
J03WOY,1,0:31:33.920000,DFL-OBJ-002FXA,DFL-OBJ-002GM9,4.959758058615358,28.271703498814535,15.33,18.72,8.357968004883324,8.698563099730897,1,2.0700000000000003,19.799999999999997,32.7,-31.93,False,0
J03WOY,1,0:33:58.680000,DFL-OBJ-J01KJ5,DFL-OBJ-00019R,4.920497942281859,10.574165986952623,12.02,21.56,3.0005524243536708,22.96676294125927,0,14.02,66.28999999999999,13.79,-19.98,False,0
J03WOY,1,0:34:06.480000,DFL-OBJ-J01H9X,DFL-OBJ-0028KZ,1.0543718509140874,33.55062510296289,26.04,21.29,1.7647095308371596,1.3971399357258405,2,16.72,11.030000000000001,-41.47,-17.28,False,0
J03WOY,1,0:34:06.880000,DFL-OBJ-0025BB,DFL-OBJ-J01H9X,1.4159802258506262,12.235953869422728,25.85,23.1,-0.0471007253119643,6.861282678916527,0,16.52,98.08,-45.58,-17.48,False,0
J03WOY,1,0:34:09.800000,DFL-OBJ-J01KGY,DFL-OBJ-J01KJ5,4.940091092277548,20.617094668655035,8.73,18.58,4.883822866887648,6.77124803858196,2,5.43,92.07,-39.57,-28.57,False,0
J03WOY,1,0:34:11.360000,DFL-OBJ-0028KZ,DFL-OBJ-002G5J,4.246339600173309,11.105526863460671,11.24,15.75,7.002057373480732,8.236953320251367,1,14.41,99.52000000000001,-47.02,-19.59,False,0
J03WOY,1,0:34:19.880000,DFL-OBJ-J01H9X,DFL-OBJ-0028KZ,4.632202499891386,44.28068089154308,18.05,16.11,-0.5129862023104281,7.74581177153176,3,4.239999999999998,27.05,-25.45,-29.76,False,0
J03WOY,1,0:34:20.320000,DFL-OBJ-J01H9X,DFL-OBJ-0028KZ,4.520398212547209,37.37996572032809,13.68,15.3,0.3313139985576674,7.40813066839402,1,2.3599999999999994,26.56,-25.94,-31.64,False,0
J03WOY,1,0:34:23.080000,DFL-OBJ-002GM1,DFL-OBJ-0001IG,4.352941534181226,30.79352058661826,7.37,17.89,3.1517563964070194,7.675083061439793,1,0.7899999999999991,30.98,-21.52,-33.21,False,0
J03WOY,1,0:34:25.160000,DFL-OBJ-J01KGY,DFL-OBJ-002GM1,2.22551117723547,22.18309361011345,10.92,3.99,3.077149379832168,5.29876400682272,3,3.0100000000000016,76.03,-23.53,-30.99,False,0
J03WOY,1,0:34:25.800000,DFL-OBJ-J0196K,DFL-OBJ-002G5J,4.3212035360533525,58.521332909292795,7.15,12.88,0.7789005447651132,9.18153037352706,2,11.379999999999999,78.56,-26.06,-22.62,False,0
J03WOY,1,0:34:27.520000,DFL-OBJ-002FXA,DFL-OBJ-002GMO,2.8040149785619897,13.118996924259559,3.17,19.26,4.689588615995482,7.664802671954447,2,17.89,62.17,-9.67,-16.11,False,0
J03WOY,1,0:35:04.520000,DFL-OBJ-002FZB,DFL-OBJ-002FXT,4.748262840239577,33.24137948828792,14.14,28.97,9.697142972658407,19.218400037464097,0,21.009999999999998,96.08,-43.58,12.99,False,0
J03WOY,1,0:35:32.160000,DFL-OBJ-0001IG,DFL-OBJ-J01KJ5,4.815495820785228,66.40571422853417,20.25,19.66,5.635429452547438,6.807826378514656,0,17.62,32.03,20.47,-16.38,False,0
J03WOY,1,0:35:34.320000,DFL-OBJ-002GLL,DFL-OBJ-002GM9,0.7387827826905558,88.36730820822564,29.82,28.14,1.565520149423925,5.083551907869148,2,21.009999999999998,12.259999999999998,40.24,-12.99,False,0
J03WOY,1,0:35:34.760000,DFL-OBJ-002GM9,DFL-OBJ-002GLL,0.9527329111561113,123.40407214653406,20.87,26.02,-0.6084174927934585,9.126401262272001,1,19.14,95.11,42.61,-14.86,False,0
J03WOY,1,0:36:16.760000,DFL-OBJ-00019R,DFL-OBJ-002GMO,2.6992035862453947,81.33670972108233,19.53,7.17,5.104548775228779,4.892003679475314,3,32.99,32.35,20.15,-1.01,False,0
J03WOY,1,0:36:39.880000,DFL-OBJ-J01KGY,DFL-OBJ-J01H9X,4.982930864461196,13.167359626235502,6.26,13.55,2.5520865515807634,8.268155779858045,2,11.29,49.21,3.29,-22.71,False,0
J03WOY,1,0:36:45.360000,DFL-OBJ-0025BB,DFL-OBJ-002FXT,4.955501992734943,12.703319934147649,10.59,20.2,3.45345524906161,21.67426584685165,0,28.69,79.7,-27.2,-5.31,False,0
J03WOY,1,0:36:48.040000,DFL-OBJ-00286X,DFL-OBJ-0000F8,4.995517991159677,29.07133960452656,16.27,22.94,2.8253528926158356,19.294903472160726,0,12.27,81.62,-29.12,21.73,False,0
J03WOY,1,0:36:50.040000,DFL-OBJ-0026ZT,DFL-OBJ-0000NZ,1.290310040261642,5.7367324563252975,17.78,20.07,0.8613999628830576,7.284888468604032,1,5.219999999999999,68.41,-15.91,28.78,False,0
J03WOY,1,0:36:59.080000,DFL-OBJ-0000NZ,DFL-OBJ-0026ZT,0.8884255736976552,54.747882784524776,23.36,23.79,0.7782068104536399,8.811276865471887,2,7.25,5.939999999999998,-46.56,26.75,False,0
J03WOY,1,0:38:10.320000,DFL-OBJ-0028KZ,DFL-OBJ-002FXT,1.310457935227224,51.737637891463145,28.57,29.88,0.1437418559614323,10.564326765109076,0,3.2300000000000004,65.38,-12.88,-30.77,False,0
J03WOY,1,0:38:39.680000,DFL-OBJ-J01KJ5,DFL-OBJ-0028KZ,4.991693099540475,68.15243691309527,4.09,8.03,1.542914911190052,7.690416113579291,0,3.9499999999999993,46.14,-6.36,-30.05,False,0
J03WOY,1,0:38:46.760000,DFL-OBJ-002GM9,DFL-OBJ-00019R,4.931460229992734,5.1962606594911005,7.47,20.56,4.627321824146446,6.648308055437864,0,15.23,64.37,11.87,-18.77,False,0
J03WOY,1,0:38:52.200000,DFL-OBJ-002GMO,DFL-OBJ-002FXA,4.278983524156176,8.739172673059883,7.5,19.36,8.159254185251191,6.826426590830665,0,19.2,79.78999999999999,27.29,14.8,False,0
J03WOY,1,0:38:56.120000,DFL-OBJ-00028V,DFL-OBJ-002GLL,1.526106156202773,1.4315160814377508,16.39,21.11,1.1985280835005496,11.003640306734859,1,32.26,68.51,16.01,1.74,False,0
J03WOY,1,0:38:57.480000,DFL-OBJ-J01H9X,DFL-OBJ-0026ZT,4.315669125408016,26.11955317573893,4.35,10.56,2.932024291689108,11.11410365256686,2,15.64,61.24,8.74,18.36,False,0
J03WOY,1,0:39:00.040000,DFL-OBJ-J01H9X,DFL-OBJ-0026ZT,4.942408319837607,39.867613136425625,21.81,20.21,2.971813359216544,7.726901060580496,2,7.350000000000001,54.89,2.39,26.65,False,0
J03WOY,1,0:39:05.080000,DFL-OBJ-002FXT,DFL-OBJ-0025BB,3.85914498302409,38.88169054829302,21.64,10.9,5.869083923735297,6.270797397460709,2,24.66,26.63,-25.87,9.34,False,0
J03WOY,1,0:40:22.200000,DFL-OBJ-00286X,DFL-OBJ-0000F8,4.882315024657872,37.83120345477307,14.54,14.66,5.724162940239026,18.753074414612662,0,14.600000000000001,88.71000000000001,-36.21,19.4,False,0
J03WOY,1,0:40:23.320000,DFL-OBJ-0026ZT,DFL-OBJ-002G5J,4.96678970764819,11.036549362682402,5.21,20.32,4.91047865968588,9.681410021272729,1,4.120000000000001,77.05,-24.55,29.88,False,0
J03WOY,1,0:40:41.520000,DFL-OBJ-00286X,DFL-OBJ-0000F8,4.952019789944303,7.78973539063864,1.89,19.21,4.209348494927041,16.42748002585911,0,10.0,99.75999999999999,-47.26,24.0,False,0
J03WOY,1,0:40:44.760000,DFL-OBJ-0026ZT,DFL-OBJ-0000F8,4.920660524766977,32.65742995620298,7.7,18.75,3.089782994215311,11.89642803533901,2,3.8000000000000007,87.37,-34.87,30.2,False,0
J03WOY,1,0:42:16.120000,DFL-OBJ-0028FW,DFL-OBJ-002FXA,4.944946915791918,13.125183855743865,3.15,20.06,3.9066216157963995,16.52007566568628,0,29.990000000000002,100.52000000000001,48.02,4.01,False,0
J03WOY,1,0:42:17.400000,DFL-OBJ-0028FW,DFL-OBJ-002FXA,2.2760711763914583,167.78717482178382,7.68,7.83,-3.4639142548893296,14.145391475671506,0,29.0,99.99000000000001,47.49,5.0,False,0
J03WOY,1,0:42:18.360000,DFL-OBJ-0028FW,DFL-OBJ-002FXA,4.3237483738071525,97.53802573259503,7.15,12.51,-1.1053447082548873,11.895650465611372,0,27.9,98.28,45.78,6.1,False,0
J03WOY,1,0:42:27.560000,DFL-OBJ-002GM1,DFL-OBJ-0028KZ,0.570087712549567,178.59378939427603,22.76,14.89,2.668983937812941,13.698412316761381,0,0.5200000000000031,28.97,-23.53,-33.48,False,0
J03WOY,1,0:43:13.520000,DFL-OBJ-0000NZ,DFL-OBJ-0026ZT,4.992494366546647,60.8356767133042,25.18,22.68,1.2996385116223363,7.427139422415605,0,6.100000000000001,74.98,22.48,27.9,False,0
J03WOY,1,0:43:15.480000,DFL-OBJ-00286X,DFL-OBJ-0000F8,2.03364205306637,26.842151784035835,16.56,18.31,2.9947639094710996,9.81332257698686,0,4.23,46.21,6.29,29.77,False,0
J03WOY,1,0:43:15.800000,DFL-OBJ-0026ZT,DFL-OBJ-0000NZ,3.8587692338360964,46.33096968685195,8.47,7.21,-1.5867586942071232,4.548428299973518,1,1.7700000000000031,41.14,11.36,32.23,False,0
J03WOY,1,0:43:16.720000,DFL-OBJ-00019R,DFL-OBJ-J01H9X,4.869661179178692,6.750655973139513,8.05,19.99,5.069142850710786,5.383121770868646,2,6.75,42.3,10.2,27.25,False,0
J03WOY,1,0:43:17.760000,DFL-OBJ-J01GG9,DFL-OBJ-002G5J,2.9771294899617637,42.4719492842718,3.87,15.61,3.602537292282851,6.774023914926784,2,14.93,45.93,6.57,19.07,False,0
J03WOY,1,0:43:19.560000,DFL-OBJ-00028V,DFL-OBJ-J01GG9,0.8947066558375424,18.28048522235965,20.06,19.12,6.8154430353971085,4.90440618219984,2,23.7,60.71,8.21,10.3,False,0
J03WOY,1,0:43:20.840000,DFL-OBJ-002G5J,DFL-OBJ-J01GG9,2.333623791445399,106.86349197515945,23.42,16.99,1.4320003202045628,7.84302237660967,3,27.81,65.03999999999999,12.54,6.19,False,0
J03WOY,1,0:43:21.600000,DFL-OBJ-00028V,DFL-OBJ-J01GG9,1.7912007146045907,149.08267117250924,19.84,9.87,3.395529822620476,4.853369963231734,3,29.68,63.39,10.89,4.32,False,0
J03WOY,1,0:43:23.680000,DFL-OBJ-002GMO,DFL-OBJ-002FXA,2.9062174729362567,30.81453893781547,14.93,3.56,0.9613178091395669,4.51921453352239,3,24.39,78.95,26.45,9.61,False,0
J03WOY,1,0:43:43.240000,DFL-OBJ-00019R,DFL-OBJ-0000NZ,2.318210516756405,2.014072447997729,10.03,13.55,-0.2191251226780222,6.384864916347096,3,3.5199999999999996,55.0,-2.5,30.48,False,0
J03WOY,1,0:43:45.360000,DFL-OBJ-0000F8,DFL-OBJ-0026ZT,2.3745315327449332,127.39765040690702,10.76,8.38,1.6492248723836533,2.957025532524194,3,3.4499999999999993,46.08,-6.42,30.55,False,0
J03WOY,1,0:43:45.800000,DFL-OBJ-0026ZT,DFL-OBJ-0000F8,1.625423021862309,8.137104160245112,7.46,13.63,1.763802482273471,3.9416747709571363,2,4.25,61.980000000000004,-9.48,29.75,False,0
J03WOY,1,0:44:00.920000,DFL-OBJ-00019R,DFL-OBJ-00028V,3.9777506206397604,7.863898003157108,8.07,15.88,2.8334362502849664,5.078759691105693,3,7.059999999999999,48.89,3.61,26.94,False,0
J03WOY,1,0:44:01.480000,DFL-OBJ-00019R,DFL-OBJ-00028V,1.74656806337457,13.854758866573308,9.35,16.65,4.120518335508252,4.892647545041438,3,7.170000000000002,49.96,2.54,26.83,False,0
J03WOY,1,0:44:04.760000,DFL-OBJ-00286X,DFL-OBJ-0000F8,4.9918032813803865,18.57024141811318,15.71,15.53,2.0208366200351313,9.09639489028483,0,8.25,67.66,-15.16,25.75,False,0
J03WOY,1,0:44:24.840000,DFL-OBJ-0025BB,DFL-OBJ-002FXT,3.859455920204298,105.47678280995675,9.14,2.52,1.9925854356918427,6.460193495554139,2,27.77,80.66,-28.16,-6.23,False,0
J03WOY,1,0:44:28.160000,DFL-OBJ-J01GG9,DFL-OBJ-00028V,4.782352977353303,53.75873129191791,17.59,19.37,5.0186941345464575,8.332118578128856,3,29.77,67.36,-14.86,4.23,False,0
J03WOY,1,0:44:29.320000,DFL-OBJ-00019R,DFL-OBJ-002GMO,0.6802940540677982,15.89563753333602,10.48,11.5,-0.18210088032075133,6.282579088240753,3,28.53,52.21,0.29,5.47,False,0
J03WOY,1,0:44:31.240000,DFL-OBJ-002GMO,DFL-OBJ-00019R,3.436859031150391,80.60892850255277,19.06,0.79,-4.532821894957692,8.110092477894442,4,24.45,47.57,-4.93,9.55,False,0
J03WOY,1,0:45:01.920000,DFL-OBJ-002FXA,DFL-OBJ-J01KJ5,4.87031826475437,32.40393785910818,12.42,24.42,5.637963065569657,12.175795661885923,1,3.7399999999999984,7.619999999999997,44.88,-30.26,False,0
J03WOY,1,0:45:05.520000,DFL-OBJ-002GLL,DFL-OBJ-002GM1,4.936972756659692,35.28099523836574,8.38,20.01,4.376606657262605,8.391960438419618,0,6.550000000000001,18.490000000000002,34.01,-27.45,False,0
J03WOY,2,0:00:30.120000,DFL-OBJ-0028IJ,DFL-OBJ-0000NZ,1.8741664813991328,107.91572996882786,14.23,18.86,-0.4824410667643336,10.684385803592082,1,1.4399999999999977,36.45,-16.05,-32.56,False,0
J03WOY,2,0:00:30.520000,DFL-OBJ-0028IJ,DFL-OBJ-0000NZ,1.8321571984958074,131.4663665044347,12.52,10.39,0.10502320725831349,10.091308141167826,1,1.3599999999999994,35.04,-17.46,-32.64,False,0
J03WOY,2,0:00:37.840000,DFL-OBJ-J01KJ5,DFL-OBJ-002FXA,2.409585026513902,73.45909032979209,10.94,9.04,-2.166421250887092,9.252740134684428,3,25.53,93.64,-41.14,-8.47,False,0
J03WOY,2,0:00:50.240000,DFL-OBJ-0028KZ,DFL-OBJ-0000F8,0.6044005294504653,20.114240596880197,30.76,26.07,0.6844485163838565,15.329165013137539,0,11.620000000000001,79.78,27.28,-22.38,False,0
J03WOY,2,0:01:10.200000,DFL-OBJ-002G5J,DFL-OBJ-J0196K,3.630385654444993,6.758641237786445,10.09,16.88,0.7210060587998279,4.957428769029363,1,8.940000000000001,10.090000000000003,42.41,-25.06,False,0
J03WOY,2,0:01:13.720000,DFL-OBJ-0000NZ,DFL-OBJ-0028IJ,0.9563472172804177,90.16133932579918,6.92,4.65,0.8272447578051595,3.9984622043980877,2,1.4600000000000009,12.619999999999997,39.88,-32.54,False,0
J03WOY,2,0:01:24.480000,DFL-OBJ-0028IJ,DFL-OBJ-002G5J,2.663099697720685,41.819326874767285,19.17,9.84,7.626201539707587,5.545133001110073,2,2.6799999999999997,88.02000000000001,35.52,-31.32,False,0
J03WOY,2,0:01:24.680000,DFL-OBJ-002G5J,DFL-OBJ-0028IJ,1.685140943660204,56.476958298218456,7.75,18.75,6.066404666529883,4.733296948216964,1,3.3999999999999986,19.29,33.21,-30.6,False,0
J03WOY,2,0:01:25.720000,DFL-OBJ-J0196K,DFL-OBJ-002G5J,3.625713722841337,3.748260872985079,12.61,15.16,1.6582387168868706,4.784652547468834,3,6.84,80.84,28.34,-27.16,False,0
J03WOY,2,0:01:27.680000,DFL-OBJ-0028IJ,DFL-OBJ-00028V,1.8285786830213249,38.84684993100928,28.73,29.54,0.7497960984084678,10.794002964609565,3,0.7999999999999972,67.75,15.25,-33.2,False,0
J03WOY,2,0:01:54.800000,DFL-OBJ-0026ZT,DFL-OBJ-0000F8,2.4616457909293135,140.81191013833447,11.61,6.56,-0.31277473373705567,21.130248460441727,0,7.640000000000001,103.42,50.92,-26.36,False,0
J03WOY,2,0:01:56.840000,DFL-OBJ-0028IJ,DFL-OBJ-0000NZ,0.5507267925205795,5.939389224356214,8.69,11.87,0.7261571031798627,9.557285179380179,1,1.5399999999999991,85.06,32.56,-32.46,False,0
J03WOY,2,0:01:58.480000,DFL-OBJ-00286X,DFL-OBJ-0000F8,4.014386628116429,44.235574254651084,8.67,13.57,1.4547361932477987,7.073817922451775,1,7.0,93.11,40.61,-27.0,False,0
J03WOY,2,0:02:01.240000,DFL-OBJ-0026ZT,DFL-OBJ-0000F8,4.906179776567507,45.72811304602372,0.74,10.87,2.050712753806603,8.54953215094253,1,3.8900000000000006,96.22999999999999,43.73,-30.11,False,0
J03WOY,2,0:02:03.200000,DFL-OBJ-J0196K,DFL-OBJ-0000NZ,1.762413118425985,5.831359879272766,7.43,13.48,2.2714012170870967,10.355954808707885,2,7.77,81.95,29.45,-26.23,False,0
J03WOY,2,0:02:03.920000,DFL-OBJ-0025BB,DFL-OBJ-002G5J,4.901122320448659,0.35720098009823453,3.65,14.88,2.94408944099936,5.5267531155281375,2,11.45,86.91,34.41,-22.55,False,0
J03WOY,2,0:02:10.880000,DFL-OBJ-00286X,DFL-OBJ-002G5J,2.164116447883525,18.63006789497453,22.71,22.84,-0.030583878603578363,15.013493930461356,0,16.56,95.36,42.86,-17.44,False,0
J03WOY,2,0:02:15.560000,DFL-OBJ-0000NZ,DFL-OBJ-0028IJ,0.8497058314499226,33.828295917662594,15.53,19.11,1.147298503450787,9.386506272303878,0,1.6199999999999974,29.5,23.0,-32.38,False,0
J03WOY,2,0:02:16,DFL-OBJ-0000NZ,DFL-OBJ-0028IJ,0.9234717104492174,75.00056546349192,17.26,19.5,-0.1800059803822432,6.710745115112033,0,1.259999999999998,27.6,24.9,-32.74,False,0
J03WOY,2,0:02:16.400000,DFL-OBJ-0000F8,DFL-OBJ-0026ZT,1.1229425630903858,9.472726380693782,4.35,9.99,2.3986497390241515,3.0787822267903273,2,1.5499999999999972,22.87,29.63,-32.45,False,0
J03WOY,2,0:02:16.920000,DFL-OBJ-0000NZ,DFL-OBJ-0028IJ,0.8228000972289677,28.463851582386525,17.07,13.34,-0.391917662537746,1.0123734488813922,1,2.0500000000000007,23.21,29.29,-31.95,False,0
J03WOY,2,0:02:18.240000,DFL-OBJ-0028IJ,DFL-OBJ-0000NZ,3.3573799308389245,130.75078692128153,12.64,6.03,-3.514861404202838,5.747425510609077,3,5.379999999999999,83.07,30.57,-28.62,False,0
J03WOY,2,0:02:56.400000,DFL-OBJ-J01H9X,DFL-OBJ-0001IG,1.1057124400132246,67.17343644509076,23.34,20.94,0.10462548610739086,9.654107933931547,1,14.329999999999998,11.86,40.64,19.67,False,0
J03WOY,2,0:02:59.880000,DFL-OBJ-J01KJ5,DFL-OBJ-0001IG,4.932443613463821,3.359769527443782,3.66,13.94,5.321882922380077,13.665906482923113,0,4.190000000000001,20.82,31.68,29.81,False,0
J03WOY,2,0:03:03.200000,DFL-OBJ-J01H9X,DFL-OBJ-J0196K,4.9086963646165795,19.40633116750314,2.0,16.26,4.663890904248604,7.575414180096034,2,0.9799999999999969,13.350000000000001,39.15,33.02,False,0
J03WOY,2,0:03:05.440000,DFL-OBJ-J01KJ5,DFL-OBJ-0001IG,4.809261897630445,4.420509815734181,4.91,12.27,1.7578557413708884,9.103603682059099,0,5.77,22.5,30.0,28.23,False,0
J03WOY,2,0:03:08.600000,DFL-OBJ-0000NZ,DFL-OBJ-J01GG9,4.938714407616621,20.364794124495244,2.4,20.99,5.1951637015567815,8.885837045546133,0,19.22,33.22,19.28,14.78,False,0
J03WOY,2,0:03:12.360000,DFL-OBJ-002G5J,DFL-OBJ-0028IJ,4.9272000162364025,22.76791203973261,8.62,17.74,4.132683835771089,13.069812546475177,0,16.64,31.17,21.33,-17.36,False,0
J03WOY,2,0:03:43.080000,DFL-OBJ-0026ZT,DFL-OBJ-0000F8,2.5570686341981523,40.81369599659036,13.55,13.1,-0.9446788358673119,5.602901034285722,1,2.0799999999999983,41.91,-10.59,-31.92,False,0
J03WOY,2,0:03:43.400000,DFL-OBJ-0025BB,DFL-OBJ-002G5J,4.8744435579869005,1.9828782968343952,3.34,19.27,3.7299403949790477,6.9824709093558,1,6.260000000000002,46.38,-6.12,-27.74,False,0
J03WOY,2,0:03:47.520000,DFL-OBJ-00028V,DFL-OBJ-00019R,0.8631338250816052,117.11070877049372,11.77,3.4,3.3467657860951605,5.018057393055604,3,16.08,79.15,-26.65,-17.92,False,0
J03WOY,2,0:03:47.960000,DFL-OBJ-00028V,DFL-OBJ-00019R,0.4468780594300859,156.02219266391802,2.88,1.39,0.6593886518687654,5.547476903962737,3,16.96,79.1,-26.6,-17.04,False,0
J03WOY,2,0:03:49,DFL-OBJ-002GM9,DFL-OBJ-00019R,4.221907151987119,25.245501921495023,13.1,9.14,5.6381510971653865,4.29727820835468,3,21.03,83.2,-30.7,-12.97,False,0
J03WOY,2,0:03:53.640000,DFL-OBJ-0028KZ,DFL-OBJ-002FXT,4.8668367550186025,38.690217148971634,23.98,25.44,4.0885225271718735,16.52675406726923,0,22.009999999999998,49.28,-3.22,11.99,False,0
J03WOY,2,0:03:57.240000,DFL-OBJ-0001IG,DFL-OBJ-002GM1,4.8978872996425755,53.58457634692784,7.61,18.75,3.9305908669506695,15.03221207939803,0,1.5499999999999972,22.36,-30.14,32.45,False,0
J03WOY,2,0:04:04.440000,DFL-OBJ-J01H9X,DFL-OBJ-J01GG9,3.8240423637820737,37.624217259406926,20.8,21.87,-0.7035758327264907,7.425900618780189,3,26.52,72.28,-19.78,7.48,False,0
J03WOY,2,0:04:04.680000,DFL-OBJ-J01H9X,DFL-OBJ-J01GG9,3.838359024374869,35.74774700084771,20.09,22.3,-0.25880754316396803,8.164802508328048,3,25.68,71.21000000000001,-18.71,8.32,False,0
J03WOY,2,0:04:10.920000,DFL-OBJ-002GM1,DFL-OBJ-J01GG9,4.904987257883553,63.00768418648445,8.09,19.63,2.588562964274772,9.920750979638589,2,1.1199999999999974,38.68,13.82,32.88,False,0
J03WOY,2,0:04:13.040000,DFL-OBJ-J01H9X,DFL-OBJ-J0196K,4.995768209194658,10.853832907509718,4.36,14.25,4.066243160478296,6.822316322188528,0,8.2,46.38,6.12,25.8,False,0
J03WOY,2,0:04:17.400000,DFL-OBJ-0000F8,DFL-OBJ-0025BB,4.963718364291028,63.29784110471126,17.3,21.83,3.2712852328397846,12.340133710782878,1,33.09,41.33,11.17,0.91,False,0
J03WOY,2,0:04:22,DFL-OBJ-0000NZ,DFL-OBJ-0026ZT,4.923464227553604,40.633223767457416,11.14,10.32,5.509395582110681,13.84866780596603,0,1.1799999999999997,18.36,34.14,-32.82,False,0
J03WOY,2,0:04:25.680000,DFL-OBJ-0025BB,DFL-OBJ-0000F8,4.1655851929831,72.41476420789303,2.1,3.78,0.2124780962854067,9.44161532789808,2,17.44,91.88,39.38,-16.56,False,0
J03WOY,2,0:04:47.960000,DFL-OBJ-0025BB,DFL-OBJ-00028V,3.134086788842965,16.49674501125379,5.64,14.74,4.881332284668185,3.670490430446592,4,9.14,80.06,27.56,-24.86,False,0
J03WOY,2,0:04:48.440000,DFL-OBJ-J01GG9,DFL-OBJ-00028V,4.372196244451982,7.125281889482058,12.33,17.85,2.563999005005959,7.256183569894026,3,13.82,81.65,29.15,-20.18,False,0
J03WOY,2,0:05:09.360000,DFL-OBJ-0028KZ,DFL-OBJ-002FXT,4.96847058962816,57.83898038370225,24.94,17.87,2.224236630379748,13.306990644018654,0,13.55,64.78,12.28,20.45,False,0
J03WOY,2,0:05:13.400000,DFL-OBJ-0001IG,DFL-OBJ-002GM1,4.998329721016813,6.777462420500589,1.29,11.56,3.034408310010812,13.852223648208977,0,0.9299999999999997,58.16,5.66,33.07,False,0
J03WOY,2,0:05:25.200000,DFL-OBJ-00028V,DFL-OBJ-0028IJ,4.760850764306734,54.97574320356206,6.74,10.76,1.5732441416383658,7.3860002707825565,3,30.53,69.88,-17.38,-3.47,False,0
J03WOY,2,0:05:28.400000,DFL-OBJ-J01H9X,DFL-OBJ-002FXA,4.914488783179792,31.241027787621586,8.46,19.79,5.350812940241314,5.789991364414976,3,29.54,63.53,-11.03,4.46,False,0
J03WOY,2,0:05:32.840000,DFL-OBJ-0000NZ,DFL-OBJ-0028IJ,4.9882361612096915,2.6209096726877417,7.41,19.7,3.6058092250019413,13.5820653804935,0,18.5,76.52,-24.02,-15.5,False,0
J03WOY,2,0:05:40.600000,DFL-OBJ-002G5J,DFL-OBJ-J0196K,1.6402743672934723,4.292876432045199,8.17,15.7,1.8274250793776148,9.293486966688015,3,31.47,56.34,-3.84,-2.53,False,0
J03WOY,2,0:05:42.160000,DFL-OBJ-J01H9X,DFL-OBJ-J01GG9,4.996398703066039,32.217554662788295,14.91,18.01,0.0590281427086059,6.981532782992572,3,22.5,56.54,-4.04,11.5,False,0
J03WOY,2,0:05:46.440000,DFL-OBJ-0001IG,DFL-OBJ-J01H9X,4.95824565748814,91.46295728701102,17.53,9.11,3.7436431192394304,10.160044291242043,0,17.58,57.24,4.74,16.42,False,0
J03WOY,2,0:05:48.880000,DFL-OBJ-002FXA,DFL-OBJ-J01KJ5,4.978533920744138,22.95001624555889,12.31,19.64,1.4766677478772605,8.616472596138165,0,4.710000000000001,34.06,-18.44,29.29,False,0
J03WOY,2,0:06:16.680000,DFL-OBJ-J01GG9,DFL-OBJ-0000F8,3.4671602212761954,12.593522332660916,4.89,8.81,3.1511518622952828,6.466065264130886,3,6.149999999999999,47.95,-4.55,-27.85,False,0
J03WOY,2,0:06:17.840000,DFL-OBJ-0026ZT,DFL-OBJ-0000F8,4.925890782386473,14.62825623349439,2.15,9.67,1.8110694817572481,10.478516116321053,2,1.1599999999999966,52.29,-0.21,-32.84,False,0
J03WOY,2,0:06:19.040000,DFL-OBJ-J01GG9,DFL-OBJ-0000F8,3.9715236370944615,115.85259353447668,3.91,7.83,-1.0899743279043095,4.114328620808018,3,5.73,51.03,-1.47,-28.27,False,0
J03WOY,2,0:06:19.960000,DFL-OBJ-0026ZT,DFL-OBJ-0000F8,4.009812963219108,167.897368567495,5.61,1.77,-3.1900152341722077,5.480310210197961,1,1.0799999999999983,54.41,1.91,-32.92,False,0
J03WOY,2,0:06:33.440000,DFL-OBJ-0001IG,DFL-OBJ-002GM1,5.0,56.587728016097365,11.84,20.86,3.3803731064480935,11.126652686230482,1,0.6000000000000014,40.43,-12.07,33.4,False,0
J03WOY,2,0:06:45.840000,DFL-OBJ-0026ZT,DFL-OBJ-0000F8,2.2519769092954744,1.8073597519060167,5.95,17.51,4.912857402369306,6.64134022618929,2,28.17,33.06,-19.44,-5.83,False,0
J03WOY,2,0:06:46.200000,DFL-OBJ-0026ZT,DFL-OBJ-0000F8,1.266964877176949,17.496496937968544,14.68,20.08,2.904346201460356,6.816509370638317,1,27.259999999999998,32.42,-20.08,-6.74,False,0
J03WOY,2,0:06:47.840000,DFL-OBJ-J01GG9,DFL-OBJ-0000NZ,3.2188507265792854,12.80337557727726,8.64,22.06,4.005907033997906,7.782987858142911,1,13.96,23.82,-28.68,-20.04,False,0
J03WOY,2,0:06:59.600000,DFL-OBJ-0028FW,DFL-OBJ-00019R,3.1805817078012617,12.75434226267174,6.87,19.42,3.585686840841301,13.111220385608657,0,30.0,104.1,-51.6,-4.0,False,0
J03WOY,2,0:07:01.160000,DFL-OBJ-0028FW,DFL-OBJ-00019R,1.7896647730790232,159.41850857096827,1.39,1.83,-0.7728108280332152,12.664852940322676,0,29.47,104.14,-51.64,-4.53,False,0
J03WOY,2,0:07:03.480000,DFL-OBJ-0028FW,DFL-OBJ-00019R,1.5210851389715165,128.0579925649036,7.62,6.62,-0.6545983323578924,14.199154904430053,0,30.57,101.63,-49.13,-3.43,False,0
J03WOY,2,0:07:04.360000,DFL-OBJ-0028FW,DFL-OBJ-00019R,2.2563909235768524,118.67832775946931,6.63,6.79,-0.8149411507684312,15.004812561308459,0,31.5,100.24000000000001,-47.74,-2.5,False,0
J03WOY,2,0:07:05.800000,DFL-OBJ-0028FW,DFL-OBJ-00019R,3.015725451694836,99.51621352600344,5.84,6.41,-0.23007290259523416,16.00426193237289,0,32.83,98.09,-45.59,-1.17,False,0
J03WOY,2,0:07:34.600000,DFL-OBJ-002GMO,DFL-OBJ-00019R,4.7334659605832154,3.997671364657134,6.95,19.62,3.5864720953393636,10.671518167533614,0,2.960000000000001,60.16,-7.66,-31.04,False,0
J03WOY,2,0:07:39.920000,DFL-OBJ-0025BB,DFL-OBJ-00028V,3.370014836762593,5.359181458713654,3.78,14.37,5.477930217268924,6.750029629564597,2,14.129999999999999,67.13,14.63,-19.87,False,0
J03WOY,2,0:07:40.200000,DFL-OBJ-J01GG9,DFL-OBJ-00028V,3.4032484481741854,144.6578231180387,2.23,9.62,-2.3051984222229502,4.270421524861452,4,14.219999999999999,61.24,8.74,-19.78,False,0
J03WOY,2,0:07:41.480000,DFL-OBJ-0028IJ,DFL-OBJ-0000NZ,3.002615526503518,174.13442681356912,8.29,3.33,1.1094709910708134,4.95036362300791,3,7.390000000000001,55.51,3.01,-26.61,False,0
J03WOY,2,0:07:41.800000,DFL-OBJ-00019R,DFL-OBJ-0000NZ,3.3796597461874773,36.788767301511555,2.45,3.85,0.5781702810266054,8.544267083840488,3,4.699999999999999,51.07,-1.43,-29.3,False,0
J03WOY,2,0:07:42.320000,DFL-OBJ-00019R,DFL-OBJ-0000NZ,2.874665197896965,45.43590641096771,3.49,9.27,1.1797131622326062,7.466277519621141,4,4.41,51.3,-1.2,-29.59,False,0
J03WOY,2,0:07:45.120000,DFL-OBJ-002GM9,DFL-OBJ-J01GG9,4.965178748041203,5.108532523079457,8.64,12.24,5.364584595204538,5.273708372672877,2,19.41,65.0,-12.5,-14.59,False,0
J03WOY,2,0:08:00.960000,DFL-OBJ-0028IJ,DFL-OBJ-0000NZ,0.6140032573203504,18.156139444477397,6.73,7.11,0.3131328145267445,5.476175672857838,1,4.329999999999998,41.57,-10.93,-29.67,False,0
J03WOY,2,0:08:01.440000,DFL-OBJ-J0196K,DFL-OBJ-J01H9X,2.3126175645791522,44.84927156241011,18.15,19.48,0.8435032581955226,4.3200578699827625,1,7.960000000000001,45.11,-7.39,-26.04,False,0
J03WOY,2,0:08:02.040000,DFL-OBJ-J01H9X,DFL-OBJ-J0196K,2.0651876428063356,142.4076763298671,12.43,13.26,0.11321559407262316,3.293174760015023,4,7.760000000000002,61.71,-9.21,-26.24,False,0
J03WOY,2,0:08:02.800000,DFL-OBJ-0028IJ,DFL-OBJ-J01H9X,2.395266164750798,94.92411260392485,5.03,2.31,1.5477900683524393,3.0364617567161942,2,5.93,42.51,-9.99,-28.07,False,0
J03WOY,2,0:08:03,DFL-OBJ-00019R,DFL-OBJ-0000NZ,2.444994887520216,35.061345759247736,3.05,8.89,1.338561365123746,3.5701260481949375,3,8.2,38.64,-13.86,-25.8,False,0
J03WOY,2,0:08:05.400000,DFL-OBJ-J0196K,DFL-OBJ-00028V,3.323386826717588,83.51522011409935,19.72,14.41,0.3587484606981217,3.6772272162595554,3,19.02,38.08,-14.42,-14.98,False,0
J03WOY,2,0:09:05.360000,DFL-OBJ-0028KZ,DFL-OBJ-002G5J,4.861481255749115,6.09277165733608,15.93,20.67,5.165163018664236,14.47730983297657,0,15.739999999999998,35.96,-16.54,-18.26,False,0
J03WOY,2,0:09:09.240000,DFL-OBJ-J01H9X,DFL-OBJ-00286X,2.6469982999616777,30.975148562476683,10.43,11.64,0.7213137584561413,4.432211637546204,5,33.9,84.93,-32.43,-0.1,False,0
J03WOY,2,0:09:10.560000,DFL-OBJ-002G5J,DFL-OBJ-0028KZ,2.783037908473401,76.97768007760766,20.28,19.64,-1.0840843217163365,6.705520114055284,5,27.96,75.12,-22.62,6.04,False,0
J03WOY,2,0:09:13.600000,DFL-OBJ-002GM1,DFL-OBJ-0028KZ,4.954593827954013,72.1182346175992,32.35,31.79,1.3505547763496573,10.91761878799585,1,18.58,52.4,0.1,15.42,False,0
J03WOY,2,0:10:02.120000,DFL-OBJ-J01H9X,DFL-OBJ-0001IG,0.773886296557831,31.471943046300193,1.56,7.48,2.0816570002717207,6.135022412346997,2,5.489999999999998,4.100000000000001,48.4,28.51,False,0
J03WOY,2,0:10:03.200000,DFL-OBJ-J01KJ5,DFL-OBJ-002FXA,4.793078342777218,10.733485201467932,2.38,16.75,4.916952808044055,5.929350723308581,1,1.5399999999999991,9.079999999999998,43.42,32.46,False,0
J03WOY,2,0:10:07.400000,DFL-OBJ-0025BB,DFL-OBJ-J01KJ5,3.458279919266225,12.965708704270432,10.46,22.2,2.4830074493093246,8.394724533896275,3,9.0,84.46000000000001,31.96,25.0,False,0
J03WOY,2,0:10:09.200000,DFL-OBJ-00019R,DFL-OBJ-002GM9,2.066422028531443,29.899533531958745,8.96,14.46,1.6898274393333146,7.990150186323157,2,15.510000000000002,68.42,15.92,18.49,False,0
J03WOY,2,0:10:11.520000,DFL-OBJ-J0196K,DFL-OBJ-00028V,4.956652095921198,38.26983337925754,12.23,21.38,4.265369039779148,8.779094486335136,4,31.57,70.76,18.26,2.43,False,0
J03WOY,2,0:10:21.560000,DFL-OBJ-0000F8,DFL-OBJ-J0196K,1.9113346122539652,53.276486540789136,14.09,20.2,2.180470838447809,8.898252637456414,0,7.489999999999998,13.729999999999997,38.77,-26.51,False,0
J03WOY,2,0:10:23.760000,DFL-OBJ-0000NZ,DFL-OBJ-0028IJ,4.921077117867591,15.124447964450422,10.86,17.87,1.8373655503308695,9.384433920061454,0,2.9200000000000017,24.13,28.37,-31.08,False,0
J03WOY,2,0:10:25.920000,DFL-OBJ-00028V,DFL-OBJ-J0196K,3.137467131301943,28.702408451927216,21.18,15.79,-1.9527319942807753,7.537771553980661,2,14.620000000000001,12.729999999999997,39.77,-19.38,False,0
J03WOY,2,0:10:27.400000,DFL-OBJ-002FXT,DFL-OBJ-0028KZ,1.5602884348735009,43.677075758128694,17.86,16.72,-1.0401048948223923,3.3107400985278224,4,28.61,6.899999999999999,45.6,-5.39,False,0
J03WOY,2,0:10:38.160000,DFL-OBJ-002FXA,DFL-OBJ-J01H9X,0.6184658438426501,115.72007272178242,11.31,10.91,1.3073420050694224,9.17593047052995,1,3.289999999999999,74.8,22.3,30.71,False,0
J03WOY,2,0:10:40,DFL-OBJ-J01KJ5,DFL-OBJ-J01GG9,4.945179470959572,17.99715834491242,4.94,15.14,4.87206292689075,9.009999999999998,1,4.940000000000001,41.79,10.71,29.06,False,0
J03WOY,2,0:10:42.320000,DFL-OBJ-002GM9,DFL-OBJ-J01GG9,4.9309228345209375,18.47024013141009,16.94,20.17,2.19250696209373,13.750810885180554,0,14.79,52.58,-0.08,19.21,False,0
J03WOY,2,0:10:45.520000,DFL-OBJ-00028V,DFL-OBJ-0025BB,4.332782016210834,0.19443266941955561,16.4,21.06,2.5217429491684973,4.342948307313821,1,29.2,28.72,23.78,4.8,False,0
J03WOY,2,0:10:46.120000,DFL-OBJ-00028V,DFL-OBJ-0025BB,3.159272068056184,49.601406036101224,13.03,23.05,1.6974242923204652,4.262323310120901,1,31.34,27.66,24.84,2.66,False,0
J03WOY,2,0:10:46.480000,DFL-OBJ-00028V,DFL-OBJ-0025BB,3.7390506816570435,88.8534742072369,12.58,23.15,-1.394246919422154,4.396146039430445,2,32.54,27.2,25.3,1.46,False,0
J03WOY,2,0:10:49.680000,DFL-OBJ-0000F8,DFL-OBJ-J0196K,1.7889941307897013,36.36066628894027,12.51,15.79,3.458348487953409,10.130873604976028,1,26.92,29.72,22.78,-7.08,False,0
J03WOY,2,0:10:52.720000,DFL-OBJ-0000NZ,DFL-OBJ-0028IJ,4.963970185244868,21.63476160616307,1.14,17.98,4.520409737349751,11.550073592839137,1,0.7700000000000031,21.02,31.48,-33.23,False,0
J03WOY,2,0:10:53.800000,DFL-OBJ-0000F8,DFL-OBJ-0026ZT,4.853792331775225,18.470186075252382,9.82,6.08,1.5186552571905287,7.188080411347663,2,9.719999999999999,21.08,31.42,-24.28,False,0
J03WOY,2,0:10:55.440000,DFL-OBJ-0000NZ,DFL-OBJ-0028IJ,4.624035034469351,49.22964641036178,10.88,13.18,0.45511112212937244,7.2699381015246605,1,4.149999999999999,24.47,28.03,-29.85,False,0
J03WOY,2,0:10:57.680000,DFL-OBJ-0000NZ,DFL-OBJ-0028IJ,3.0255743256446364,64.46550482363722,16.09,11.48,-1.6560491361191965,3.8065469916973305,1,12.84,26.02,26.48,-21.16,False,0
J03WOY,2,0:10:57.960000,DFL-OBJ-J0196K,DFL-OBJ-0000NZ,2.639640126987013,6.324869123007043,8.79,17.86,4.240900835668932,5.594747536752663,5,15.530000000000001,76.11,23.61,-18.47,False,0
J03WOY,2,0:10:59.320000,DFL-OBJ-00019R,DFL-OBJ-002GMO,2.1815590755237415,27.150045656134576,10.33,17.04,1.0691863210743158,10.310324922135093,2,22.23,60.15,7.65,-11.77,False,0
J03WOY,2,0:11:33.280000,DFL-OBJ-002FXT,DFL-OBJ-0025BB,1.8606719216455112,142.01720701745268,19.33,4.79,4.050331457657836,1.9611476232043306,2,7.579999999999998,56.26,-3.76,-26.42,False,0
J03WOY,2,0:11:36.360000,DFL-OBJ-0026ZT,DFL-OBJ-002G5J,4.83037265643139,36.099839452325725,7.19,17.91,5.5067658197777565,10.671326065677126,1,0.9799999999999969,45.07,-7.43,-33.02,False,0
J03WOY,2,0:11:37.360000,DFL-OBJ-J0196K,DFL-OBJ-0000F8,4.979658622837513,13.696652344019967,5.66,15.27,2.5686137619418092,5.154609587543951,3,9.010000000000002,40.84,-11.66,-24.99,False,0
J03WOY,2,0:11:39.520000,DFL-OBJ-J01H9X,DFL-OBJ-00019R,4.689019087186572,24.614098144642607,8.78,19.37,5.637823821836512,8.539232986632932,4,20.5,71.55,-19.05,-13.5,False,0
J03WOY,2,0:11:41.040000,DFL-OBJ-J01KJ5,DFL-OBJ-00019R,4.8365380180455535,16.527203708373833,15.85,25.33,5.607030586564861,10.658048601878301,2,31.11,76.92,-24.42,-2.89,False,0
J03WOY,2,0:11:49.680000,DFL-OBJ-002GM1,DFL-OBJ-0001IG,4.948019805942575,112.52536978571655,18.34,11.43,2.734688980066271,8.520710064308021,0,5.550000000000001,23.53,28.97,28.45,False,0
J03WOY,2,0:11:54.600000,DFL-OBJ-002FXA,DFL-OBJ-J01H9X,1.1980818002123224,176.62505065380708,7.16,2.77,0.08537985961906525,11.27609861609945,2,16.63,74.26,21.76,17.37,False,0
J03WOY,2,0:13:15,DFL-OBJ-0000NZ,DFL-OBJ-J01GG9,4.97241390071261,13.841166816927645,13.07,21.29,3.338595871666823,14.613791431384259,0,29.85,39.67,12.83,-4.15,False,0
J03WOY,2,0:13:18.040000,DFL-OBJ-J01KJ5,DFL-OBJ-0026ZT,4.921229521166435,26.30070793976764,9.36,19.58,3.2669294083873646,17.515595907647562,0,8.29,39.28,13.22,25.71,False,0
J03WOY,2,0:13:19.520000,DFL-OBJ-J01H9X,DFL-OBJ-0001IG,0.9512623192369175,47.90597629076159,17.57,18.79,3.4223290954316976,8.38785431442392,1,4.149999999999999,27.07,25.43,29.85,False,0
J03WOY,2,0:13:38.960000,DFL-OBJ-0028KZ,DFL-OBJ-002FXT,4.905394989193024,28.4658520669945,11.28,17.33,3.142233866831423,13.715746425185912,0,3.7699999999999996,89.84,37.34,30.23,False,0
J03WOY,2,0:13:46.440000,DFL-OBJ-00286X,DFL-OBJ-002G5J,4.909297302058616,15.691251504101484,15.0,17.39,5.458737034713923,14.601373223091041,0,19.61,78.42,25.92,-14.39,False,0
J03WOY,2,0:13:58.520000,DFL-OBJ-0025BB,DFL-OBJ-002G5J,4.999249943741561,28.53797376261,16.89,19.49,1.1579406428322958,11.435313725473385,1,10.04,48.39,-4.11,23.96,False,0
J03WOY,2,0:14:00.440000,DFL-OBJ-002FXA,DFL-OBJ-002GM1,2.8550656735003463,136.97571348520128,7.74,4.14,-0.09205384822989271,3.1881812997381456,3,7.359999999999999,34.07,-18.43,26.64,False,0
J03WOY,2,0:14:02.320000,DFL-OBJ-0001IG,DFL-OBJ-002G5J,4.981736644986367,53.47363274452519,11.69,11.02,0.6933768207832491,10.191182463286584,0,1.009999999999998,42.2,-10.3,32.99,False,0
J03WOY,2,0:14:07.600000,DFL-OBJ-002FXA,DFL-OBJ-002GM1,4.967917068550964,42.51523263289598,12.41,11.7,2.151797838927223,5.492777075396379,2,16.46,39.83,-12.67,17.54,False,0
J03WOY,2,0:14:10.200000,DFL-OBJ-J0196K,DFL-OBJ-00028V,4.952130854490823,35.98966199027756,10.04,20.48,4.050170421668136,7.734972527423739,1,33.87,40.72,-11.78,0.13,False,0
J03WOY,2,0:14:14.480000,DFL-OBJ-0028IJ,DFL-OBJ-0000F8,4.892770176495109,86.32070911229432,13.69,5.26,3.52894382412954,10.168898662097089,0,4.109999999999999,27.61,-24.89,-29.89,False,0
J03WOY,2,0:14:30.440000,DFL-OBJ-002GMO,DFL-OBJ-J01GG9,4.96299304855447,28.933684269369262,11.57,18.1,4.841937658727595,20.51390016549754,0,11.670000000000002,89.66,-37.16,-22.33,False,0
J03WOY,2,0:14:36.440000,DFL-OBJ-0026ZT,DFL-OBJ-0000F8,4.304474416232486,70.89388908405385,9.68,10.95,-1.9673671886830224,4.645255644203017,3,12.620000000000001,42.980000000000004,-9.52,-21.38,False,0
J03WOY,2,0:14:37.800000,DFL-OBJ-J01GG9,DFL-OBJ-0000NZ,4.758340046696953,75.80030971837107,7.59,14.57,-0.4227021180455992,7.292770392656003,2,6.030000000000001,35.97,-16.53,-27.97,False,0
J03WOY,2,0:14:44.200000,DFL-OBJ-0025BB,DFL-OBJ-002G5J,4.831407662369216,15.71239000841524,4.55,19.69,3.9315167590897615,7.415497286089452,1,4.850000000000001,32.16,-20.34,-29.15,False,0
J03WOY,2,0:14:47.160000,DFL-OBJ-0028IJ,DFL-OBJ-002G5J,4.9920036057679305,35.79869869850351,9.6,18.95,2.805605137455134,9.540828056306227,1,0.9099999999999966,40.56,-11.94,-33.09,False,0
J03WOY,2,0:14:56.040000,DFL-OBJ-0001IG,DFL-OBJ-002GM1,4.906373406091307,59.94319192880686,11.87,12.79,3.3655451416359017,18.197719637361164,0,2.719999999999999,25.46,-27.04,31.28,False,0
J03WOY,2,0:14:59.200000,DFL-OBJ-002FXA,DFL-OBJ-J01KJ5,2.882724405835566,58.04432917716886,17.0,11.05,0.4433932310505473,8.230461712443597,1,17.92,12.259999999999998,-40.24,16.08,False,0
J03WOY,2,0:15:49.120000,DFL-OBJ-002FZB,DFL-OBJ-002FXT,4.950656522119059,51.76005521979367,5.55,17.58,3.62964652167836,15.69624477383046,0,25.009999999999998,89.82,37.32,-8.99,False,0
J03WOY,2,0:15:58.120000,DFL-OBJ-0028KZ,DFL-OBJ-002G5J,4.968148548503756,60.52636332214623,14.37,21.22,3.277399171081965,8.000099999375008,0,11.46,57.12,4.62,22.54,False,0
J03WOY,2,0:15:59.840000,DFL-OBJ-002FXA,DFL-OBJ-002GM1,4.93517983461596,86.89635856029811,9.82,10.63,-0.08731184803828951,8.402362762937582,1,0.7299999999999969,47.37,-5.13,33.27,False,0
J03WOY,2,0:16:03.880000,DFL-OBJ-0025BB,DFL-OBJ-J01H9X,2.7048475003223387,3.0214389344371035,7.91,16.98,1.95370737182877,5.85772993573449,2,11.16,44.63,-7.87,22.84,False,0
J03WOY,2,0:16:05.360000,DFL-OBJ-002GM1,DFL-OBJ-0025BB,3.277682107831693,34.379034197395995,9.32,17.1,3.63039831785659,6.901920022718316,2,3.8599999999999994,56.54,-4.04,30.14,False,0
J03WOY,2,0:16:06.200000,DFL-OBJ-002FXA,DFL-OBJ-002GM1,4.198487823014375,10.299765028531802,9.7,10.05,4.401641027125207,5.170502876896983,2,1.0200000000000031,54.45,1.95,32.98,False,0
J03WOY,2,0:16:06.840000,DFL-OBJ-0001IG,DFL-OBJ-J01KJ5,1.9104973174542832,20.185108658246357,4.42,14.71,2.6363304834001786,6.164292335702455,2,0.6899999999999977,44.24,-8.26,33.31,False,0
J03WOY,2,0:16:14.400000,DFL-OBJ-0028FW,DFL-OBJ-002FXA,4.935179834615958,10.272421973565017,16.09,23.75,5.218263701068572,19.617512584423135,0,25.58,100.42,-47.92,8.42,False,0
J03WOY,2,0:16:48.080000,DFL-OBJ-002GM1,DFL-OBJ-J01GG9,4.922946272304827,92.57645996122929,14.85,9.17,3.7506541224390766,10.214421177922905,1,10.280000000000001,25.5,27.0,23.72,False,0
J03WOY,2,0:16:50.960000,DFL-OBJ-00028V,DFL-OBJ-J0196K,3.4388951714177023,8.641440826481016,9.72,16.79,2.1131833983690793,12.334022052842293,0,33.68,28.15,24.35,-0.32,False,0
J03WOY,2,0:16:59.240000,DFL-OBJ-0000F8,DFL-OBJ-0026ZT,3.7582575749940283,82.8339123543863,8.97,11.72,2.966824464901235,7.498246461673556,2,15.54,21.22,31.28,-18.46,False,0
J03WOY,2,0:16:59.720000,DFL-OBJ-0000F8,DFL-OBJ-0026ZT,2.6268231763862637,84.59681259008022,6.68,6.86,2.219188413422548,6.923041239224274,2,15.100000000000001,20.62,31.88,-18.9,False,0
J03WOY,2,0:17:00.400000,DFL-OBJ-0000F8,DFL-OBJ-0026ZT,4.012243761288689,137.39910998519343,14.76,7.8,-3.2239949731250617,6.8412352685754065,2,13.059999999999999,21.31,31.19,-20.94,False,0
J03WOY,2,0:17:03.880000,DFL-OBJ-002G5J,DFL-OBJ-0025BB,0.8759566199304603,27.143032709293102,17.44,13.58,1.0102061049337863,2.676602323842678,2,22.060000000000002,13.950000000000003,38.55,-11.94,False,0
J03WOY,2,0:18:00.160000,DFL-OBJ-002G5J,DFL-OBJ-0026ZT,3.925620969986788,42.64326690435249,18.96,21.72,5.553852441995217,7.593187736385823,2,17.17,23.24,29.26,-16.83,False,0
J03WOY,2,0:18:22,DFL-OBJ-002FXA,DFL-OBJ-002GM1,4.983422518711415,53.90492293225519,22.96,21.56,3.079984497002586,11.11566912066026,0,1.4399999999999977,44.519999999999996,-7.98,32.56,False,0
J03WOY,2,0:18:28.520000,DFL-OBJ-002GM1,DFL-OBJ-002FXA,0.8077747210701735,39.49158535818974,17.64,21.34,1.4971311264281786,7.542956979858763,3,10.739999999999998,82.96000000000001,-30.46,23.26,False,0
J03WOY,2,0:18:31.640000,DFL-OBJ-J01KJ5,DFL-OBJ-002FXA,4.934207129823391,4.33950971556776,3.86,17.29,4.623145153400596,12.337280899776902,0,3.1499999999999986,86.55,-34.05,30.85,False,0
J03WOY,2,0:18:34.120000,DFL-OBJ-002GM9,DFL-OBJ-J01GG9,4.796425752578689,27.852103035867295,9.47,23.98,5.797783951146371,7.211726561649437,0,12.43,93.49000000000001,-40.99,21.57,False,0
J03WOY,2,0:18:38.120000,DFL-OBJ-J01H9X,DFL-OBJ-0025BB,4.946160126805441,21.91372809843916,7.16,2.66,2.9443392300851623,11.095737920480998,3,6.66,73.75,-21.25,27.34,False,0
J03WOY,2,0:18:43.400000,DFL-OBJ-0000F8,DFL-OBJ-0028IJ,4.976464608534858,35.62741883421714,20.16,23.48,1.1818199805221319,8.020398992568886,0,29.27,54.66,-2.16,-4.73,False,0
J03WOY,2,0:18:48.680000,DFL-OBJ-0000NZ,DFL-OBJ-0026ZT,4.72289106374475,65.08912250487774,21.78,22.87,8.299798475797948,11.680329618636625,0,13.09,19.189999999999998,33.31,-20.91,False,0
J03WOY,2,0:19:21.680000,DFL-OBJ-0028IJ,DFL-OBJ-0000F8,2.8185279846047293,142.70685694149043,12.22,4.91,-1.98883788047584,9.024422419191161,3,6.309999999999999,31.53,-20.97,-27.69,False,0
J03WOY,2,0:20:17.600000,DFL-OBJ-002FXA,DFL-OBJ-J01H9X,0.8228000972289697,39.65244437353619,18.57,19.42,0.9167389855755786,5.7766859011028115,3,27.79,40.56,-11.94,6.21,False,0
J03WOY,2,0:20:20.480000,DFL-OBJ-002GM1,DFL-OBJ-002FXA,0.8260750571225354,68.51002884381046,13.36,13.85,-0.8217046312617502,4.551505245520433,2,20.689999999999998,71.73,-19.23,13.31,False,0
J03WOY,2,0:20:20.680000,DFL-OBJ-J01KJ5,DFL-OBJ-002FXA,2.5876823607235884,43.47999862596618,5.64,14.08,1.6530628699074645,6.554212385939289,1,19.9,75.0,-22.5,14.1,False,0
J03WOY,2,0:20:21.800000,DFL-OBJ-J01H9X,DFL-OBJ-J0196K,0.8174350127074327,18.975076866649307,11.4,16.33,1.5567596737103553,3.0500163933985673,4,19.59,71.45,-18.95,14.41,False,0
J03WOY,2,0:20:22.760000,DFL-OBJ-J01H9X,DFL-OBJ-J0196K,0.5885575587824844,93.8273248640051,12.53,15.1,0.1451224190765102,5.631127773368315,4,15.8,70.24,-17.74,18.2,False,0
J03WOY,2,0:20:25.920000,DFL-OBJ-J01KJ5,DFL-OBJ-J0196K,3.677635109686659,38.410643286732004,5.59,12.77,3.5135132975828607,4.65181684936112,0,6.309999999999999,74.52,-22.02,27.69,False,0
J03WOY,2,0:20:27.560000,DFL-OBJ-0001IG,DFL-OBJ-002GM1,1.9771696942852435,54.322614542448555,17.83,17.16,5.015144101067872,7.5700264200331535,1,8.68,39.26,-13.24,25.32,False,0
J03WOY,2,0:20:30.160000,DFL-OBJ-002G5J,DFL-OBJ-0025BB,4.5580039490987705,15.12897348891211,8.4,19.66,2.6973861265145183,11.255989516697321,2,18.4,59.14,-6.64,15.6,False,0
J03WOY,2,0:20:30.880000,DFL-OBJ-002G5J,DFL-OBJ-0025BB,2.3168297304722247,15.489902976856351,15.02,22.29,2.988016789519777,11.468430581382965,3,20.259999999999998,58.13,-5.63,13.74,False,0
J03WOY,2,0:20:31.240000,DFL-OBJ-002G5J,DFL-OBJ-0025BB,1.7904468715937938,44.18292137765319,15.98,23.23,1.591264875905417,11.233970802881766,1,21.83,57.99,-5.49,12.17,False,0
J03WOY,2,0:20:37.440000,DFL-OBJ-002GM1,DFL-OBJ-0001IG,4.948949383455037,164.08626763785784,23.12,18.4,1.281037287399458,11.8939480409156,1,10.739999999999998,33.97,18.53,23.26,False,0
J03WOY,2,0:20:39.680000,DFL-OBJ-0001IG,DFL-OBJ-002FXT,4.747473012034931,111.39557584239984,18.2,21.53,3.7344021008438277,6.132307885290823,1,18.16,84.86,32.36,15.84,False,0
J03WOY,2,0:20:40.480000,DFL-OBJ-002FXT,DFL-OBJ-0001IG,1.6949926253526864,24.91621945764845,17.04,15.11,3.757243259900201,5.348878387101354,3,18.23,15.0,37.5,15.77,False,0
J03WOY,2,0:21:17.120000,DFL-OBJ-0028FW,DFL-OBJ-002FXA,4.976102892826876,21.44712456090151,7.54,14.09,1.6838799097195722,17.64588620613881,0,30.45,93.21000000000001,-40.71,-3.55,False,0
J03WOY,2,0:21:31.360000,DFL-OBJ-002GMO,DFL-OBJ-J01GG9,4.976796158172445,44.27296366965483,15.38,18.97,5.918922572065896,14.668827492338982,0,8.57,88.9,-36.4,-25.43,False,0
J03WOY,2,0:21:37.040000,DFL-OBJ-0001IG,DFL-OBJ-002FXT,4.815018172343694,36.32233363173002,21.21,29.17,6.021974219452619,14.106239754094638,1,27.02,80.06,27.56,6.98,False,0
J03WOY,2,0:21:39.240000,DFL-OBJ-002FZB,DFL-OBJ-002FXT,4.910885867132327,8.462084930794116,9.31,18.89,7.8749874450897295,24.48796030705702,0,31.09,97.57,45.07,2.91,False,0
J03WOY,2,0:21:40.760000,DFL-OBJ-00286X,DFL-OBJ-0000F8,4.780167361086849,10.741235384918713,3.37,21.13,6.341007184152813,14.538363044029408,0,18.2,91.82,39.32,-15.8,False,0
J03WOY,2,0:21:48.080000,DFL-OBJ-0026ZT,DFL-OBJ-002G5J,4.999369960304999,73.8421905998808,16.83,23.13,1.736215944724262,10.76217450146577,1,3.1499999999999986,56.04,3.54,-30.85,False,0
J03WOY,2,0:21:55.040000,DFL-OBJ-002GM1,DFL-OBJ-0025BB,3.0704397079245833,2.7263109939063455,17.98,7.65,-2.1688313446057137,5.00636594747128,3,23.240000000000002,65.15,-12.65,-10.76,False,0
J03WOY,2,0:21:55.560000,DFL-OBJ-00028V,DFL-OBJ-J01GG9,4.957741421252223,52.9312051769045,3.55,11.78,3.508967640884235,6.217692498025295,3,21.119999999999997,68.67,-16.17,-12.88,False,0
J03WOY,2,0:22:00.480000,DFL-OBJ-J01H9X,DFL-OBJ-0025BB,1.6446884203398524,41.936258483906556,21.8,21.9,2.914657817386837,6.150008130075927,2,27.84,45.36,7.14,-6.16,False,0
J03WOY,2,0:22:01,DFL-OBJ-002FXT,DFL-OBJ-0025BB,3.1243559336285616,86.34416330377113,6.05,13.01,0.0590291616997729,5.555627777308338,2,24.15,42.79,9.71,-9.85,False,0
J03WOY,2,0:22:01.440000,DFL-OBJ-002FXT,DFL-OBJ-0025BB,3.3776323068090175,94.04780128358928,7.01,5.51,-0.5680887660108624,5.49025500318519,2,24.119999999999997,42.01,10.49,-9.88,False,0
J03WOY,2,0:22:05.320000,DFL-OBJ-0000F8,DFL-OBJ-0026ZT,4.103705642465113,76.64740803894124,28.48,26.88,-0.927262713106739,14.352424882228089,0,12.940000000000001,11.700000000000003,40.8,-21.06,False,0
J03WOY,2,0:22:09.200000,DFL-OBJ-J0196K,DFL-OBJ-J01H9X,3.9458839313897704,64.36704661350014,14.58,1.6,-2.64555129025129,6.655441382808505,3,18.369999999999997,91.43,38.93,-15.63,False,0
J03WOY,2,0:22:59.600000,DFL-OBJ-002FXT,DFL-OBJ-0025BB,4.965168677900078,36.67145502212594,4.41,20.38,4.959344277194857,5.0490593183285135,1,15.440000000000001,52.23,0.27,-18.56,False,0
J03WOY,2,0:23:06.240000,DFL-OBJ-J01KJ5,DFL-OBJ-002FXA,4.955290102506612,18.517383676604965,21.86,32.19,2.645902586744515,14.904844849913736,0,17.78,47.75,4.75,16.22,False,0
J03WOY,2,0:23:08.240000,DFL-OBJ-002GM1,DFL-OBJ-002FXA,4.94446154803534,24.16836079941256,4.54,27.86,6.958848717903199,9.840660546934846,1,3.0599999999999987,38.85,13.65,30.94,False,0
J03WOY,2,0:23:10.320000,DFL-OBJ-002GM1,DFL-OBJ-0025BB,4.710212309439989,31.44813128779397,20.03,21.68,10.197364461211484,6.502015072267981,1,6.920000000000002,43.11,9.39,27.08,False,0
J03WOY,2,0:23:17.120000,DFL-OBJ-J01H9X,DFL-OBJ-J01GG9,4.905802686615104,19.07800646480835,2.49,17.41,4.195691490045299,8.819756232459035,1,11.71,55.76,-3.26,22.29,False,0
J03WOY,2,0:23:20.680000,DFL-OBJ-00019R,DFL-OBJ-00028V,3.1694794525284427,11.200546992855893,11.48,11.02,1.675292201052887,5.877014548220891,2,21.22,49.64,-2.86,12.78,False,0
J03WOY,2,0:23:22.480000,DFL-OBJ-002FXA,DFL-OBJ-J01KJ5,3.3957767888952874,36.74682161416988,15.0,23.27,4.503344487948064,5.9807775414238575,2,8.0,51.82,-0.68,26.0,False,0
J03WOY,2,0:23:23.400000,DFL-OBJ-J01GG9,DFL-OBJ-J01H9X,4.587046980356753,27.199834545413513,13.8,20.1,1.3483881670844156,5.8794557571258235,2,7.559999999999999,40.519999999999996,-11.98,26.44,False,0
J03WOY,2,0:23:27.160000,DFL-OBJ-002FXA,DFL-OBJ-J01KJ5,2.4648935068274236,87.47802635930532,21.89,19.35,-0.5049375930999356,5.718478818706949,1,7.16,32.71,-19.79,26.84,False,0
J03WOY,2,0:24:44.040000,DFL-OBJ-J01KJ5,DFL-OBJ-002FXA,4.865901766373835,14.93784212988625,20.43,32.36,4.525980289284359,11.36445335244947,1,1.5700000000000003,52.5,0.0,32.43,False,0
J03WOY,2,0:24:50.520000,DFL-OBJ-002GM1,DFL-OBJ-0001IG,4.995137635741383,59.19881212419877,8.91,19.39,1.6091414040064511,15.759800125636112,1,2.6799999999999997,7.700000000000003,44.8,31.32,False,0
J03WOY,2,0:25:19,DFL-OBJ-J01GG9,DFL-OBJ-0000F8,0.9525754563287898,179.02362802692764,24.43,19.13,1.5302425834088544,4.213846224057067,4,22.64,28.68,-23.82,-11.36,False,0
J03WOY,2,0:26:27.600000,DFL-OBJ-002FXA,DFL-OBJ-0026RH,0.6000000000000029,113.02920215418827,12.39,11.07,1.9917760523836476,13.48231804994972,1,3.710000000000001,84.78999999999999,32.29,30.29,False,0
J03WOY,2,0:26:29.120000,DFL-OBJ-0028KZ,DFL-OBJ-0026RH,2.8800868042473997,60.62287422894859,11.18,15.36,3.6096453844353804,12.874723297997518,0,3.3900000000000006,88.7,36.2,30.61,False,0
J03WOY,2,0:26:59.920000,DFL-OBJ-J0130T,DFL-OBJ-0025BB,4.581899169558403,10.37000344018639,5.05,12.36,2.9723966307274075,6.5213802220082195,4,16.1,12.329999999999998,40.17,17.9,False,0
J03WOY,2,0:27:00.320000,DFL-OBJ-J0130T,DFL-OBJ-0025BB,3.4817380717107373,13.36147794148236,4.37,11.92,2.7504027446191635,6.09040228556374,3,15.82,11.829999999999998,40.67,18.18,False,0
J03WOY,2,0:27:01,DFL-OBJ-002GM1,DFL-OBJ-J0196K,4.190286386394133,36.933559036976014,1.18,16.24,3.9612591326979074,6.294267232966837,2,21.83,16.58,35.92,12.17,False,0
J03WOY,2,0:27:34.760000,DFL-OBJ-00286X,DFL-OBJ-0026RH,4.8992346341035775,36.036284220877455,17.5,19.34,5.204438303707697,14.362607701946052,0,17.58,68.82,16.32,-16.42,False,0
J03WOY,2,0:28:06.680000,DFL-OBJ-0000F8,DFL-OBJ-0028IJ,2.592682009040061,16.77265326430986,15.93,10.09,4.4991020970973805,5.948688931184753,3,8.809999999999999,59.769999999999996,-7.27,-25.19,False,0
J03WOY,2,0:28:10.320000,DFL-OBJ-002GMO,DFL-OBJ-0028IJ,4.897448315194354,0.6593009279439636,10.63,22.9,3.4556825405061153,7.219321297739835,0,15.46,81.84,-29.34,-18.54,False,0
J03WOY,2,0:28:23.720000,DFL-OBJ-00019R,DFL-OBJ-002GM1,4.8517625663257675,94.46154342972785,1.92,12.89,1.527299812262688,5.04080350737856,3,9.2,41.269999999999996,-11.23,24.8,False,0
J03WOY,2,0:28:24.160000,DFL-OBJ-00019R,DFL-OBJ-J0130T,2.6454678225221344,4.200578230425102,1.9,19.78,5.461744515270011,4.19547375155655,3,9.16,41.480000000000004,-11.02,24.84,False,0
J03WOY,2,0:28:25.480000,DFL-OBJ-002FXA,DFL-OBJ-J0130T,1.7867568385205632,12.85849962939482,9.74,13.06,1.9261216687393046,5.891230771239573,0,13.0,43.56,-8.94,21.0,False,0
J03WOY,2,0:28:25.840000,DFL-OBJ-0025BB,DFL-OBJ-J01H9X,2.8584786163272238,0.584241950285096,18.85,20.98,1.8151440396977858,5.185412230478885,2,17.39,40.38,-12.12,16.61,False,0
J03WOY,2,0:28:26.400000,DFL-OBJ-J01H9X,DFL-OBJ-0025BB,1.6211724152600184,176.47688591328546,22.05,10.0,2.3880025121980673,5.465939992352641,3,17.54,65.25,-12.75,16.46,False,0
J03WOY,2,0:28:26.800000,DFL-OBJ-J01KJ5,DFL-OBJ-0025BB,4.182116688950705,29.491031552766096,2.74,5.43,1.4915959476400609,8.322655826117046,2,16.74,71.48,-18.98,17.26,False,0
J03WOY,2,0:28:30.800000,DFL-OBJ-J01GG9,DFL-OBJ-002GMO,4.404543109109048,86.69642108872931,19.38,16.75,-1.1066556066295097,5.551945604920856,1,27.66,27.44,-25.06,-6.34,False,0
J03WOY,2,0:28:39.560000,DFL-OBJ-0026ZT,DFL-OBJ-0000F8,3.7808596905994807,9.263947331895144,13.42,15.82,0.8116220102348948,15.22222060016212,1,4.920000000000002,38.04,-14.46,-29.08,False,0
J03WOY,2,0:28:40.400000,DFL-OBJ-00286X,DFL-OBJ-0026RH,4.019079496601181,57.084055186981345,18.66,21.09,0.07436873505537456,7.630629069742546,0,11.899999999999999,40.9,-11.6,-22.1,False,0
J03WOY,2,0:28:46.800000,DFL-OBJ-0028KZ,DFL-OBJ-J01H9X,4.97064382147826,38.42956619826957,12.25,11.52,3.109034945326592,11.03692439042689,0,33.54,47.7,-4.8,-0.46,False,0
J03WOY,2,0:28:59.280000,DFL-OBJ-J01H9X,DFL-OBJ-0025BB,2.546998233214935,45.88116195730586,18.75,10.01,-2.133555337828389,6.254126637668924,3,30.25,70.07,-17.57,3.75,False,0
J03WOY,2,0:28:59.800000,DFL-OBJ-0028KZ,DFL-OBJ-J01H9X,2.7460881267723356,35.15870616972671,8.87,13.74,6.375365961629483,10.572100075197927,1,27.57,39.11,-13.39,6.43,False,0
J03WOY,2,0:29:00.400000,DFL-OBJ-0025BB,DFL-OBJ-J0130T,4.760262597798569,62.70455325841337,4.65,11.94,0.41135491712921857,5.037072562510888,2,32.22,36.36,-16.14,1.78,False,0
J03WOY,2,0:29:08.440000,DFL-OBJ-0001IG,DFL-OBJ-J01KJ5,4.909103787861891,20.996299722529958,2.15,16.65,4.044600917368659,6.942809229699459,1,1.990000000000002,32.83,-19.67,32.01,False,0
J03WOY,2,0:29:11.920000,DFL-OBJ-002FXA,DFL-OBJ-002GM1,4.860966981990311,0.06190789541958416,14.62,3.92,5.443604822800525,9.404988038269906,1,2.870000000000001,42.62,-9.88,31.13,False,0
J03WOY,2,0:29:17.760000,DFL-OBJ-00286X,DFL-OBJ-0026RH,4.9915528645903375,45.1202932927299,18.74,21.13,2.4402540400607564,5.413658651965415,0,29.79,41.74,-10.76,-4.21,False,0
J03WOY,2,0:29:19.320000,DFL-OBJ-0028IJ,DFL-OBJ-0000NZ,4.405734898969751,39.1151011490808,2.44,9.15,1.4574308710101525,8.088739085914442,1,10.25,28.41,-24.09,-23.75,False,0
J03WOY,2,0:29:25.720000,DFL-OBJ-00286X,DFL-OBJ-0026RH,4.990090179545857,38.32702156724755,8.36,13.8,2.9641114863796947,12.917387506767767,0,18.72,52.07,-0.43,-15.28,False,0
J03WOY,2,0:30:29.120000,DFL-OBJ-00286X,DFL-OBJ-0026RH,4.89073614090967,26.6823053812861,20.07,23.56,3.555784587830053,12.015460873391415,0,20.53,45.4,-7.1,-13.47,False,0
J03WOY,2,0:30:32.960000,DFL-OBJ-0026ZT,DFL-OBJ-0000F8,4.9715389971315735,10.392800626323499,7.63,13.03,4.453465737294479,8.78449770903266,0,4.829999999999998,38.56,-13.94,-29.17,False,0
J03WOY,2,0:30:38.400000,DFL-OBJ-0028KZ,DFL-OBJ-00028V,4.863712573744464,6.07145884178801,4.57,7.31,3.689259507946432,12.675472377785374,1,26.48,46.17,-6.33,7.52,False,0
J03WOY,2,0:30:43.640000,DFL-OBJ-00286X,DFL-OBJ-0000F8,4.948868557559394,26.777171458273564,5.41,7.19,2.219028865161765,10.04359497391248,0,9.27,46.05,-6.45,-24.73,False,0
J03WOY,2,0:30:44.600000,DFL-OBJ-0026ZT,DFL-OBJ-0000NZ,3.8006446821559097,22.183685635528242,7.64,14.15,1.9802217718907622,5.300962176812811,1,4.039999999999999,37.37,-15.13,-29.96,False,0
J03WOY,2,0:30:45.480000,DFL-OBJ-0028IJ,DFL-OBJ-J0130T,2.19317121994613,5.221036395319171,12.85,21.51,2.6396100386880237,7.217589625352773,2,12.82,34.78,-17.72,-21.18,False,0
J03WOY,2,0:30:48.920000,DFL-OBJ-00028V,DFL-OBJ-0028IJ,4.897448315194352,69.65559149021377,14.76,18.58,5.052856454504857,8.629466959204374,2,26.4,60.66,-8.16,-7.6,False,0
J03WOY,2,0:30:55.320000,DFL-OBJ-002GM1,DFL-OBJ-0001IG,4.882704168798267,1.1834554991368518,12.39,28.93,5.680053855566449,11.4021620756767,0,22.560000000000002,26.28,26.22,11.44,False,0
J03WOY,2,0:30:59.880000,DFL-OBJ-0001IG,DFL-OBJ-002GM1,1.1892854997854805,72.06740093059902,14.07,6.69,3.351341570873061,12.296812595140254,1,10.780000000000001,90.17,37.67,23.22,False,0
J03WOY,2,0:31:43.920000,DFL-OBJ-0026ZT,DFL-OBJ-0000F8,4.957670824086651,7.753689202265637,7.83,23.25,3.8453772748013115,8.374037258097193,1,2.3500000000000014,86.31,33.81,-31.65,False,0
J03WOY,2,0:31:44.720000,DFL-OBJ-0026ZT,DFL-OBJ-0000F8,1.855397531527941,9.612979271951733,9.11,12.53,3.3384260027943604,6.820263924512013,1,2.25,87.55,35.05,-31.75,False,0
J03WOY,2,0:31:50,DFL-OBJ-0026RH,DFL-OBJ-00286X,2.380525152146058,86.50483529200561,8.21,16.17,3.5260614923184628,5.25594901040716,2,25.66,14.64,37.86,-8.34,False,0
J03WOY,2,0:33:44.240000,DFL-OBJ-0026RH,DFL-OBJ-0026ZT,4.458519933789687,48.740047726516785,4.96,14.48,1.7673799277004654,6.253359097317217,5,7.5,59.64,-7.14,-26.5,False,0
J03WOY,2,0:33:44.720000,DFL-OBJ-0026RH,DFL-OBJ-0026ZT,3.454287191303004,34.316866657529886,9.13,14.87,2.1618801342858527,4.832307937207643,5,7.050000000000001,58.97,-6.47,-26.95,False,0
J03WOY,2,0:33:45.720000,DFL-OBJ-0026RH,DFL-OBJ-00019R,2.7193013808697266,12.02340173464352,21.26,18.36,0.8347751079713872,3.235119781399137,5,3.6900000000000013,56.21,-3.71,-30.31,False,0
J03WOY,2,0:33:49.960000,DFL-OBJ-002FXA,DFL-OBJ-002GMO,0.4882622246293534,154.01868934825924,24.86,26.4,0.5640012681840983,16.01724071118368,0,10.120000000000001,11.090000000000003,-41.41,-23.88,False,0
J03WOY,2,0:34:16.520000,DFL-OBJ-J01GG9,DFL-OBJ-J01KJ5,1.8462935844550832,47.17142888979497,7.32,12.53,1.7350533916241562,8.328367186910048,1,17.59,18.67,-33.83,16.41,False,0
J03WOY,2,0:34:17.040000,DFL-OBJ-J01GG9,DFL-OBJ-J01KJ5,1.596151621870554,50.592439541935846,3.65,5.13,0.3777584202664491,7.151447405945179,1,16.83,18.799999999999997,-33.7,17.17,False,0
J03WOY,2,0:34:53.080000,DFL-OBJ-0025BB,DFL-OBJ-J0130T,4.752188969306671,20.54690282077535,5.18,9.82,3.885194387877089,4.876925260858526,3,20.4,57.88,5.38,13.6,False,0
J03WOY,2,0:34:54.200000,DFL-OBJ-J01GG9,DFL-OBJ-J01KJ5,4.112468844866792,24.80691972795898,7.38,9.83,3.868827887833015,5.800560317762414,3,19.25,48.78,-3.72,14.75,False,0
J03WOY,2,0:35:00.840000,DFL-OBJ-002GM9,DFL-OBJ-002FXA,2.3805251521460544,94.71570056200054,31.64,23.28,4.916673363645305,25.822643164478727,0,6.899999999999999,99.36,-46.86,27.1,False,0
J03WOY,2,0:35:01.200000,DFL-OBJ-002GM9,DFL-OBJ-002FXA,0.7,57.736400204797604,26.9,14.33,4.701743950281975,28.18482215661472,0,4.93,101.57,-49.07,29.07,False,0
J03WOY,2,0:35:06.160000,DFL-OBJ-002GM1,DFL-OBJ-J01GG9,4.8541631616582475,16.509737385485554,3.28,18.99,4.14821116533645,5.306646775507112,2,1.1000000000000014,80.87,-28.37,32.9,False,0
J03WOY,2,0:35:07.960000,DFL-OBJ-J0130T,DFL-OBJ-0025BB,3.28380876422486,55.03408951793874,14.45,22.81,3.628261876954837,4.660171670657638,3,7.629999999999999,76.78,-24.28,26.37,False,0
J03WOY,2,0:35:09.600000,DFL-OBJ-002GM1,DFL-OBJ-0025BB,4.570525133942487,56.54134482637167,12.23,11.27,2.711424784720682,5.877763179986074,1,0.9600000000000009,69.16,-16.66,33.04,False,0
J03WOY,2,0:35:47.760000,DFL-OBJ-0026RH,DFL-OBJ-00286X,2.2059238427470707,79.53411803261123,25.85,24.7,0.018329194933706106,9.260005399566461,1,14.75,36.87,15.63,-19.25,False,0
J03WOY,2,0:35:48.240000,DFL-OBJ-0026RH,DFL-OBJ-00286X,2.2689645215384027,70.8412808334219,22.79,23.74,-0.09152875715144893,9.303816421232739,1,12.350000000000001,34.71,17.79,-21.65,False,0
J03WOY,2,0:35:52.240000,DFL-OBJ-0000F8,DFL-OBJ-J0196K,4.995928342160246,54.57439384628799,13.1,19.2,6.134038170053803,7.850866194248889,0,9.719999999999999,37.64,14.86,-24.28,False,0
J03WOY,2,0:35:53.160000,DFL-OBJ-J01H9X,DFL-OBJ-0028KZ,1.393161871427722,60.13394734282359,21.52,18.76,3.430171698847627,9.231105025943535,1,22.32,27.06,25.44,-11.68,False,0
J03WOY,2,0:35:53.600000,DFL-OBJ-J0130T,DFL-OBJ-0025BB,1.2465151423067447,115.56460053837782,15.35,10.66,-0.34714990326251416,4.938117050050557,3,14.57,25.17,27.33,-19.43,False,0
J03WOY,2,0:35:53.840000,DFL-OBJ-0025BB,DFL-OBJ-J0130T,1.2543125607279868,95.7209793689378,10.91,16.51,-0.05661755427953219,4.683855249684816,0,14.75,81.39,28.89,-19.25,False,0
J03WOY,2,0:35:54.560000,DFL-OBJ-0026ZT,DFL-OBJ-J01H9X,4.947373040311395,58.574662694907275,6.52,17.27,4.249648666323315,5.538817563343278,3,12.329999999999998,76.82,24.32,-21.67,False,0
J03WOY,2,0:36:49.280000,DFL-OBJ-0001CF,DFL-OBJ-J01H9X,4.92061987964931,37.61335346215238,18.26,21.74,4.203752479267768,17.009562016701075,0,18.490000000000002,81.95,29.45,15.51,False,0
J03WOY,2,0:36:58.520000,DFL-OBJ-002FZB,DFL-OBJ-0026RH,4.96448386038267,30.8795272796301,7.61,17.65,4.1128069612354,15.525066827553434,0,28.98,99.13,46.63,5.02,False,0
J03WOY,2,0:37:04.360000,DFL-OBJ-0001IG,DFL-OBJ-002GM1,4.960040322416742,54.65573198921576,10.68,14.7,2.7099331118552183,11.54800848631486,0,2.2600000000000016,58.63,6.13,31.74,False,0
J03WOY,2,0:37:08.120000,DFL-OBJ-002GM9,DFL-OBJ-J01MF0,4.894742076963813,23.465968967843562,5.94,21.18,4.178876591461695,6.303086545494996,1,1.2999999999999972,78.86,-26.36,32.7,False,0
J03WOY,2,0:37:09.080000,DFL-OBJ-J01MF0,DFL-OBJ-002GM9,0.7409453421137076,51.58194465517815,9.19,8.05,2.847703133607143,9.948793896749496,1,1.1199999999999974,28.82,-23.68,32.88,False,0
J03WOY,2,0:37:28.360000,DFL-OBJ-J01KJ5,DFL-OBJ-J01GG9,4.907310872565541,16.444067247303543,3.62,23.36,6.404982442979534,5.079232225445103,1,0.990000000000002,68.05,-15.55,33.01,False,0
J03WOY,2,0:37:31.280000,DFL-OBJ-J01GG9,DFL-OBJ-00028V,2.3355513267749015,62.87171992356949,11.61,16.41,6.511450626050455,2.910017182079856,2,7.75,35.72,-16.78,26.25,False,0
J03WOY,2,0:37:32.120000,DFL-OBJ-0028JQ,DFL-OBJ-002GM9,4.908003667480292,80.22642342358387,5.12,12.64,-0.9396020709835362,5.799456871121638,4,17.95,31.37,-21.13,16.05,False,0
J03WOY,2,0:37:35.120000,DFL-OBJ-0026ZT,DFL-OBJ-J01H9X,3.6832187010819766,10.645177617354477,14.51,28.78,4.3098349230606825,11.312846679770745,1,31.98,39.76,-12.74,-2.02,False,0
J03WOY,2,0:39:23.160000,DFL-OBJ-0000NZ,DFL-OBJ-0028JQ,4.870615977471435,15.543145753896097,9.77,19.5,5.130124235186157,22.18680012980691,1,10.239999999999998,83.17,-30.67,-23.76,False,0
J03WOY,2,0:39:28.680000,DFL-OBJ-002GMO,DFL-OBJ-0028JQ,4.839256141185338,23.591548950815387,9.97,22.11,4.243160849817286,21.491230769781428,0,11.75,95.85,-43.35,-22.25,False,0
J03WOY,2,0:39:31.160000,DFL-OBJ-0000NZ,DFL-OBJ-0028IJ,4.899846936384851,34.56762292067581,22.25,26.42,10.81367871575968,9.003071698037285,1,2.75,79.48,-26.98,-31.25,False,0
J03WOY,2,0:40:02.880000,DFL-OBJ-0000NZ,DFL-OBJ-0028IJ,4.978292880094541,65.10875741064494,20.69,16.32,6.338652937425199,9.716892507381154,1,3.5700000000000003,33.43,19.07,-30.43,False,0
J03WOY,2,0:40:55.240000,DFL-OBJ-0000F8,DFL-OBJ-0028IJ,4.826696592909067,17.035529802806572,11.31,15.1,7.679413206678798,10.269863679718442,2,18.72,46.28,6.22,-15.28,False,0
J03WOY,2,0:41:00.400000,DFL-OBJ-J0196K,DFL-OBJ-J0130T,2.5191466809219345,73.78356236319513,18.77,13.72,3.697757340244985,9.488435065910501,3,28.64,61.769999999999996,9.27,-5.36,False,0
J03WOY,2,0:41:01.360000,DFL-OBJ-0028JQ,DFL-OBJ-J0130T,4.871242141384474,10.865293030207306,10.58,20.32,6.569377810953179,7.35941573767918,3,26.7,51.23,-1.27,-7.3,False,0
J03WOY,2,0:41:05.240000,DFL-OBJ-J01MF0,DFL-OBJ-J01KJ5,0.512249938994627,140.83465386942885,27.14,29.24,0.8386320977657077,4.194210295156886,1,22.939999999999998,29.38,-23.12,11.06,False,0
J03WOY,2,0:41:05.640000,DFL-OBJ-J01MF0,DFL-OBJ-J01KJ5,0.9832598842625453,165.9862767544597,24.23,30.03,-1.1775248631697957,4.723557981013888,1,22.009999999999998,26.74,-25.76,11.99,False,0
J03WOY,2,0:41:16.640000,DFL-OBJ-0001IG,DFL-OBJ-J01KJ5,3.106541485317716,57.32198870111688,18.67,16.75,2.675898199008917,6.689289947371096,2,11.11,46.44,-6.06,22.89,False,0
J03WOY,2,0:41:20.200000,DFL-OBJ-J0196K,DFL-OBJ-00028V,1.7863090438107292,38.18055157168033,18.8,8.84,-2.742222494212505,3.1918803235710453,1,30.37,30.11,-22.39,3.63,False,0
J03WOY,2,0:42:09,DFL-OBJ-0028FW,DFL-OBJ-0028IJ,3.2700611615075297,8.724687560253214,13.55,13.9,7.138994966746195,7.511224933391354,0,31.18,103.00999999999999,-50.51,2.82,False,0
J03WOY,2,0:42:09.840000,DFL-OBJ-0028FW,DFL-OBJ-0028IJ,2.642006813011657,153.2347862356423,18.66,7.47,-3.7760375345475796,3.9853858031563267,2,30.0,99.36,-46.86,4.0,False,0
J03WOY,2,0:42:11.320000,DFL-OBJ-0028FW,DFL-OBJ-0028JQ,3.3205421244128184,88.2418972688155,11.73,9.5,2.516482966553728,3.412989891576005,3,30.87,92.3,-39.8,3.13,False,0
J03WOY,2,0:42:12.480000,DFL-OBJ-0028FW,DFL-OBJ-0028JQ,1.9417775361765834,135.62841246037317,5.55,4.66,0.4561587619003954,4.806662043455936,3,32.5,90.92,-38.42,1.5,False,0
J03WOY,2,0:42:21.720000,DFL-OBJ-002GM9,DFL-OBJ-0028JQ,4.835255939451398,3.0607193346960004,9.23,17.72,6.170145941664087,20.275672615230306,0,23.33,89.45,-36.95,10.67,False,0
J03WOY,2,0:42:26.960000,DFL-OBJ-002GMO,DFL-OBJ-0028JQ,4.936800583373812,24.869482076226973,16.19,28.54,5.58188274672591,13.477451539515918,0,8.68,89.15,-36.65,-25.32,False,0
J03WOY,2,0:42:56.520000,DFL-OBJ-0028FW,DFL-OBJ-J01GG9,4.87542818632374,37.08417516639527,12.38,20.15,3.612141543464149,21.95771390650675,0,27.22,93.50999999999999,-41.01,-6.78,False,0
J03WOY,2,0:43:05.840000,DFL-OBJ-J0130T,DFL-OBJ-00286X,1.281327436684316,76.59025263085077,26.11,22.2,-1.2070721139430762,4.349678149012867,3,33.42,29.94,22.56,-0.58,False,0
J03WOY,2,0:43:06.720000,DFL-OBJ-00286X,DFL-OBJ-J0130T,1.6492422502470638,114.02120367256977,26.32,25.49,0.26166916905538073,5.372392390732456,2,33.53,80.85,28.35,-0.47,False,0
J03WOY,2,0:43:07,DFL-OBJ-0001IG,DFL-OBJ-J0130T,3.8400520829801255,59.17188128007101,25.02,22.01,3.7956247171517297,4.670171303068014,1,33.18,85.43,32.93,0.82,False,0
J03WOY,2,0:43:08,DFL-OBJ-J01H9X,DFL-OBJ-00286X,4.905527494571811,81.08045020454196,22.02,25.79,1.7393951803825702,5.109442239618724,3,29.37,15.729999999999997,36.77,4.63,False,0
J03WOY,2,0:43:12.120000,DFL-OBJ-002FZB,DFL-OBJ-J01H9X,4.212790049361588,129.96588663535948,1.47,0.44,-0.6535896277877951,11.828630520901397,1,26.759999999999998,100.39,47.89,7.24,False,0
J03WOY,2,0:43:17.440000,DFL-OBJ-J01MF0,DFL-OBJ-J01NQ8,4.8989080415945745,35.27371762732675,13.45,25.1,4.8153352070438755,18.68776337607045,0,5.34,71.37,18.87,28.66,False,0
J03WOY,2,0:43:21.280000,DFL-OBJ-J0196K,DFL-OBJ-00028V,4.816897341650536,13.442500112471501,2.76,20.48,5.5593545846972825,9.069388071970458,2,13.71,67.81,15.31,20.29,False,0
J03WOY,2,0:43:23.360000,DFL-OBJ-0001IG,DFL-OBJ-00028V,4.885171440185082,2.9806255455376847,2.68,19.61,5.815001119835181,18.481788333383758,1,4.260000000000002,77.0,24.5,29.74,False,0
J03WOY,2,0:43:31.520000,DFL-OBJ-00286X,DFL-OBJ-0026RH,4.973178058344585,45.988912050209734,16.14,21.32,4.547797623522927,13.256907633381172,0,12.559999999999999,84.14,31.64,-21.44,False,0
J03WOY,2,0:43:33.640000,DFL-OBJ-J01GG9,DFL-OBJ-0000F8,4.955158927824615,14.186749897713135,9.19,20.29,6.56159145982246,7.337901607407939,2,14.77,61.46,8.96,-19.23,False,0
J03WOY,2,0:43:35.680000,DFL-OBJ-J0196K,DFL-OBJ-J01H9X,4.949929292424287,35.53627873013513,19.21,23.09,4.232291208239087,8.18780190283082,1,20.46,65.89,13.39,-13.54,False,0
J03WOY,2,0:43:39.160000,DFL-OBJ-0025BB,DFL-OBJ-J01H9X,4.85742730259548,63.158088029007665,20.01,22.86,4.829351350933002,14.42241657975528,1,26.9,59.8,7.3,7.1,False,0
J03WOY,2,0:43:42.800000,DFL-OBJ-0001IG,DFL-OBJ-J01NQ8,4.999999999999999,10.304846468766044,3.93,10.01,3.185861468213984,15.301797280058311,0,1.9200000000000017,48.96,-3.54,32.08,False,0
J03WOY,2,0:43:46.600000,DFL-OBJ-0001CF,DFL-OBJ-J01H9X,4.976836344506418,28.46353726825393,13.81,9.63,3.0901337057430234,15.172007118374284,0,13.379999999999999,62.09,9.59,20.62,False,0
J03WOY,2,0:43:49.160000,DFL-OBJ-J0196K,DFL-OBJ-0026RH,4.9930852185797905,20.297393418376146,10.2,16.77,3.0817697589636217,7.930308947323552,1,25.85,46.62,-5.88,8.15,False,0
J03WOY,2,0:43:50.720000,DFL-OBJ-0028JQ,DFL-OBJ-002GM9,1.9011838417154725,67.8312198664907,6.7,13.42,2.8751545138928236,7.332700730290307,2,31.25,28.78,-23.72,2.75,False,0
J03WOY,2,0:43:56.200000,DFL-OBJ-J01MF0,DFL-OBJ-J01NQ8,4.9387549038193805,24.808659291901094,8.49,13.59,1.3807536521304375,7.764792334634585,1,3.2300000000000004,27.64,-24.86,30.77,False,0
J03WOY,2,0:43:59.480000,DFL-OBJ-0025BB,DFL-OBJ-J01H9X,4.841260166526891,33.125681140329846,8.75,19.01,4.663073070204719,7.894871753233233,1,9.600000000000001,32.15,-20.35,24.4,False,0
J03WOY,2,0:45:00.160000,DFL-OBJ-0001CF,DFL-OBJ-0026RH,3.9450728763864435,30.04794022295298,6.64,17.05,4.775474284492135,7.918238440461363,2,22.53,75.13,22.63,11.47,False,0
J03WOY,2,0:45:06.160000,DFL-OBJ-00286X,DFL-OBJ-J01JQC,4.80227029643272,3.2878315605274167,11.08,22.41,5.458090318963784,10.177278614639578,1,30.59,81.53999999999999,29.04,-3.41,False,0
J03WOY,2,0:45:10.480000,DFL-OBJ-0001IG,DFL-OBJ-J01NQ8,4.998599803945102,47.28029515205509,5.84,12.46,2.093308576606374,18.76933669579189,1,3.1499999999999986,88.11,35.61,30.85,False,0
J03WOY,2,0:45:41.200000,DFL-OBJ-J01NQ8,DFL-OBJ-J01MF0,4.075414089390181,54.04523876620979,8.87,12.48,0.7619213880088349,8.763287054524689,1,6.98,37.99,14.51,27.02,False,0
J03WOY,2,0:45:41.480000,DFL-OBJ-J01NQ8,DFL-OBJ-J01MF0,3.3417660001861287,47.70237249102566,5.35,13.62,2.3929684020192052,8.951318338658279,1,6.489999999999998,38.26,14.24,27.51,False,0
J03WOY,2,0:45:42.320000,DFL-OBJ-J0130T,DFL-OBJ-0025BB,0.8769264507357479,5.443665977722988,10.15,12.4,0.9696650559003328,5.315580871362981,2,6.850000000000001,32.239999999999995,20.26,27.15,False,0
J03WOY,2,0:45:42.880000,DFL-OBJ-J01JQC,DFL-OBJ-J0196K,2.7109039082933215,32.2296030730934,10.76,6.2,-1.13977362884347,6.003332407921456,3,10.71,28.0,24.5,23.29,False,0
J03WOY,2,0:45:43.640000,DFL-OBJ-J01NQ8,DFL-OBJ-J01MF0,2.8641927309453195,25.553761623410043,17.24,17.41,-1.0031183493802076,5.191310046606731,2,3.9800000000000004,32.34,20.16,30.02,False,0
J03WOY,2,0:45:47.200000,DFL-OBJ-0028JQ,DFL-OBJ-002GM9,4.932767985624299,63.38300343415058,11.5,11.56,2.4944290470748043,5.190780288164777,0,4.329999999999998,55.71,3.21,29.67,False,0
J03WOY,2,0:46:02.560000,DFL-OBJ-00286X,DFL-OBJ-0026RH,4.939736835095571,27.89215598535736,20.33,20.69,5.630247034373959,20.37815497045795,0,25.7,74.77,22.27,-8.3,False,0
J03WOY,2,0:46:06.960000,DFL-OBJ-0026ZT,DFL-OBJ-J01L1F,4.831821602667053,0.17608198139318412,5.79,16.18,5.116466608579371,9.963438161598635,0,4.050000000000001,63.89,11.39,-29.95,False,0
J03WOY,2,0:46:17.720000,DFL-OBJ-0025BB,DFL-OBJ-0026RH,4.962348234455136,3.0684374092757425,11.24,15.13,0.8581078894176808,8.724385365170432,1,16.28,46.25,-6.25,17.72,False,0
J03WOY,2,0:46:37.560000,DFL-OBJ-00286X,DFL-OBJ-0026RH,4.964725571469183,21.998405571679417,6.01,15.66,3.4068854489623623,15.893401146387767,0,10.329999999999998,61.54,9.04,-23.67,False,0
J03WOY,2,0:46:45.080000,DFL-OBJ-J01GG9,DFL-OBJ-J01NQ8,4.953271646094125,22.657021738883945,2.95,11.99,1.424993283746392,7.32262930920308,1,13.670000000000002,45.4,-7.1,20.33,False,0
J03WOY,2,0:46:51.400000,DFL-OBJ-0001CF,DFL-OBJ-J01NQ8,4.864771320421957,48.8049943405312,18.45,19.63,4.413090552629708,11.184815599731628,0,13.280000000000001,46.42,-6.08,20.72,False,0
J03WOY,2,0:47:23.840000,DFL-OBJ-00286X,DFL-OBJ-J01L1F,2.949203282244205,6.8143245770497005,14.23,23.56,2.3308570036759435,11.687193846257536,1,22.05,79.86,27.36,11.95,False,0
J03WOY,2,0:47:26.920000,DFL-OBJ-J01MF0,DFL-OBJ-J01JQC,4.837189266505911,15.780753309515417,7.7,14.03,5.541315166412564,9.201271651244735,0,2.1799999999999997,71.15,18.65,31.82,False,0
J03WOY,2,0:47:30.280000,DFL-OBJ-00028V,DFL-OBJ-0025BB,2.446323772520718,76.08529225294171,4.9,1.62,2.7052236714588993,4.5111860968042565,2,12.920000000000002,42.95,9.55,21.08,False,0
J03WOY,2,0:47:32.160000,DFL-OBJ-J01NQ8,DFL-OBJ-J01MF0,4.013277961965756,3.9862928436608804,15.16,14.89,2.392785941682787,7.767013583096146,3,7.899999999999999,34.83,17.67,26.1,False,0
J03WOY,2,0:47:33.280000,DFL-OBJ-J01L1F,DFL-OBJ-0001CF,3.342932844075694,146.5927396005692,20.05,6.91,2.281893660514196,4.513490888436577,4,14.14,29.12,23.38,19.86,False,0
J03WOY,2,0:47:51.040000,DFL-OBJ-0026ZT,DFL-OBJ-J01L1F,4.907830477919955,58.52826238804734,11.64,21.03,5.675792288460634,20.196734884629247,1,15.469999999999999,76.95,24.45,-18.53,False,0
J03WOY,2,0:47:53.560000,DFL-OBJ-0028IJ,DFL-OBJ-0000NZ,0.6811754546370572,55.312428284192684,23.27,21.98,0.5233250494966729,8.627172190237076,1,12.920000000000002,59.29,6.79,-21.08,False,0
J03WOY,2,0:48:04.760000,DFL-OBJ-0001IG,DFL-OBJ-J01NQ8,4.997849537551126,16.7714807451925,4.71,1.44,2.3803761561221837,11.288941491565982,0,5.879999999999999,64.42,11.92,28.12,False,0
J03WQQ,1,0:00:04.289000,DFL-OBJ-0027QN,DFL-OBJ-0000NZ,1.7645962711056606,57.38803509284683,16.09,17.35,4.199294710340694,6.973463988578416,1,10.420000000000002,30.64,21.86,23.58,False,1
J03WQQ,1,0:00:33.378000,DFL-OBJ-002FXT,DFL-OBJ-J0157X,1.128937553631732,52.43415140875686,19.54,6.28,4.301778868933838,6.5107987221231145,2,17.47,16.259999999999998,-36.24,-16.53,False,1
J03WQQ,1,0:00:08.030000,DFL-OBJ-0002EL,DFL-OBJ-002G5J,0.6276941930590062,116.84180762030834,7.27,5.74,2.828846485665489,6.683838717383897,2,17.01,39.44,13.06,16.99,False,1
J03WQQ,1,0:00:23.350000,DFL-OBJ-00008K,DFL-OBJ-002GIY,1.3471451295239139,37.16674398669632,18.24,10.48,6.031771477587264,7.120000000000001,4,10.02,55.02,2.52,-23.98,False,1
J03WQQ,1,0:01:31.466000,DFL-OBJ-002GM1,DFL-OBJ-0002EL,1.781010948871456,4.2288501857119245,24.9,26.02,0.1426467268082432,9.64160256388947,0,8.59,7.390000000000001,-45.11,25.41,False,1
J03WQQ,1,0:00:44.550000,DFL-OBJ-J01KJ5,DFL-OBJ-J014L2,0.6744627491566885,7.192705456562504,4.97,5.22,4.142275592188401,1.8146349495146432,2,20.53,11.939999999999998,-40.56,-13.47,False,1
J03WQQ,1,0:02:24.550000,DFL-OBJ-J0157X,DFL-OBJ-0026RH,2.5700000000000007,103.4688572381915,18.88,23.45,-0.9045267413019775,6.537805442195414,1,3.3000000000000007,33.03,19.47,-30.7,False,1
J03WQQ,1,0:02:40.275000,DFL-OBJ-0026V5,DFL-OBJ-002GM9,2.572353008434107,32.88015084643722,9.17,8.77,0.31152061132975417,11.83196517912388,0,8.98,0.4399999999999977,52.06,-25.02,False,1
J03WQQ,1,0:02:08.110000,DFL-OBJ-002GNL,DFL-OBJ-002FXT,9.517321051640533,55.48166288304767,17.26,4.82,0.648273117973579,13.435988984812397,0,27.96,80.86,-28.36,6.04,False,1
J03WQQ,1,0:02:20.950000,DFL-OBJ-0026RH,DFL-OBJ-J0157X,2.0382345301755627,8.114895315133653,5.13,19.22,3.6292345896286324,6.633226967321411,2,7.859999999999999,80.27,27.77,-26.14,False,1
J03WQQ,1,0:03:17.372000,DFL-OBJ-002G5J,DFL-OBJ-J014L2,1.852187895436097,99.12535816802428,2.34,7.02,-0.7739816989355125,3.701080923189873,1,29.79,44.84,-7.66,4.21,False,1
J03WQQ,1,0:03:21.068000,DFL-OBJ-002FZR,DFL-OBJ-002G5J,0.8920201791439477,5.7383494809823326,14.95,8.73,1.5143620561252351,2.4137315509393336,3,30.06,49.98,2.52,3.94,False,1
J03WQQ,1,0:02:27.030000,DFL-OBJ-J0157X,DFL-OBJ-0026RH,1.9019200824430016,173.5122995983341,9.1,9.06,-2.3154099134318935,5.71948424248201,2,3.66,38.37,14.13,-30.34,False,1
J03WQQ,1,0:02:31.310000,DFL-OBJ-0026RH,DFL-OBJ-J0157X,0.6239390995922601,26.547452842527882,5.59,9.26,1.480094684684828,6.320830641616654,2,2.5799999999999983,59.37,6.87,-31.42,False,1
J03WQQ,1,0:04:35.996000,DFL-OBJ-002FZR,DFL-OBJ-0000NZ,4.642467016576424,78.23082842191667,15.47,12.92,-3.529774472750061,4.642467016576424,3,28.240000000000002,16.1,36.4,5.76,False,1
J03WQQ,1,0:05:21.565000,DFL-OBJ-J014L2,DFL-OBJ-J0130T,0.8807383266328346,18.43256972648556,17.45,13.67,5.71842090872458,7.5778624954534495,1,13.829999999999998,39.45,13.05,-20.17,False,1
J03WQQ,1,0:04:41.270000,DFL-OBJ-0002EL,DFL-OBJ-002GM1,1.9446593532030243,51.59929562002785,13.29,18.04,3.0225922272224492,11.570933410922386,0,7.640000000000001,37.17,15.33,26.36,False,1
J03WQQ,1,0:06:50.655000,DFL-OBJ-J01KJ5,DFL-OBJ-002GNL,1.9572429588581999,76.90497463873514,25.8,24.26,6.343579169632094,7.1201474703829,0,31.759999999999998,38.35,-14.15,-2.24,False,1
J03WQQ,1,0:06:53.016000,DFL-OBJ-002GM1,DFL-OBJ-002GN4,1.1237882362794174,26.82190149364333,24.27,20.99,8.22561549868019,6.844223842043741,2,29.22,19.619999999999997,-32.88,-4.78,False,1
J03WQQ,1,0:06:53.567000,DFL-OBJ-002FXT,DFL-OBJ-002GN4,9.431192925605966,147.2586609779562,15.32,7.97,0.5731693148412154,9.431192925605966,1,21.2,22.69,-29.81,-12.8,False,1
J03WQQ,1,0:07:53.312000,DFL-OBJ-0026V5,DFL-OBJ-0000NZ,5.840796178604421,114.1544676078028,11.75,7.21,-2.960657833790117,5.78457431450232,3,10.829999999999998,61.980000000000004,-9.48,23.17,False,1
J03WQQ,1,0:08:02.832000,DFL-OBJ-0027QN,DFL-OBJ-0000NZ,6.257683277379894,63.98071564947292,20.93,27.46,1.9178247184884478,11.856812387821611,0,8.32,28.92,23.58,25.68,False,1
J03WQQ,1,0:08:18.399000,DFL-OBJ-0002EL,DFL-OBJ-00008K,1.8813824704190292,119.3264385226594,0.93,3.65,-0.27838555514218155,2.3478500803926976,2,0.8699999999999974,38.25,14.25,33.13,False,1
J03WQQ,1,0:08:14.470000,DFL-OBJ-0002EL,DFL-OBJ-00008K,4.993485756463116,93.91134110679475,12.57,15.75,-2.3934963558525046,8.460413701468743,1,4.109999999999999,40.75,11.75,29.89,False,1
J03WQQ,1,0:08:57.710000,DFL-OBJ-002GIY,DFL-OBJ-J01KJ5,3.5425555747228583,27.801088451929576,9.77,27.81,6.175660158376123,11.815388271233408,0,32.05,34.75,17.75,-1.95,False,1
J03WQQ,1,0:09:29.350000,DFL-OBJ-002GIY,DFL-OBJ-002FXT,11.656813458231198,26.427823070263784,12.85,16.3,6.336022952832243,11.656813458231198,2,18.91,35.379999999999995,17.12,15.09,True,1
J03WQQ,1,0:11:19.932000,DFL-OBJ-002G5J,DFL-OBJ-002GIY,1.1768602295939814,28.430757311599585,3.97,8.38,0.714094084130803,3.5624850876880885,1,4.059999999999999,56.37,3.87,29.94,False,1
J03WQQ,1,0:14:51.645000,DFL-OBJ-J01KJ5,DFL-OBJ-002GIY,1.4200352108310597,93.15130524599324,2.76,5.84,-0.10298779644901002,4.865603765207355,2,2.9400000000000013,72.37,19.87,31.06,False,1
J03WQQ,1,0:15:37.110000,DFL-OBJ-002FXT,DFL-OBJ-002GIY,1.8001388835309327,3.90191107329923,16.97,18.66,0.5756379172344089,5.776789765951332,2,10.600000000000001,45.24,-7.26,-23.4,False,1
J03WQQ,1,0:15:42.670000,DFL-OBJ-002FXT,DFL-OBJ-002GN4,1.5161134522191888,5.578433840975115,24.79,17.2,-2.082580494754168,6.370196229316642,1,5.59,6.770000000000003,-45.73,-28.41,False,1
J03WQQ,1,0:16:17.750000,DFL-OBJ-00008K,DFL-OBJ-002GNL,6.846342089028272,56.47662165585354,4.31,7.0,1.2794057160515337,5.99234511689706,4,31.490000000000002,10.64,-41.86,2.51,False,1
J03WQQ,1,0:18:01.470000,DFL-OBJ-002FZR,DFL-OBJ-002GMO,1.4481022063376645,25.568410271550828,16.09,5.35,-0.6532494491162877,2.1889952032839197,0,-0.060000000000002274,35.879999999999995,16.62,-34.06,False,1
J03WQQ,1,0:18:10.224000,DFL-OBJ-002FXT,DFL-OBJ-J01PRP,0.748131004570724,60.423732773913436,4.38,7.62,0.8966654412205207,8.148625650991704,1,17.24,21.92,-30.58,-16.76,False,1
J03WQQ,1,0:18:16.288000,DFL-OBJ-002GM1,DFL-OBJ-0002EL,6.096900852072305,46.08033349634218,16.11,19.93,4.57655207188955,19.501766586645424,1,7.530000000000001,11.89,-40.61,26.47,False,1
J03WQQ,1,0:18:17.426000,DFL-OBJ-002GM1,DFL-OBJ-0026V5,11.154209967541403,21.0458354425855,15.33,18.44,8.305237023940677,11.154209967541403,1,11.129999999999999,9.630000000000003,-42.87,22.87,True,1
J03WQQ,1,0:18:02.270000,DFL-OBJ-0026RH,DFL-OBJ-002FZR,1.1624973118248494,109.96514875574404,5.57,8.76,0.34577532432070124,2.688810145770802,1,1.2199999999999989,70.84,18.34,-32.78,False,1
J03WQQ,1,0:18:03.230000,DFL-OBJ-002GMO,DFL-OBJ-J014L2,1.9014205216100932,17.336953317747064,15.4,17.65,3.3552787595536016,6.369317074851901,3,1.4299999999999997,64.73,12.23,-32.57,False,1
J03WQQ,1,0:18:03.990000,DFL-OBJ-002GMO,DFL-OBJ-002GN4,1.672632655426766,14.49582542545647,15.61,8.29,6.76844690020868,2.022992832414392,3,3.2600000000000016,61.769999999999996,9.27,-30.74,False,1
J03WQQ,1,0:19:30.938000,DFL-OBJ-J01KJ5,DFL-OBJ-002GIY,3.876402971828393,12.961318680565322,7.49,19.97,3.3303452267393405,5.219808425603376,1,6.690000000000001,43.480000000000004,-9.02,27.31,False,1
J03WQQ,1,0:19:49.234000,DFL-OBJ-002FXT,DFL-OBJ-002GN4,4.2600117370730315,5.986129775739801,8.29,16.33,5.590236972867785,8.472856661126752,0,30.55,33.65,-18.85,-3.45,False,1
J03WQQ,1,0:20:01.330000,DFL-OBJ-00008K,DFL-OBJ-002GNL,0.7034202158027586,45.503759992152204,20.94,21.31,1.3704469037646723,8.139041712634231,1,3.870000000000001,5.270000000000003,-47.23,-30.13,False,1
J03WQQ,1,0:20:17.748000,DFL-OBJ-J01KJ5,DFL-OBJ-J01PRP,0.7684399781375258,176.3438681812067,13.73,16.46,-0.5318555463988286,9.778353644658187,1,4.920000000000002,9.93,-42.57,29.08,False,1
J03WQQ,1,0:19:37.030000,DFL-OBJ-J01PRP,DFL-OBJ-J01KJ5,1.2865846260545797,36.3467893780055,6.43,10.54,2.634286250314164,2.7886197302608324,1,10.329999999999998,86.78999999999999,-34.29,23.67,False,1
J03WQQ,1,0:20:18.830000,DFL-OBJ-J01PRP,DFL-OBJ-J01KJ5,0.9202173656261818,50.22445571840474,9.49,16.33,1.102580151131678,14.119383839247376,0,9.21,98.94,-46.44,24.79,False,1
J03WQQ,1,0:22:25.436000,DFL-OBJ-002GMO,DFL-OBJ-0027QN,2.920273959751035,9.978406851604905,19.32,17.94,-1.2073996606906567,8.556710816663141,1,12.010000000000002,83.71000000000001,31.21,-21.99,False,1
J03WQQ,1,0:22:52.390000,DFL-OBJ-002GIY,DFL-OBJ-002G5J,0.771038261048049,67.41376591065631,6.53,12.78,2.075215859304963,3.8717696212455617,0,22.240000000000002,52.63,-0.13,-11.76,False,1
J03WQQ,1,0:22:56.710000,DFL-OBJ-0027QN,DFL-OBJ-002GMO,1.7664653973401216,139.60040629330717,1.83,3.2,-1.4449474123491246,1.7664653973401216,2,17.1,36.65,15.85,-16.9,False,1
J03WQQ,1,0:24:30.183000,DFL-OBJ-J01KJ5,DFL-OBJ-0027QN,2.717517249255279,122.73023607503528,1.12,2.28,-0.11898039168272034,4.528399275682302,1,24.93,21.24,-31.26,9.07,False,1
J03WQQ,1,0:24:32.038000,DFL-OBJ-J01KJ5,DFL-OBJ-J01PRP,3.670694757127047,174.77585921241334,20.07,5.85,3.531724855167467,3.670694757127047,2,22.36,17.14,-35.36,11.64,False,1
J03WQQ,1,0:25:08.414000,DFL-OBJ-0026RH,DFL-OBJ-J0157X,0.5941380311005178,30.502050162000987,7.44,6.93,-0.25932509422736866,10.243734670519343,0,8.940000000000001,25.37,-27.13,-25.06,False,1
J03WQQ,1,0:24:26.030000,DFL-OBJ-002GM1,DFL-OBJ-0002EL,1.3656500283747663,42.66347498200485,10.88,4.17,-0.04032898936943974,5.194323825099858,2,33.34,16.82,-35.68,0.66,False,1
J03WQQ,1,0:24:28.150000,DFL-OBJ-002GM1,DFL-OBJ-0002EL,1.8848076824970768,46.0449300735976,3.44,3.66,-0.429423614781837,1.8848076824970768,2,32.29,17.11,-35.39,1.71,False,1
J03WQQ,1,0:24:28.150000,DFL-OBJ-002GM1,DFL-OBJ-0026V5,1.5125144627407718,46.938515423710356,3.44,11.41,2.6152461068046784,1.8848076824970768,2,32.29,17.11,-35.39,1.71,False,1
J03WQQ,1,0:27:21.080000,DFL-OBJ-002GIY,DFL-OBJ-002FXT,2.1467417171145686,33.7394817263312,13.38,16.7,7.816705545132928,5.621476674326774,2,17.01,60.36,-7.86,16.99,False,1
J03WQQ,1,0:25:59.230000,DFL-OBJ-J01KJ5,DFL-OBJ-0002EL,1.4436758638974332,0.5772996653323798,0.94,11.39,3.698768331378151,3.2379777639755325,2,11.16,53.98,1.48,22.84,False,1
J03WQQ,1,0:28:08.657000,DFL-OBJ-002FZR,DFL-OBJ-J0130T,1.0178899744078427,105.39904982709382,24.62,23.14,-1.1697249360196094,5.872180174347518,1,33.63,25.78,26.72,-0.37,False,1
J03WQQ,1,0:28:19.497000,DFL-OBJ-J0130T,DFL-OBJ-J0157X,2.7750495491071887,60.356696390231505,22.58,30.53,4.010692207798939,8.518902511474115,1,11.29,35.31,-17.19,-22.71,False,1
J03WQQ,1,0:29:01.113000,DFL-OBJ-002FZR,DFL-OBJ-002GMO,4.13574660732497,80.43984578926323,15.19,2.02,-1.7125913386754776,4.13574660732497,4,32.91,28.85,23.65,1.09,False,1
J03WQQ,1,0:29:13.394000,DFL-OBJ-00008K,DFL-OBJ-002GNL,6.004331769647643,160.1428089735286,8.02,7.96,-4.280964560105209,6.358026423348679,2,27.07,64.92,12.42,-6.93,False,1
J03WQQ,1,0:29:28.834000,DFL-OBJ-0026V5,DFL-OBJ-002G5J,3.578058132562969,33.177423241302286,13.01,19.72,6.28937550122791,6.435627397542528,2,12.48,43.66,8.84,-21.52,False,1
J03WQQ,1,0:29:43.946000,DFL-OBJ-J01KJ5,DFL-OBJ-002GIY,4.31740662898458,80.12521425938957,29.4,29.91,2.047141510362811,13.626217376807109,0,15.870000000000001,50.15,-2.35,18.13,False,1
J03WQQ,1,0:30:37.698000,DFL-OBJ-002GM1,DFL-OBJ-J01PRP,2.021113554454574,125.55960874793774,8.93,10.61,-3.0639085758165554,4.771268175233918,3,6.91,52.12,-0.38,27.09,False,1
J03WQQ,1,0:30:46.450000,DFL-OBJ-J01PRP,DFL-OBJ-00008K,0.4579301256742121,40.25963284267727,9.14,8.75,3.1014966236802275,5.82494635168428,1,20.130000000000003,35.78,16.72,13.87,False,1
J03WQQ,1,0:32:23.260000,DFL-OBJ-0027QN,DFL-OBJ-J01KJ5,3.648246153975909,10.525591102418856,12.42,11.43,6.760289028852282,3.648246153975909,2,14.399999999999999,74.39,-21.89,19.6,False,1
J03WQQ,1,0:32:29.524000,DFL-OBJ-0027QN,DFL-OBJ-002GM1,0.7416872656315483,19.867478634220326,4.73,7.65,1.3992415329206191,10.079067417177045,1,1.1499999999999986,67.06,-14.56,32.85,False,1
J03WQQ,1,0:32:33.950000,DFL-OBJ-J01KJ5,DFL-OBJ-0026V5,1.2567020331009267,63.54587441216322,9.05,5.04,-0.6361363966789563,2.733056896590336,4,9.14,34.870000000000005,-17.63,24.86,False,1
J03WQQ,1,0:32:23.790000,DFL-OBJ-0027QN,DFL-OBJ-002GM1,4.576505216865814,25.010125714080093,14.99,11.58,6.982583597449021,4.576505216865814,3,13.629999999999999,76.32,-23.82,20.37,False,1
J03WQQ,1,0:32:35.190000,DFL-OBJ-J01KJ5,DFL-OBJ-0027QN,3.2814630883189913,170.88213724620425,4.86,9.28,-3.907656673311568,3.2814630883189913,4,7.559999999999999,36.010000000000005,-16.49,26.44,False,1
J03WQQ,1,0:33:39.550000,DFL-OBJ-J01KJ5,DFL-OBJ-002GIY,1.4977650015940414,55.80834866210107,17.63,4.79,-1.9862174067333807,3.6013886210738226,3,20.25,57.85,5.35,13.75,False,1
J03WQQ,1,0:34:54.671000,DFL-OBJ-J0130T,DFL-OBJ-0027QN,0.7261542535852817,34.65669205122837,20.93,26.38,1.9465952272321314,9.896767148922928,0,29.84,72.17,19.67,4.16,False,1
J03WQQ,1,0:36:58.225000,DFL-OBJ-J01PRP,DFL-OBJ-002FXT,2.1973848092676,90.19808664435541,20.82,18.63,-0.3138746843938456,3.588481573033362,4,28.15,8.14,44.36,5.85,False,1
J03WQQ,1,0:37:04.521000,DFL-OBJ-0002EL,DFL-OBJ-J01KJ5,0.8297590011563586,66.18941137998131,11.91,10.83,-0.6708306181290798,2.5821115390315725,1,16.51,28.36,24.14,17.49,False,1
J03WQQ,1,0:37:13.777000,DFL-OBJ-J01KJ5,DFL-OBJ-J014L2,0.6640030120413598,117.58015256505699,4.79,1.37,1.2151011634941145,2.9261749776799073,2,23.73,43.05,-9.45,10.27,False,1
J03WQQ,1,0:37:16.162000,DFL-OBJ-J014L2,DFL-OBJ-J0130T,0.43863424398922557,134.30972280213493,6.61,14.85,3.353414390026935,2.69536639438871,7,23.509999999999998,58.68,-6.18,10.49,False,1
J03WQQ,1,0:38:16.265000,DFL-OBJ-0002EL,DFL-OBJ-002GM1,4.247458063359782,110.11191009125585,1.6,4.11,-0.757103696741448,13.016439605360599,0,9.489999999999998,0.28000000000000114,52.78,24.51,False,1
J03WQQ,1,0:38:57.083000,DFL-OBJ-J0157X,DFL-OBJ-002G5J,7.265975502298367,36.24290726087136,16.9,6.32,-0.7542739206513072,15.750330155269761,0,-0.21000000000000085,20.73,31.77,-34.21,False,1
J03WQQ,1,0:39:01.803000,DFL-OBJ-002GIY,DFL-OBJ-00008K,4.542972595118753,20.42917028252231,2.04,20.31,5.997412936743491,13.452081623302767,0,10.739999999999998,42.64,9.86,-23.26,False,1
J03WQQ,1,0:40:58.110000,DFL-OBJ-002GIY,DFL-OBJ-002G5J,2.479516081819192,34.748879851548104,12.22,15.84,7.43063568211357,10.618705194137371,2,31.89,65.17,-12.67,-2.11,False,1
J03WQQ,1,0:42:23.269000,DFL-OBJ-002FZR,DFL-OBJ-002GMO,4.921392079483204,179.32230922510823,4.25,2.55,-1.4542290724781437,6.695169900756814,4,17.68,29.5,23.0,-16.32,False,1
J03WQQ,1,0:42:38.374000,DFL-OBJ-002FZR,DFL-OBJ-J01KJ5,8.455796828211993,61.90260161383811,18.58,22.96,7.366823019288269,7.358838223524149,2,20.4,34.510000000000005,17.99,-13.6,False,1
J03WQQ,1,0:42:40.309000,DFL-OBJ-002FZR,DFL-OBJ-002G5J,6.703379744576613,56.274622348595315,15.94,22.48,4.7486715523395535,4.334443447548947,1,24.73,26.06,26.44,-9.27,False,1
J03WQQ,1,0:43:37.374000,DFL-OBJ-0002EL,DFL-OBJ-002GM1,0.8810221336606698,87.7228202817674,21.65,17.68,0.23926775526327354,9.696648905678703,0,11.690000000000001,10.119999999999997,42.38,22.31,False,1
J03WQQ,1,0:43:41.320000,DFL-OBJ-0002EL,DFL-OBJ-002GM1,1.6414932226482053,76.13021563137474,5.08,3.64,0.1272538258928363,15.191800419963393,0,1.490000000000002,1.0700000000000003,51.43,32.51,False,1
J03WQQ,1,0:43:59.743000,DFL-OBJ-002FZR,DFL-OBJ-002GM9,0.5622277118748191,131.57139964241017,0.77,8.28,-0.08553140144264754,3.4283815423607695,3,13.850000000000001,3.799999999999997,48.7,20.15,False,1
J03WQQ,1,0:45:17.096000,DFL-OBJ-002FZR,DFL-OBJ-0026RH,1.3661991070118582,138.4908580495314,2.47,14.94,1.159570537971375,6.660120119036893,2,21.0,5.859999999999999,46.64,-13.0,False,1
J03WQQ,2,0:00:13.975000,DFL-OBJ-00008K,DFL-OBJ-002GIY,2.0619408332927494,63.985541400187586,4.23,6.33,1.6767381415986538,3.9594191493197597,2,31.82,39.49,13.01,-2.18,False,1
J03WQQ,2,0:00:07.590000,DFL-OBJ-J0130T,DFL-OBJ-J014L2,1.7499999999999998,41.689649764966845,4.95,10.67,4.756572975123181,3.6451611761347396,0,21.57,50.0,2.5,12.43,False,1
J03WQQ,2,0:00:49.096000,DFL-OBJ-J014L2,DFL-OBJ-J0130T,4.317927743721516,144.1862223224087,22.49,20.73,1.1090665608485062,7.2540333608276155,4,12.36,67.84,15.34,21.64,False,1
J03WQQ,2,0:00:44.710000,DFL-OBJ-00008K,DFL-OBJ-002GNL,0.8614522621712689,117.29542633925186,2.07,8.89,1.4017350079038033,6.160292200861904,2,18.77,38.25,14.25,15.23,False,1
J03WQQ,2,0:00:53.710000,DFL-OBJ-002G5J,DFL-OBJ-002GN4,11.409627513639522,89.52886847619425,23.75,8.75,-6.018708311535823,6.995662942137792,2,17.1,36.74,15.76,16.9,True,1
J03WQQ,2,0:01:51.560000,DFL-OBJ-002GIY,DFL-OBJ-J01KJ5,0.655515064662895,53.454720860967406,12.97,19.31,2.0071004331695916,6.520498447204785,2,21.67,76.49,23.99,12.33,False,1
J03WQQ,2,0:01:24.750000,DFL-OBJ-J0157X,DFL-OBJ-00008K,1.2254386969571338,104.73800286614495,17.15,12.82,7.101170839800078,4.764630101067659,1,10.57,51.37,-1.13,23.43,False,1
J03WQQ,2,0:02:05.840000,DFL-OBJ-002GIY,DFL-OBJ-J0130T,0.8372574275573774,75.80530002146227,11.2,15.92,1.3627390969388364,5.70629476981342,1,10.280000000000001,69.56,17.06,23.72,False,1
J03WQQ,2,0:02:11.089000,DFL-OBJ-J014L2,DFL-OBJ-00008K,1.670927885936434,9.010025943470627,7.54,12.41,-0.1559704387895744,9.132896583231412,1,5.390000000000001,48.42,-4.08,28.61,False,1
J03WQQ,2,0:03:05.881000,DFL-OBJ-0027QN,DFL-OBJ-0000NZ,2.404682931282211,3.311923901996079,10.53,4.31,3.1586934263962085,2.404682931282211,0,4.5,18.090000000000003,-34.41,-29.5,False,1
J03WQQ,2,0:02:12.950000,DFL-OBJ-00008K,DFL-OBJ-002FZR,7.392191826515326,27.691350021193703,6.83,18.09,3.974600593889246,3.140859754907882,3,6.690000000000001,53.43,-0.93,27.31,False,1
J03WQQ,2,0:04:31.714000,DFL-OBJ-002FZR,DFL-OBJ-002GM9,2.603574465998621,23.62082956662,25.65,11.06,-4.552855900794695,12.447477656135801,0,-2.5600000000000023,18.28,-34.22,-36.56,False,1
J03WQQ,2,0:05:29.187000,DFL-OBJ-J0130T,DFL-OBJ-J014L2,5.082568248435039,81.85116128957523,20.33,1.31,-3.76812520193748,9.295229959500734,1,21.28,35.28,17.22,12.72,False,1
J03WQQ,2,0:06:25.212000,DFL-OBJ-0027QN,DFL-OBJ-0000NZ,1.4600000000000009,179.34893961977022,6.39,6.58,-1.0779142704800848,1.4600000000000009,2,4.859999999999999,39.67,-12.83,-29.14,False,1
J03WQQ,2,0:07:15.957000,DFL-OBJ-0026RH,DFL-OBJ-J014L2,2.6600187969260665,139.12003343323315,19.6,15.83,-0.5649730404227171,10.619910545762616,0,3.2699999999999996,55.3,-2.8,30.73,False,1
J03WQQ,2,0:07:17.237000,DFL-OBJ-0026RH,DFL-OBJ-J014L2,1.082589488217951,47.80934306537531,10.94,6.38,-1.415882770630854,8.938618461484973,1,-0.5399999999999991,51.28,1.22,34.54,False,1
J03WQQ,2,0:07:54.934000,DFL-OBJ-0002EL,DFL-OBJ-002GM1,1.0399999999999991,64.44003482817618,14.73,22.97,3.317981074657138,15.060733713866664,0,5.66,21.48,-31.02,-28.34,False,1
J03WQQ,2,0:08:59.246000,DFL-OBJ-J014L2,DFL-OBJ-00008K,14.962332705831667,165.61230301642465,6.0,4.96,0.3384807208801499,5.992136513798729,0,1.3100000000000023,36.84,-15.66,32.69,True,1
J03WQQ,2,0:09:36.663000,DFL-OBJ-J01KJ5,DFL-OBJ-0026V5,3.2859093109822757,88.5821578140129,11.18,10.21,-2.4147193983956017,3.328317893471115,0,7.780000000000001,58.07,-5.57,-26.22,False,1
J03WQQ,2,0:09:37.640000,DFL-OBJ-002GIY,DFL-OBJ-0000NZ,1.3148764200486676,143.21278018928572,12.07,1.56,1.6428824787417695,2.8999482754007877,2,7.440000000000001,54.19,1.69,-26.56,False,1
J03WQQ,2,0:09:50.303000,DFL-OBJ-0026V5,DFL-OBJ-002GM9,0.7468600939935144,12.25559617683449,24.86,17.37,0.6333497150262141,12.362479524755548,1,12.809999999999999,1.8699999999999974,-50.63,-21.19,False,1
J03WQQ,2,0:10:00.384000,DFL-OBJ-002GM1,DFL-OBJ-J014L2,1.0522357150372725,128.75860029149837,18.08,14.4,6.372361617526761,2.5266974492408076,2,11.489999999999998,55.12,-2.62,-22.51,False,1
J03WQQ,2,0:10:05.841000,DFL-OBJ-002FZR,DFL-OBJ-0000NZ,0.8062257748298558,53.07023217791793,8.56,7.37,4.527609486947244,3.0772877668492438,4,13.5,29.3,-23.2,-20.5,False,1
J03WQQ,2,0:09:40.750000,DFL-OBJ-002GIY,DFL-OBJ-002GM1,1.018282868362224,41.759991223399894,4.8,7.36,0.1986051291069585,5.959144233864457,1,3.7699999999999996,55.86,3.36,-30.23,False,1
J03WQQ,2,0:11:28.616000,DFL-OBJ-002GNL,DFL-OBJ-002FXT,6.74267750971378,15.815127530917305,3.42,24.24,7.112140156468205,11.570328430947844,0,1.9699999999999989,11.920000000000002,-40.58,-32.03,False,1
J03WQQ,2,0:12:02.729000,DFL-OBJ-J01KJ5,DFL-OBJ-J01PRP,0.5565968020030304,33.60485903694376,19.32,14.48,4.116910667274107,5.846067054011609,2,8.969999999999999,26.77,25.73,-25.03,False,1
J03WQQ,2,0:15:33.900000,DFL-OBJ-0026RH,DFL-OBJ-J014L2,10.97969489557884,37.50332968929076,17.86,23.6,7.7780604150030275,10.97969489557884,0,18.189999999999998,24.86,27.64,15.81,True,1
J03WQQ,2,0:17:44.566000,DFL-OBJ-0026RH,DFL-OBJ-J014L2,22.478204999510083,78.45673775399044,10.43,11.98,2.5756592183175187,3.9236335200933317,1,21.6,20.25,32.25,12.4,True,1
J03WQQ,2,0:18:10.318000,DFL-OBJ-0026RH,DFL-OBJ-002GN4,3.0456854729272367,76.14488693640381,15.13,7.06,-3.5291035246846483,7.2472477534578585,0,5.07,13.89,38.61,28.93,False,1
J03WQQ,2,0:19:16.120000,DFL-OBJ-002FXT,DFL-OBJ-002GNL,1.003194896318756,97.18502850683778,23.84,20.66,-0.13627899567060425,5.457655174156754,0,28.57,32.28,20.22,-5.43,False,1
J03WQQ,2,0:19:40.576000,DFL-OBJ-0002EL,DFL-OBJ-002GM1,1.8992893407798603,61.75048140257098,9.75,9.05,1.4118294075646676,5.063328944479116,1,2.25,64.45,11.95,-31.75,False,1
J03WQQ,2,0:19:43.977000,DFL-OBJ-002GIY,DFL-OBJ-002G5J,5.672080746956976,15.549884041756888,5.05,17.72,6.5056930854492245,5.82686879893481,2,11.079999999999998,62.01,9.51,-22.92,False,1
J03WQQ,2,0:21:23.505000,DFL-OBJ-0027QN,DFL-OBJ-0000F8,1.3101526628603253,67.32391374252711,7.76,1.54,-1.194516452482326,1.3101526628603253,1,1.1700000000000017,46.31,-6.19,-32.83,False,1
J03WQQ,2,0:21:51.790000,DFL-OBJ-J014L2,DFL-OBJ-J0130T,0.8367197858303576,4.65494023628965,26.08,21.89,-0.6167994645758942,9.356094270581075,2,22.36,42.82,-9.68,11.64,False,1
J03WQQ,2,0:22:39.066000,DFL-OBJ-J01L1F,DFL-OBJ-J0157X,6.920028901673752,165.58042689858885,16.72,2.07,1.0966156270620675,6.920028901673752,2,13.29,69.17,-16.67,20.71,False,1
J03WQQ,2,0:22:41.283000,DFL-OBJ-002FZR,DFL-OBJ-002G5J,1.0044899203078146,4.945145486281236,10.57,16.58,1.8405708056439822,7.577506186074675,1,3.1700000000000017,48.4,-4.1,30.83,False,1
J03WQQ,2,0:22:37.390000,DFL-OBJ-J01L1F,DFL-OBJ-002GIY,3.8417313805106157,134.65550525612963,11.34,11.66,-4.212378432962201,3.80265696585953,3,18.18,70.64,-18.14,15.82,False,1
J03WQQ,2,0:23:43.948000,DFL-OBJ-J01L1F,DFL-OBJ-002GNL,1.068316432523626,44.306403650209916,27.07,21.97,3.141695477815174,5.337686764882333,0,11.54,13.619999999999997,38.88,22.46,False,1
J03WQQ,2,0:23:49.156000,DFL-OBJ-00008K,DFL-OBJ-002GN4,3.571694275830449,137.6338475564835,14.46,2.82,-3.865331563311488,3.571694275830449,3,23.240000000000002,4.369999999999997,48.13,10.76,False,1
J03WQQ,2,0:23:49.723000,DFL-OBJ-00008K,DFL-OBJ-J0157X,1.8248287590894674,77.81136679806806,14.36,1.55,-1.3751847017281782,5.225935322982864,3,21.02,3.490000000000002,49.01,12.98,False,1
J03WQQ,2,0:24:56.461000,DFL-OBJ-0002EL,DFL-OBJ-J0130T,2.5688908112257334,160.91827775285188,2.27,1.11,-2.497147411037455,3.148841056642904,0,0.11999999999999744,48.81,-3.69,-33.88,False,1
J03WQQ,2,0:25:11.846000,DFL-OBJ-002FZR,DFL-OBJ-0000F8,2.4459149617269995,10.82825202568293,6.81,6.99,0.573728873602436,5.598035369663183,1,1.9200000000000017,35.260000000000005,-17.24,-32.08,False,1
J03WQQ,2,0:25:18.732000,DFL-OBJ-002FZR,DFL-OBJ-0000NZ,11.149641249834005,156.95546499173318,0.36,5.44,-1.6210794892016,11.149641249834005,1,-2.3500000000000014,21.97,-30.53,-36.35,True,1
J03WQQ,2,0:27:17.111000,DFL-OBJ-00008K,DFL-OBJ-002GN4,0.8052949770115299,129.35421824522652,2.73,15.9,0.7464047444222255,4.8648946545634475,1,2.789999999999999,33.93,18.57,31.21,False,1
J03WQQ,2,0:26:31.830000,DFL-OBJ-J01HCH,DFL-OBJ-J0130T,0.4252058325093869,123.33543666887195,6.05,4.99,2.532903243149106,2.135275157912909,3,24.43,9.170000000000002,-43.33,9.57,False,1
J03WQQ,2,0:26:42.670000,DFL-OBJ-J014L2,DFL-OBJ-J0130T,3.4188448341508564,118.45643080159763,7.36,6.52,-0.15988220895191363,6.107896528265685,1,30.98,26.69,-25.81,3.02,False,1
J03WQQ,2,0:29:28.769000,DFL-OBJ-J01HCH,DFL-OBJ-0026RH,1.1013627921806672,97.24297586672637,14.24,5.07,0.8156440138604026,9.016612445924467,1,4.579999999999998,18.28,-34.22,29.42,False,1
J03WQQ,2,0:31:13.602000,DFL-OBJ-0026V5,DFL-OBJ-0000NZ,1.0357605900979237,47.311465455195275,16.58,12.53,-0.778324447617329,6.746673254278733,2,14.899999999999999,70.44,17.94,-19.1,False,1
J03WQQ,2,0:31:19.505000,DFL-OBJ-002GMO,DFL-OBJ-J01HCH,0.8770974860299163,115.42902313738989,3.66,8.81,-0.2469148428457857,13.090187164437337,1,25.75,59.79,-7.29,8.25,False,1
J03WQQ,2,0:30:57.670000,DFL-OBJ-0028LZ,DFL-OBJ-J01L1F,1.825376673456742,115.1006338481621,3.59,13.63,-0.00027392428871175767,20.915202604804,0,25.97,104.06,51.56,-8.03,False,1
J03WQQ,2,0:31:57.091000,DFL-OBJ-002GNL,DFL-OBJ-J01L1F,1.194738465104395,110.44954761079266,2.17,6.09,-1.3180142359331237,17.562736119409188,0,12.260000000000002,49.51,-2.99,-21.74,False,1
J03WQQ,2,0:31:09.790000,DFL-OBJ-0000F8,DFL-OBJ-0026V5,2.3701898658124425,117.88523536690595,15.4,9.02,-3.541937377220501,3.636756796927722,4,9.91,15.280000000000001,37.22,-24.09,False,1
J03WQQ,2,0:31:30.670000,DFL-OBJ-0028HW,DFL-OBJ-002GMO,1.256702033100926,75.6788285178744,13.45,8.85,1.0559377359279654,5.228049349422785,1,18.58,54.54,2.04,15.42,False,1
J03WQQ,2,0:31:34.470000,DFL-OBJ-J01HCH,DFL-OBJ-J0130T,1.4105672617780411,150.94283557712123,5.06,9.26,-1.0282938580979386,1.4725827650763816,2,12.82,43.41,-9.09,21.18,False,1
J03WQQ,2,0:34:04.390000,DFL-OBJ-0000F8,DFL-OBJ-0002EL,3.2201397485202414,73.90185721259657,4.53,11.37,0.06772459978391931,9.587184153858733,1,0.4299999999999997,41.42,11.08,-33.57,False,1
J03WQQ,2,0:31:55.830000,DFL-OBJ-002G5J,DFL-OBJ-0028HW,2.3264780248263697,176.01175524549447,6.94,14.75,-4.00442796886658,3.8013155617496395,4,21.42,85.02000000000001,-32.52,-12.58,False,1
J03WQQ,2,0:34:43.453000,DFL-OBJ-002FZR,DFL-OBJ-J0130T,3.1970767898190995,158.1779282760924,1.74,14.83,-2.826394944759386,3.1970767898190995,1,23.7,25.59,-26.91,-10.3,False,1
J03WQQ,2,0:35:14.414000,DFL-OBJ-J01HCH,DFL-OBJ-002GM9,4.255925281299003,161.47914356053786,3.03,8.36,-2.847308791955848,4.255925281299003,2,33.98,32.480000000000004,-20.02,-0.02,False,1
J03WQQ,2,0:35:20.638000,DFL-OBJ-0002EL,DFL-OBJ-00005H,3.3200150602068055,12.355301043290268,7.92,18.38,7.135797279929738,4.40096580309368,2,17.26,45.19,-7.31,-16.74,False,1
J03WQQ,2,0:34:24.310000,DFL-OBJ-0026V5,DFL-OBJ-0000F8,5.3690315700319715,22.71015516761699,16.06,24.09,2.175598051733738,17.271045133401742,1,6.350000000000001,35.46,-17.04,-27.65,False,1
J03WQQ,2,0:36:13.927000,DFL-OBJ-J01HCH,DFL-OBJ-002GMO,2.3622235287965445,72.63267594902953,14.18,3.08,-2.8604808262743395,2.3622235287965445,2,19.09,16.96,-35.54,-14.91,False,1
J03WQQ,2,0:36:14.679000,DFL-OBJ-002FZR,DFL-OBJ-0000F8,0.9323089616645325,155.86680208717246,11.78,17.77,-0.8915886076988944,5.95648386214552,2,14.129999999999999,18.939999999999998,-33.56,-19.87,False,1
J03WQQ,2,0:37:17.360000,DFL-OBJ-0027W9,DFL-OBJ-0026RH,5.290982895455248,146.7917043378417,9.92,4.69,0.3854961514238586,7.261990085369159,0,13.84,29.4,-23.1,20.16,False,1
J03WQQ,2,0:37:34.168000,DFL-OBJ-J01L1F,DFL-OBJ-002GN4,2.8427099746544675,167.4857343665547,3.29,5.99,-0.934052684663379,4.682061511770216,3,4.0,63.980000000000004,-11.48,30.0,False,1
J03WQQ,2,0:37:47.224000,DFL-OBJ-0028HW,DFL-OBJ-00005H,4.119235365938685,6.545314127578966,5.5,17.08,4.9305851977828485,4.119235365938685,2,15.120000000000001,16.909999999999997,-35.59,18.88,False,1
J03WQQ,2,0:37:51.110000,DFL-OBJ-0028HW,DFL-OBJ-002GMO,0.5803447251418764,54.40634198205409,0.77,4.77,1.1260792031563467,3.319036004625437,4,23.52,20.79,-31.71,10.48,False,1
J03WQQ,2,0:38:25.688000,DFL-OBJ-J01L1F,DFL-OBJ-002GN4,0.552268050859362,142.88419923088523,12.89,10.66,1.6935167572163057,5.386770832326173,2,8.39,59.14,-6.64,25.61,False,1
J03WQQ,2,0:38:52.659000,DFL-OBJ-0028HW,DFL-OBJ-002GMO,0.320156211871642,103.45868460861465,1.1,1.48,0.1430075835265597,1.2491997438360285,2,20.560000000000002,22.93,-29.57,13.44,False,1
J03WQQ,2,0:39:29.122000,DFL-OBJ-0026RH,DFL-OBJ-002GMV,0.7158910531638184,70.87684668403844,2.76,5.8,0.28044748045647355,3.443980255460246,1,6.170000000000002,41.71,10.79,27.83,False,1
J03WQQ,2,0:39:39.209000,DFL-OBJ-0000F8,DFL-OBJ-002GNL,3.8745967532118746,90.40567090644875,23.29,17.05,4.383978080692203,9.900181816512259,1,26.94,30.13,22.37,-7.06,False,1
J03WQQ,2,0:39:43.826000,DFL-OBJ-0000F8,DFL-OBJ-002GN4,2.0706762180505214,59.874726488538286,8.24,4.12,-1.693785866556985,6.1987256754917,1,14.989999999999998,6.390000000000001,46.11,-19.01,False,1
J03WQQ,2,0:39:48.090000,DFL-OBJ-0002EL,DFL-OBJ-J0130T,2.440737593433593,151.7634972543471,15.77,7.58,0.7255365536352487,5.861672116384537,1,4.920000000000002,79.81,27.31,-29.08,False,1
J03WQQ,2,0:39:53.139000,DFL-OBJ-0027AY,DFL-OBJ-J0130T,2.431666095499134,125.7538872544369,11.93,4.51,-3.81531895421348,2.431666095499134,1,4.280000000000001,60.03,7.53,-29.72,False,1
J03WQQ,2,0:37:58.870000,DFL-OBJ-002GMO,DFL-OBJ-002GMV,7.006604027629937,56.06245387115664,17.58,16.55,-2.3061106660348263,7.006604027629937,1,31.009999999999998,89.09,-36.59,2.99,False,1
J03WQQ,2,0:38:31.030000,DFL-OBJ-J01HCH,DFL-OBJ-00005H,1.6144658559412182,45.41658103274264,1.99,8.54,1.7896400255987548,5.056174443193195,2,0.9799999999999969,31.96,-20.54,33.02,False,1
J03WQQ,2,0:41:20.986000,DFL-OBJ-J01HCH,DFL-OBJ-J01L1F,2.142731901101955,137.47866152818727,1.58,14.82,-1.8857888425955187,4.264317061382748,2,23.259999999999998,66.66,14.16,-10.74,False,1
J03WQQ,2,0:41:22.779000,DFL-OBJ-0027AY,DFL-OBJ-00005H,1.1229425630903809,115.16690800172188,2.7,5.49,-1.219118390299095,8.03308782474087,3,15.559999999999999,60.97,8.47,-18.44,False,1
J03WQQ,2,0:38:41.030000,DFL-OBJ-J014L2,DFL-OBJ-J0130T,2.075090359478352,178.5609745271532,3.0,9.8,-2.7345391956502256,6.15522542235457,2,21.7,47.34,-5.16,12.3,False,1
J03WQQ,2,0:39:30.030000,DFL-OBJ-0027W9,DFL-OBJ-J01KJ5,0.5731491952362844,81.05544120430508,7.48,15.25,1.9844541838376655,2.966277127983831,1,4.949999999999999,66.08,13.58,29.05,False,1
J03WQQ,2,0:43:22.044000,DFL-OBJ-002GN4,DFL-OBJ-J01L1F,1.6697904060090942,15.394623216699454,12.15,1.46,-2.354448542702614,19.167722869449047,0,-3.6300000000000026,87.44,34.94,37.63,False,1
J03WQQ,2,0:43:47.077000,DFL-OBJ-0028HW,DFL-OBJ-J0130T,1.0683164325236225,88.03568676963071,10.91,22.36,3.8599056655932196,8.048136430255145,0,21.85,25.77,-26.73,-12.15,False,1
J03WQQ,2,0:40:24.990000,DFL-OBJ-002GMV,DFL-OBJ-0000NZ,0.5186520991955974,134.30130561701813,2.45,1.48,0.31988606804372766,2.0652602741543244,2,32.9,13.68,-38.82,1.1,False,1
J03WQQ,2,0:41:16.830000,DFL-OBJ-0000NZ,DFL-OBJ-0027AY,0.4627094120503719,160.04750311488874,14.97,17.4,0.9648414208017815,9.636270025274301,0,2.539999999999999,35.54,16.96,-31.46,False,1
J03WQQ,2,0:45:21.686000,DFL-OBJ-J01HCH,DFL-OBJ-00005H,0.6911584478251002,170.4596909953367,3.11,7.25,-0.54547276052421,4.889836398081226,0,27.08,22.14,-30.36,6.92,False,1
J03WQQ,2,0:45:29.631000,DFL-OBJ-J01KJ5,DFL-OBJ-J014L2,2.359682181989768,32.56932793911409,0.44,1.42,0.44020500657481976,4.687216658103185,3,18.23,68.81,-16.31,15.77,False,1
J03WQQ,2,0:42:21.830000,DFL-OBJ-J01HCH,DFL-OBJ-J0130T,1.4302796929272261,21.17793886624493,13.67,3.46,-2.259929495623988,8.363791006475473,3,25.22,48.63,-3.87,8.78,False,1
J03WQQ,2,0:43:34.190000,DFL-OBJ-0028HW,DFL-OBJ-002GMO,0.5108815909777901,100.30080956469936,3.86,2.13,0.2820426355067926,4.32093739829681,2,13.23,51.77,-0.73,20.77,False,1
J03WQQ,2,0:43:39.390000,DFL-OBJ-J014L2,DFL-OBJ-00008K,0.5724508712544681,58.24255829151784,18.3,20.14,2.5343488336435005,7.240835587140478,1,19.490000000000002,57.67,5.17,14.51,False,1
J03WQQ,2,0:43:45.310000,DFL-OBJ-0002EL,DFL-OBJ-0000F8,3.160965042514704,47.81433950856573,8.98,14.97,3.438470295850975,18.159529178918707,0,4.260000000000002,37.33,-15.17,-29.74,False,1
J03WQQ,2,0:35:46.630000,DFL-OBJ-0002EL,DFL-OBJ-0000F8,1.853024554613349,8.538510701243764,4.61,18.94,3.8735026268631865,6.444167905944102,2,18.96,42.09,-10.41,-15.04,False,1
J03WQQ,1,0:00:13.440000,DFL-OBJ-002GIY,DFL-OBJ-J0130T,4.981576055828115,45.26588776037149,18.29,21.54,4.17090948380977,8.452455264596198,2,32.99,52.04,0.46,1.01,False,0
J03WQQ,1,0:00:17,DFL-OBJ-J0157X,DFL-OBJ-0026RH,4.954714926209176,17.341315233487833,9.14,20.79,3.852439882838441,13.59788586508947,0,6.77,59.66,-7.16,-27.23,False,0
J03WQQ,1,0:00:18.320000,DFL-OBJ-J014L2,DFL-OBJ-002GMO,1.5280052355931246,45.55165604713335,20.41,21.28,3.3148485074323557,5.582338219778517,1,9.670000000000002,42.75,9.75,-24.33,False,0
J03WQQ,1,0:00:19.720000,DFL-OBJ-002FZR,DFL-OBJ-002GM9,2.7311719096387894,45.3306295695284,15.64,21.77,1.7983744751165942,7.518829696169477,3,17.25,37.94,14.56,-16.75,False,0
J03WQQ,1,0:00:31.200000,DFL-OBJ-002FXT,DFL-OBJ-002GN4,4.782823433914323,42.98475024069719,15.09,16.14,6.109519674530485,10.13114504880865,0,9.620000000000001,13.049999999999997,-39.45,-24.38,False,0
J03WQQ,1,0:00:33.840000,DFL-OBJ-J014L2,DFL-OBJ-J0130T,3.3077484789506006,19.51677445943348,11.76,12.87,0.929677666500679,7.815535810166825,4,17.72,78.92,-26.42,-16.28,False,0
J03WQQ,1,0:00:37.800000,DFL-OBJ-0026RH,DFL-OBJ-J0157X,4.993796151226038,46.610669529385376,17.75,20.91,3.807858286261978,9.325218496099701,2,5.460000000000001,22.77,-29.73,-28.54,False,0
J03WQQ,1,0:00:43.440000,DFL-OBJ-J01KJ5,DFL-OBJ-002FZR,4.157811924558394,16.209912303525247,4.4,14.32,4.829156503028651,6.221808418779871,1,19.0,14.090000000000003,-38.41,-15.0,False,0
J03WQQ,1,0:01:29.160000,DFL-OBJ-002GM1,DFL-OBJ-0002EL,0.8321658488546603,93.91086087336798,24.48,23.21,1.3718491279264757,3.7938898244414005,1,25.57,9.219999999999999,-43.28,8.43,False,0
J03WQQ,1,0:01:36.840000,DFL-OBJ-0000NZ,DFL-OBJ-0026V5,4.993485756463113,46.440718656092336,10.18,9.7,4.256898650185712,8.671683804198581,1,5.300000000000001,29.09,-23.41,28.7,False,0
J03WQQ,1,0:01:37.600000,DFL-OBJ-002GM1,DFL-OBJ-0026V5,4.884854143165384,13.915259084451725,2.36,12.04,3.185612042274666,8.013469910095125,1,0.22999999999999687,23.24,-29.26,33.77,False,0
J03WQQ,1,0:01:39.400000,DFL-OBJ-0000NZ,DFL-OBJ-002FZR,4.342775610136908,17.726901084248,6.59,14.84,2.1608612880747424,6.36007861586632,0,4.289999999999999,25.78,-26.72,29.71,False,0
J03WQQ,1,0:01:40.920000,DFL-OBJ-002G5J,DFL-OBJ-0027QN,2.7478173156161603,37.07619311183286,7.45,6.5,0.6957144725960096,4.051234379790932,1,8.719999999999999,20.18,-32.32,25.28,False,0
J03WQQ,1,0:01:41.200000,DFL-OBJ-0000NZ,DFL-OBJ-0026V5,2.8443101096751033,39.62971167433723,19.99,6.33,-3.5106016672626703,3.5028131551654274,1,6.210000000000001,19.770000000000003,-32.73,27.79,False,0
J03WQQ,1,0:01:41.640000,DFL-OBJ-0027QN,DFL-OBJ-0000NZ,1.9706090429103387,8.599335713111845,13.68,16.82,5.9975620225684345,4.757898695853037,2,9.71,87.81,-35.31,24.29,False,0
J03WQQ,1,0:01:41.880000,DFL-OBJ-0002EL,DFL-OBJ-0000NZ,2.4622144504490238,48.303578911270485,11.18,12.14,1.149641832010977,7.368039087844201,1,8.23,90.0,-37.5,25.77,False,0
J03WQQ,1,0:01:44.680000,DFL-OBJ-0002EL,DFL-OBJ-0000NZ,4.985228179331414,20.745568345961285,13.21,16.43,0.833287135611509,14.426992063489886,0,8.64,98.27000000000001,-45.77,25.36,False,0
J03WQQ,1,0:01:48.120000,DFL-OBJ-J01PRP,DFL-OBJ-00008K,4.952746712683783,16.546144499650964,4.37,23.72,5.422627033055398,9.427412158169387,1,10.510000000000002,99.74000000000001,-47.24,23.49,False,0
J03WQQ,1,0:01:48.240000,DFL-OBJ-J01PRP,DFL-OBJ-00008K,4.248152539634142,18.10342386875307,3.1,23.66,5.6529288550495105,9.154944019490234,1,10.39,99.72,-47.22,23.61,False,0
J03WQQ,1,0:01:49.440000,DFL-OBJ-0002EL,DFL-OBJ-0000NZ,4.131888188225816,14.625103473888917,8.5,12.06,3.4013801772349583,6.64584832809176,0,1.7299999999999969,102.18,-49.68,32.27,False,0
J03WQQ,1,0:01:51,DFL-OBJ-002G5J,DFL-OBJ-002GIY,1.883082579177024,76.26059713148862,21.48,17.06,4.217293552057436,8.318635705450745,2,13.8,14.5,-38.0,20.2,False,0
J03WQQ,1,0:01:52.040000,DFL-OBJ-00008K,DFL-OBJ-J01PRP,3.7938107491017545,76.87991660529548,19.09,10.82,-1.8483465448679315,4.185271795236242,2,11.010000000000002,10.490000000000002,-42.01,22.99,False,0
J03WQQ,1,0:02:07.840000,DFL-OBJ-0002EL,DFL-OBJ-002GM1,4.906984817584008,4.480137618972481,6.35,14.53,5.656631378023704,12.79912497009073,0,2.6499999999999986,89.33,-36.83,31.35,False,0
J03WQQ,1,0:02:10.120000,DFL-OBJ-002GNL,DFL-OBJ-002FXT,4.956339374982306,32.06472516007447,10.48,23.84,3.3028206682696326,9.454083773692723,0,22.97,79.47,-26.97,11.03,False,0
J03WQQ,1,0:02:19.520000,DFL-OBJ-002GMO,DFL-OBJ-0026V5,3.548577179659476,84.76809109276364,23.4,26.77,1.8414289813842222,6.773256233156987,1,14.91,78.47,25.97,-19.09,False,0
J03WQQ,1,0:02:23.760000,DFL-OBJ-002FXT,DFL-OBJ-002GN4,2.021410398706803,19.109582857534107,12.53,18.48,2.695546528380759,12.001708211750525,2,6.109999999999999,63.7,11.2,-27.89,False,0
J03WQQ,1,0:02:27.800000,DFL-OBJ-J0130T,DFL-OBJ-002GIY,2.0788939366884494,120.59997869320888,7.67,2.79,0.30009405511596143,4.608958667638496,3,8.870000000000001,63.64,11.14,-25.13,False,0
J03WQQ,1,0:02:28.200000,DFL-OBJ-J0130T,DFL-OBJ-002GIY,1.3364505228402574,164.44173185322822,11.99,4.89,1.8561085346204798,5.181167822026229,3,9.55,62.83,10.33,-24.45,False,0
J03WQQ,1,0:02:28.640000,DFL-OBJ-002GIY,DFL-OBJ-J0130T,0.848528137423857,58.76078511179129,10.53,14.18,0.9917569121473176,4.535835094004189,2,10.719999999999999,44.04,8.46,-23.28,False,0
J03WQQ,1,0:02:29.600000,DFL-OBJ-J0157X,DFL-OBJ-0026RH,2.8251902590799087,15.009908938140384,9.28,17.75,1.882763561555102,6.941015775806882,2,3.3599999999999994,45.01,7.49,-30.64,False,0
J03WQQ,1,0:02:31.360000,DFL-OBJ-0026RH,DFL-OBJ-J0157X,0.5948108943185221,30.535397562636664,5.64,8.79,1.4065000234497522,6.188650903064415,2,2.530000000000001,59.42,6.92,-31.47,False,0
J03WQQ,1,0:02:31.760000,DFL-OBJ-J0130T,DFL-OBJ-0027QN,3.63389598089984,12.492077132976707,9.38,12.52,5.442863084727977,4.4962428760021425,2,6.829999999999998,61.22,8.72,-27.17,False,0
J03WQQ,1,0:02:33.120000,DFL-OBJ-0027QN,DFL-OBJ-J0130T,0.5200000000000015,51.207767221662365,18.14,19.43,0.16308748883995194,5.336834267615964,3,8.829999999999998,37.91,14.59,-25.17,False,0
J03WQQ,1,0:02:36.560000,DFL-OBJ-0026V5,DFL-OBJ-002GM9,4.972665281315443,63.926728324795505,24.49,27.01,1.43116929948657,9.226055495172353,0,6.149999999999999,10.86,41.64,-27.85,False,0
J03WQQ,1,0:02:59,DFL-OBJ-0027QN,DFL-OBJ-0026RH,2.8987066081271493,22.627124538992582,8.83,16.83,1.8643530596239977,10.134623821336438,2,5.850000000000001,5.600000000000001,46.9,-28.15,False,0
J03WQQ,1,0:02:59.400000,DFL-OBJ-0027QN,DFL-OBJ-0026RH,1.939999999999999,2.308883698059909,10.72,15.62,2.3967665203178754,10.992693027643407,2,4.77,5.390000000000001,47.11,-29.23,False,0
J03WQQ,1,0:03:01,DFL-OBJ-J0157X,DFL-OBJ-0026RH,4.958154898750138,17.27965044088046,12.1,17.1,2.3479587098605226,7.605294208641766,0,2.6499999999999986,14.619999999999997,37.88,-31.35,False,0
J03WQQ,1,0:03:06.080000,DFL-OBJ-J01KJ5,DFL-OBJ-0002EL,4.360733883189849,100.21858175243251,28.55,17.7,0.9270494321292078,8.10264154458285,3,20.28,79.44,26.94,13.72,False,0
J03WQQ,1,0:03:06.720000,DFL-OBJ-J01KJ5,DFL-OBJ-0002EL,3.735906851087164,85.50355574674781,28.47,23.57,1.0034975889950892,7.505784436019996,2,17.54,75.18,22.68,16.46,False,0
J03WQQ,1,0:03:13.280000,DFL-OBJ-002GM1,DFL-OBJ-0026V5,4.174326292948362,54.99590083729616,1.27,9.78,1.8777184881524644,7.932742274900906,2,15.66,45.74,-6.76,18.34,False,0
J03WQQ,1,0:03:15.120000,DFL-OBJ-002G5J,DFL-OBJ-J014L2,4.917936559167879,21.69521559527749,3.85,18.85,4.751217530759386,6.451519200932444,1,32.26,42.730000000000004,-9.77,1.74,False,0
J03WQQ,1,0:03:16.200000,DFL-OBJ-J014L2,DFL-OBJ-002G5J,0.5600892785976179,135.10027252540743,11.83,10.49,3.393066383742059,6.141416774653873,4,31.61,61.7,-9.2,2.39,False,0
J03WQQ,1,0:03:18.720000,DFL-OBJ-002FZR,DFL-OBJ-0000NZ,4.914061456677155,50.020846326788714,10.12,20.11,4.382198427547146,10.108298570976226,2,21.61,51.59,0.91,12.39,False,0
J03WQQ,1,0:03:21.480000,DFL-OBJ-J0130T,DFL-OBJ-002FZR,2.467387282126582,98.93449201405244,1.59,13.37,-0.13413932796812134,8.358115816378712,3,30.97,57.61,5.11,3.03,False,0
J03WQQ,1,0:03:26.200000,DFL-OBJ-002G5J,DFL-OBJ-002GIY,4.9320583938148985,25.457942704710543,4.98,16.15,2.8155010798836044,5.322800015029684,2,25.3,54.01,1.51,8.7,False,0
J03WQQ,1,0:03:38.200000,DFL-OBJ-0026RH,DFL-OBJ-J0157X,4.878401377500626,6.965463588771525,5.4,19.62,4.883388377973234,8.818628011204463,1,1.5300000000000011,53.08,0.58,-32.47,False,0
J03WQQ,1,0:03:40.680000,DFL-OBJ-002GMO,DFL-OBJ-J0157X,4.902295380737477,10.233222786921603,10.2,25.69,4.894279769720972,13.777735663018069,0,5.510000000000002,66.44,13.94,-28.49,False,0
J03WQQ,1,0:03:44.040000,DFL-OBJ-002GM9,DFL-OBJ-0027QN,4.9653297977073,26.276340291556696,21.62,24.09,1.7049703744473055,12.072534945072638,1,32.93,79.16,26.66,-1.07,False,0
J03WQQ,1,0:03:47.760000,DFL-OBJ-0000NZ,DFL-OBJ-002FZR,4.8719811165479685,26.607391652765244,8.72,19.94,4.389314693947594,17.323743821703207,0,2.75,71.18,18.68,31.25,False,0
J03WQQ,1,0:03:53.560000,DFL-OBJ-J01PRP,DFL-OBJ-002G5J,4.953231268576098,15.355072937221282,13.01,21.78,1.7660604949238712,10.777536824339782,1,11.079999999999998,76.43,-23.93,22.92,False,0
J03WQQ,1,0:03:59.440000,DFL-OBJ-0027QN,DFL-OBJ-J0130T,4.888813762049031,38.84793326280378,18.53,22.58,2.9546335427505643,5.971205908357206,1,22.15,48.22,4.28,11.85,False,0
J03WQQ,1,0:04:00.600000,DFL-OBJ-0026V5,DFL-OBJ-002GM1,3.2433624527641074,38.32719244896176,21.2,23.53,1.0916278354183317,8.142137311541731,1,14.59,38.16,14.34,19.41,False,0
J03WQQ,1,0:04:03.400000,DFL-OBJ-002FZR,DFL-OBJ-002GM1,4.981967482832461,71.03908380386748,17.49,17.61,4.9062448483951915,12.033287165193059,1,5.969999999999999,26.17,26.33,28.03,False,0
J03WQQ,1,0:04:06,DFL-OBJ-0002EL,DFL-OBJ-0000NZ,4.760556690136143,53.426969021480794,26.11,20.77,7.2465193878855345,5.2100863716449055,1,4.390000000000001,10.530000000000001,41.97,29.61,False,0
J03WQQ,1,0:04:57.600000,DFL-OBJ-J01PRP,DFL-OBJ-00008K,4.879354465500534,35.37668086433421,3.34,16.38,3.9236678306998662,19.10392629801529,0,4.59,63.31,-10.81,29.41,False,0
J03WQQ,1,0:04:59.120000,DFL-OBJ-0002EL,DFL-OBJ-002GM1,4.516857314549574,14.776867877970307,14.4,22.07,2.8782704337684706,13.883695473468151,0,1.1099999999999994,47.6,4.9,32.89,False,0
J03WQQ,1,0:05:00.320000,DFL-OBJ-0002EL,DFL-OBJ-002GM1,1.7602840679844827,38.24817119566725,23.24,24.23,0.9917034825695409,8.059832504463104,2,4.510000000000002,52.53,-0.03,29.49,False,0
J03WQQ,1,0:05:12.080000,DFL-OBJ-002GNL,DFL-OBJ-002G5J,4.934632711762853,45.75119175351952,7.86,15.36,5.352132843199,11.48613947329563,0,27.63,64.91,-12.41,-6.37,False,0
J03WQQ,1,0:05:14.760000,DFL-OBJ-J01PRP,DFL-OBJ-00008K,4.995447927863925,33.52715809498267,6.93,18.25,5.067326466427986,17.64433336796831,0,14.66,69.58,-17.08,19.34,False,0
J03WQQ,1,0:05:20.360000,DFL-OBJ-0026RH,DFL-OBJ-J0157X,4.267130183155888,72.18950361207791,1.03,17.92,2.548948921662959,9.839806908674579,0,15.260000000000002,74.64,22.14,-18.74,False,0
J03WQQ,1,0:05:32.920000,DFL-OBJ-002GN4,DFL-OBJ-002FXT,4.899387716847894,23.546521329290943,1.12,12.49,3.10293536673804,15.8812373573346,0,2.129999999999999,64.82,-12.32,-31.87,False,0
J03WQQ,1,0:05:34.520000,DFL-OBJ-002GN4,DFL-OBJ-002FXT,4.348241023678427,5.710593137499441,10.39,8.77,-0.9097730254674652,14.514671887438586,0,1.0799999999999983,67.9,-15.4,-32.92,False,0
J03WQQ,1,0:05:38.160000,DFL-OBJ-002GNL,DFL-OBJ-002G5J,4.991192242340503,61.69005411786216,9.18,15.65,2.4476893958605594,13.632673985686006,0,22.380000000000003,76.21000000000001,-23.71,-11.62,False,0
J03WQQ,1,0:05:42.040000,DFL-OBJ-J01PRP,DFL-OBJ-00008K,4.973630464761129,28.144860377850428,1.46,15.86,4.690412881569392,19.05955141130032,0,12.84,82.78999999999999,-30.29,21.16,False,0
J03WQQ,1,0:05:45.800000,DFL-OBJ-002GNL,DFL-OBJ-002G5J,4.965178748041202,52.67572506966568,5.99,14.43,2.6941086007688653,14.76802288730621,1,32.79,86.57,-34.07,-1.21,False,0
J03WQQ,1,0:05:48.920000,DFL-OBJ-002GN4,DFL-OBJ-002FXT,4.959758058615358,49.326111864680186,15.45,17.95,5.548097714582898,16.245276236494103,0,7.890000000000001,74.23,-21.73,-26.11,False,0
J03WQQ,1,0:06:09.280000,DFL-OBJ-0028FW,DFL-OBJ-002FZR,4.9756708090467585,38.01978279467302,12.2,18.91,1.9428430024004562,15.935494971917256,0,31.34,97.02000000000001,44.52,2.66,False,0
J03WQQ,1,0:06:14.120000,DFL-OBJ-002FXT,DFL-OBJ-J0157X,2.5809494377069835,140.1439521708879,13.24,7.5,-3.1927723916661326,5.831654996654038,2,17.9,47.29,-5.21,-16.1,False,0
J03WQQ,1,0:06:15.520000,DFL-OBJ-J014L2,DFL-OBJ-002G5J,3.9173970950109207,33.57893001125746,16.68,15.35,1.9241488767225545,6.1749331980192315,2,14.45,56.22,-3.72,-19.55,False,0
J03WQQ,1,0:06:16.720000,DFL-OBJ-J0157X,DFL-OBJ-002G5J,4.883697369821353,0.6458405494728124,7.61,19.76,4.517475470675296,8.442754289922217,2,13.989999999999998,63.32,-10.82,-20.01,False,0
J03WQQ,1,0:06:19.240000,DFL-OBJ-002GN4,DFL-OBJ-002G5J,4.973932046178357,9.394438732652551,4.01,18.85,4.45795680678811,15.190971002539632,1,14.61,77.02,-24.52,-19.39,False,0
J03WQQ,1,0:06:21.960000,DFL-OBJ-J0157X,DFL-OBJ-0026RH,4.9268651290653365,9.998424229643371,4.85,15.2,6.000383410388728,7.266808102599105,1,6.109999999999999,69.72,-17.22,-27.89,False,0
J03WQQ,1,0:06:22.920000,DFL-OBJ-002GIY,DFL-OBJ-002FXT,2.9217118269945797,22.775665265002623,15.85,20.73,0.7971092023480131,11.212537625354933,0,19.880000000000003,59.46,-6.96,-14.12,False,0
J03WQQ,1,0:06:27.200000,DFL-OBJ-J014L2,DFL-OBJ-J0130T,4.8880466446219595,35.59860176704732,3.74,9.36,3.3881544329906843,6.082795410006815,1,3.1000000000000014,45.15,7.35,-30.9,False,0
J03WQQ,1,0:06:36.760000,DFL-OBJ-J01PRP,DFL-OBJ-J01KJ5,4.958164983136402,9.811574835184226,14.66,21.2,4.5734560960726585,6.441746657545608,1,31.740000000000002,58.269999999999996,-5.77,-2.26,False,0
J03WQQ,1,0:06:54.400000,DFL-OBJ-002GN4,DFL-OBJ-002FXT,4.720762650250486,22.849534157783513,9.73,23.65,6.848596048564635,7.252282399355391,3,29.46,86.43,-33.93,-4.54,False,0
J03WQQ,1,0:06:54.880000,DFL-OBJ-002FXT,DFL-OBJ-002GN4,1.3073637596323346,21.44093151912565,21.45,9.92,7.039870040282459,5.418680651228674,2,28.63,21.16,-31.34,-5.37,False,0
J03WQQ,1,0:06:57.800000,DFL-OBJ-J01KJ5,DFL-OBJ-002GNL,3.9243980430124554,68.59941974661011,17.82,10.68,1.6994620945091,4.232363405947086,0,33.49,24.15,-28.35,0.51,False,0
J03WQQ,1,0:07:43.960000,DFL-OBJ-002GNL,DFL-OBJ-002G5J,4.991913460788357,12.795290074883374,6.69,17.3,2.012283143348539,5.252361373706119,0,14.46,70.62,-18.12,-19.54,False,0
J03WQQ,1,0:07:46.640000,DFL-OBJ-002GIY,DFL-OBJ-J01KJ5,3.5065652710308965,77.42106476250697,12.2,10.94,1.934813387634804,8.140589659232308,1,26.71,74.9,-22.4,-7.29,False,0
J03WQQ,1,0:07:48.640000,DFL-OBJ-J01PRP,DFL-OBJ-00008K,4.834263128957712,22.843302752992475,17.44,25.81,4.880282322496012,18.537124911916628,0,19.18,79.17,-26.67,14.82,False,0
J03WQQ,1,0:07:51.240000,DFL-OBJ-0026V5,DFL-OBJ-0000NZ,0.7324616030891997,81.26938157424017,22.8,21.84,0.7287532171583966,11.984823736709687,1,16.35,52.73,-0.23,17.65,False,0
J03WQQ,1,0:07:52.480000,DFL-OBJ-00008K,DFL-OBJ-J01PRP,2.8999999999999977,2.7943620545926704,6.39,12.11,1.724164306496736,5.0223699584956885,3,10.29,37.28,-15.22,23.71,False,0
J03WQQ,1,0:07:54.040000,DFL-OBJ-J01KJ5,DFL-OBJ-002GIY,4.892320512803713,48.24396191450812,6.0,14.85,3.6721858587765643,8.309999999999999,3,19.77,44.54,-7.96,14.23,False,0
J03WQQ,1,0:07:54.720000,DFL-OBJ-002G5J,DFL-OBJ-002GNL,2.7960329039551732,1.0482601793202135,3.31,17.0,2.893015685594543,6.416977481649753,3,25.740000000000002,37.1,-15.4,8.26,False,0
J03WQQ,1,0:07:56.600000,DFL-OBJ-002GIY,DFL-OBJ-002G5J,1.665893153836704,9.305372087637387,14.63,9.79,2.176402660403314,6.670269859608381,4,22.91,68.89,-16.39,11.09,False,0
J03WQQ,1,0:07:58.600000,DFL-OBJ-0002EL,DFL-OBJ-002GM1,4.881024482626573,13.44694444423893,11.6,6.84,4.502322061508203,9.240048701170357,2,7.41,69.8,-17.3,26.59,False,0
J03WQQ,1,0:08:03.320000,DFL-OBJ-0027QN,DFL-OBJ-0000NZ,4.873079108736077,70.88247322032298,19.84,26.64,3.0100842314665033,11.72259783495109,0,9.32,26.44,26.06,24.68,False,0
J03WQQ,1,0:08:07.400000,DFL-OBJ-J0130T,DFL-OBJ-002FZR,2.3505318547086334,37.529105422814986,24.05,16.95,-1.9073877122783538,14.7700914012067,2,23.25,97.77000000000001,45.27,10.75,False,0
J03WQQ,1,0:08:14.400000,DFL-OBJ-J01PRP,DFL-OBJ-00008K,2.380021008310641,13.052412061361933,3.17,16.46,5.975890838136354,8.996404837489251,1,8.91,44.62,7.88,25.09,False,0
J03WQQ,1,0:08:15.120000,DFL-OBJ-0002EL,DFL-OBJ-00008K,4.95105039360336,51.12836060335057,7.62,13.36,0.7319125280827121,7.673753970515344,1,2.5,41.64,10.86,31.5,False,0
J03WQQ,1,0:08:59.560000,DFL-OBJ-J0157X,DFL-OBJ-0026RH,4.921148239994405,6.693768027310616,4.63,17.32,3.6405057676470376,16.93212922228035,0,8.829999999999998,20.42,32.08,-25.17,False,0
J03WQQ,1,0:09:00,DFL-OBJ-J0157X,DFL-OBJ-0026RH,3.327762010721322,9.254406865295888,8.93,12.31,3.584848414719187,15.632008828042544,0,8.84,21.16,31.34,-25.16,False,0
J03WQQ,1,0:09:38,DFL-OBJ-0002EL,DFL-OBJ-002GM1,4.979407595286814,16.928742112572525,12.57,11.03,1.4354870979239531,15.310013063351711,1,1.3599999999999994,46.94,5.56,32.64,False,0
J03WQQ,1,0:09:47.440000,DFL-OBJ-J01PRP,DFL-OBJ-002FXT,4.984425744255802,42.17016393800437,17.64,18.34,3.6195528538830724,11.883172976945174,0,12.32,49.28,3.22,21.68,False,0
J03WQQ,1,0:10:00.400000,DFL-OBJ-002GNL,DFL-OBJ-002G5J,4.994156585450641,12.960951535369919,7.51,15.0,3.0220664195984903,11.197079976493873,0,22.259999999999998,65.99,-13.49,11.74,False,0
J03WQQ,1,0:10:02.640000,DFL-OBJ-J01PRP,DFL-OBJ-002FXT,4.970362159843081,7.816682299693759,3.31,10.98,3.6466060718456594,14.853316128057058,0,3.1700000000000017,65.59,-13.09,30.83,False,0
J03WQQ,1,0:10:10.360000,DFL-OBJ-002GN4,DFL-OBJ-00008K,4.925616712656398,43.2698944487834,14.75,21.43,3.928648882162211,13.391941606802204,0,8.579999999999998,62.3,-9.8,-25.42,False,0
J03WQQ,1,0:10:12.440000,DFL-OBJ-J014L2,DFL-OBJ-J0130T,3.762578902827155,43.34941016157426,13.27,16.66,1.5280166072466317,5.30292372187268,2,13.39,45.35,7.15,-20.61,False,0
J03WQQ,1,0:10:21.480000,DFL-OBJ-0026V5,DFL-OBJ-J0130T,4.950717119771639,58.91190909074695,22.61,22.1,2.4354698568972455,9.260604731873613,1,26.8,30.08,22.42,7.2,False,0
J03WQQ,1,0:11:10.600000,DFL-OBJ-0028FW,DFL-OBJ-0027QN,4.946190453268049,68.7004260388163,17.79,9.65,2.787493872739617,11.197321108193693,2,29.42,97.99000000000001,45.49,-4.58,False,0
J03WQQ,1,0:11:12.040000,DFL-OBJ-0028FW,DFL-OBJ-0027QN,1.854561942885705,71.14047835024947,9.54,10.72,1.466872950652588,9.915855989272938,1,29.68,92.14,39.64,-4.32,False,0
J03WQQ,1,0:11:15.960000,DFL-OBJ-002GM1,DFL-OBJ-0002EL,4.986882793890387,31.809995571633056,3.22,13.56,4.143350651909842,17.140268375961913,0,7.039999999999999,69.78999999999999,17.29,26.96,False,0
J03WQQ,1,0:11:17.840000,DFL-OBJ-002G5J,DFL-OBJ-002GIY,2.963865718955569,14.49687896175629,10.98,26.17,7.969400206019601,8.812014525634874,1,3.3299999999999983,55.74,3.24,30.67,False,0
J03WQQ,1,0:11:30.640000,DFL-OBJ-J0130T,DFL-OBJ-0027QN,3.281051660672228,2.8793412014759086,11.48,13.7,1.3631954337903551,11.900928535202622,1,16.44,85.22999999999999,32.73,17.56,False,0
J03WQQ,1,0:11:32.200000,DFL-OBJ-0000NZ,DFL-OBJ-002FZR,4.9862310415783995,20.390516065414655,15.93,20.86,6.211948998899463,11.133701091730458,1,3.3099999999999987,85.87,33.37,30.69,False,0
J03WQQ,1,0:12:06.680000,DFL-OBJ-002GMO,DFL-OBJ-J014L2,4.934713770828053,78.0644396835244,23.3,21.62,3.447008684853252,11.119626792298384,0,7.199999999999999,36.8,-15.7,-26.8,False,0
J03WQQ,1,0:12:07.800000,DFL-OBJ-0026RH,DFL-OBJ-J0157X,4.894118919683091,52.02794515981717,15.91,15.34,4.9126799867581035,8.894520785292483,2,0.759999999999998,25.24,-27.26,-33.24,False,0
J03WQQ,1,0:12:50.600000,DFL-OBJ-0002EL,DFL-OBJ-002GMO,4.334616476690872,26.049728874378346,12.9,12.53,3.2837456325551195,24.657412678543544,0,5.68,101.41,-48.91,28.32,False,0
J03WQQ,1,0:12:53.080000,DFL-OBJ-002FZR,DFL-OBJ-002GM9,4.872011904747361,30.069335993010217,8.52,23.86,4.724573901039523,6.7741420120927485,1,19.34,69.74,-17.24,14.66,False,0
J03WQQ,1,0:12:55.720000,DFL-OBJ-0027QN,DFL-OBJ-002GM9,4.106494855713326,67.26299503617552,18.24,14.17,3.923988369847964,6.96259290781818,3,28.57,70.55,-18.05,5.43,False,0
J03WQQ,1,0:13:02.520000,DFL-OBJ-002GN4,DFL-OBJ-00008K,4.9915528645903375,28.614736906785353,5.71,8.2,1.159964014062611,17.868656916511657,0,12.54,70.95,-18.45,-21.46,False,0
J03WQQ,1,0:13:10.840000,DFL-OBJ-0002EL,DFL-OBJ-002GM1,4.902948092729518,25.594633492797684,4.64,10.41,3.43396893983392,10.975103644157535,1,0.35999999999999943,49.6,2.9,33.64,False,0
J03WQQ,1,0:13:14.400000,DFL-OBJ-002GIY,DFL-OBJ-002G5J,2.6661020235542376,1.0554803914234359,19.97,21.03,0.5618207674773779,6.565257039903311,0,19.369999999999997,42.81,9.69,14.63,False,0
J03WQQ,1,0:13:14.920000,DFL-OBJ-002GIY,DFL-OBJ-002G5J,2.5452701231892854,31.55555049256057,19.71,23.35,0.22682658883986795,4.552713476598323,0,18.68,39.980000000000004,12.52,15.32,False,0
J03WQQ,1,0:13:16.520000,DFL-OBJ-0027QN,DFL-OBJ-0000NZ,4.13087157873493,27.187661728132777,21.54,24.75,1.7219392781615461,6.643327479509044,2,9.8,25.11,27.39,24.2,False,0
J03WQQ,1,0:13:18.720000,DFL-OBJ-0027QN,DFL-OBJ-0000NZ,2.138831456660389,49.73170461056907,23.17,20.81,-1.5824405448347683,12.940513900150954,1,2.5599999999999987,12.71,39.79,31.44,False,0
J03WQQ,1,0:13:30.320000,DFL-OBJ-J01KJ5,DFL-OBJ-0027QN,3.951025183417586,35.86234130572319,7.85,11.72,2.401738731698858,6.066143750357391,2,4.370000000000001,86.67,34.17,29.63,False,0
J03WQQ,1,0:13:57.880000,DFL-OBJ-002GMO,DFL-OBJ-J014L2,4.996498774141753,43.90285229178269,1.52,11.04,3.498202711209437,28.188283026818077,0,8.149999999999999,98.53,46.03,-25.85,False,0
J03WQQ,1,0:14:06.200000,DFL-OBJ-0026V5,DFL-OBJ-002GM1,4.921991466875983,35.49743109825807,21.68,18.47,7.673963371867063,7.298109344206893,2,17.44,47.01,5.49,16.56,False,0
J03WQQ,1,0:14:13.280000,DFL-OBJ-0002EL,DFL-OBJ-002GM1,4.912758899030157,6.300790527207894,6.82,12.3,4.815507526249198,14.894723898078809,1,2.789999999999999,49.82,2.68,31.21,False,0
J03WQQ,1,0:14:19,DFL-OBJ-J014L2,DFL-OBJ-J0130T,4.936851223198851,71.22681779910633,20.62,24.19,2.226717126162121,9.108600331554786,0,21.6,27.8,24.7,-12.4,False,0
J03WQQ,1,0:14:21,DFL-OBJ-J0157X,DFL-OBJ-0026RH,4.866425793125792,54.96382754272139,17.32,19.93,5.668207299346963,14.913349724324178,0,5.73,12.11,40.39,-28.27,False,0
J03WQQ,1,0:14:48.080000,DFL-OBJ-0000NZ,DFL-OBJ-0026V5,4.940789410610413,28.38112595685391,6.15,6.52,3.5688069191682104,11.133454091161466,1,2.039999999999999,90.42,37.92,31.96,False,0
J03WQQ,1,0:14:49.400000,DFL-OBJ-J01KJ5,DFL-OBJ-002GIY,4.823359824852381,22.22498863731223,3.97,20.4,3.839025543841401,9.188960768226188,2,2.3200000000000003,75.03999999999999,22.54,31.68,False,0
J03WQQ,1,0:15:35.200000,DFL-OBJ-002G5J,DFL-OBJ-J014L2,4.888046644621962,7.481692147559049,6.61,16.52,4.141500056733102,15.426328143793649,0,1.8299999999999983,58.07,5.57,-32.17,False,0
J03WQQ,1,0:15:36.560000,DFL-OBJ-0026RH,DFL-OBJ-J0157X,2.270022026324856,3.3257351933627226,11.79,13.56,0.059761844953183374,8.300361437913411,2,4.539999999999999,45.26,-7.24,-29.46,False,0
J03WQQ,1,0:15:37.160000,DFL-OBJ-002FXT,DFL-OBJ-002GIY,1.767088000072435,4.764965377442363,16.82,18.73,0.6133087216609973,5.730558437011179,2,10.5,45.09,-7.41,-23.5,False,0
J03WQQ,1,0:15:37.680000,DFL-OBJ-002FXT,DFL-OBJ-002GIY,1.2091732712891088,10.591879060305672,17.68,21.99,1.1258618275590304,5.378122348924388,2,9.309999999999999,42.99,-9.51,-24.69,False,0
J03WQQ,1,0:16:09.200000,DFL-OBJ-0002EL,DFL-OBJ-002GM1,4.986481725625791,12.708727323695186,6.32,14.2,4.138087299852686,11.128472491766333,1,1.5300000000000011,96.33,-43.83,32.47,False,0
J03WQQ,1,0:16:11.720000,DFL-OBJ-002FXT,DFL-OBJ-002GIY,3.2351352367405,18.873948618074948,14.85,21.09,5.2235527070097,7.4368071105818,2,25.53,13.979999999999997,-38.52,8.47,False,0
J03WQQ,1,0:16:12.400000,DFL-OBJ-00008K,DFL-OBJ-002GNL,2.257875107263464,71.89251715291059,19.32,26.04,3.2884317877411773,4.745039515114703,3,20.03,10.399999999999999,-42.1,13.97,False,0
J03WQQ,1,0:16:49.920000,DFL-OBJ-002G5J,DFL-OBJ-002FZR,4.983753605466468,5.90806841336372,4.01,13.32,2.4257805806539046,19.644523409846318,0,14.510000000000002,28.78,-23.72,-19.49,False,0
J03WQQ,1,0:16:52.680000,DFL-OBJ-0026RH,DFL-OBJ-002FZR,4.985910147605949,45.569056859215614,18.15,21.48,3.5869574034928986,7.822742485854944,0,7.280000000000001,14.880000000000003,-37.62,-26.72,False,0
J03WQQ,1,0:16:56.400000,DFL-OBJ-J01KJ5,DFL-OBJ-0026V5,4.934541518722889,1.6409942598519573,4.05,13.02,3.5870762670954703,10.985431261448046,1,27.03,26.05,-26.45,-6.97,False,0
J03WQQ,1,0:17:00.200000,DFL-OBJ-002GM1,DFL-OBJ-J014L2,4.848308983552924,65.24589879811768,15.47,8.58,5.835424243092186,13.619489711439265,1,12.27,14.5,-38.0,21.73,False,0
J03WQQ,1,0:17:53.040000,DFL-OBJ-002FZR,DFL-OBJ-002G5J,4.917234995401381,54.73839648205557,3.84,11.74,3.342309052678356,6.247599539022967,2,9.23,33.08,19.42,-24.77,False,0
J03WQQ,1,0:17:54.240000,DFL-OBJ-J0157X,DFL-OBJ-0026RH,4.971156807021885,23.8180976498269,1.08,13.44,3.753887859825893,9.472539258298172,2,1.0499999999999972,35.93,16.57,-32.95,False,0
J03WQQ,1,0:17:56.040000,DFL-OBJ-002GN4,DFL-OBJ-00008K,4.996048438516184,5.484492833649433,7.79,16.28,2.5801310582025105,13.397899089036311,1,4.43,50.88,1.62,-29.57,False,0
J03WQQ,1,0:17:57.440000,DFL-OBJ-002FZR,DFL-OBJ-002GMO,2.9441637182738334,6.4825193258026745,2.27,18.6,4.411936477354875,5.6360003548615945,2,10.84,34.230000000000004,18.27,-23.16,False,0
J03WQQ,1,0:18:04.200000,DFL-OBJ-00008K,DFL-OBJ-002GN4,3.270244639166923,128.38989464854845,12.25,3.97,-2.8356092570938527,4.1281593961473915,3,1.5300000000000011,58.51,6.01,-32.47,False,0
J03WQQ,1,0:18:07.640000,DFL-OBJ-002FXT,DFL-OBJ-J01PRP,1.7551353224181891,86.21510817010541,31.05,31.48,2.28608482806388,2.241539649437413,1,19.41,31.47,-21.03,-14.59,False,0
J03WQQ,1,0:18:11.920000,DFL-OBJ-002G5J,DFL-OBJ-0026V5,4.54281850837121,24.288667086848385,8.65,10.87,3.164166660504397,8.623920222265511,2,24.73,33.67,-18.83,-9.27,False,0
J03WQQ,1,0:18:12.440000,DFL-OBJ-002G5J,DFL-OBJ-0026V5,2.8549080545614753,27.515042632691006,13.7,14.42,3.2360429794720647,7.610532175873116,2,26.29,33.269999999999996,-19.23,-7.71,False,0
J03WQQ,1,0:18:17.800000,DFL-OBJ-002GM1,DFL-OBJ-0002EL,1.1486513831446024,130.76360520094102,16.43,3.74,0.40947272924017397,8.06397544639119,1,12.71,9.740000000000002,-42.76,21.29,False,0
J03WQQ,1,0:18:19,DFL-OBJ-002GM1,DFL-OBJ-0026V5,1.2280065146406993,129.2042660130701,14.07,15.27,3.3000798665187094,2.456175889467204,2,18.07,8.04,-44.46,15.93,False,0
J03WQQ,1,0:18:24.680000,DFL-OBJ-0000NZ,DFL-OBJ-0002EL,4.9432782644718705,15.40023753882185,9.92,14.94,2.9947356550218007,12.522879061940985,1,3.0199999999999996,15.880000000000003,-36.62,30.98,False,0
J03WQQ,1,0:18:28.440000,DFL-OBJ-0028LZ,DFL-OBJ-00008K,2.100595153760002,33.73781252424457,9.47,18.3,3.28230523472352,11.602469564709061,0,30.54,103.6,-51.1,3.46,False,0
J03WQQ,1,0:18:30.040000,DFL-OBJ-0028LZ,DFL-OBJ-00008K,1.9915069670980317,145.9478376010605,5.23,7.58,-2.252850140937142,14.539415394024616,0,28.42,102.22999999999999,-49.73,5.58,False,0
J03WQQ,1,0:18:43.960000,DFL-OBJ-002GIY,DFL-OBJ-J01KJ5,4.908737108462827,28.789316264243006,10.71,23.31,4.1107890381707675,7.62817147159134,1,15.89,76.4,-23.9,18.11,False,0
J03WQQ,1,0:18:51.320000,DFL-OBJ-002GM9,DFL-OBJ-0027QN,1.4579437574886083,31.251385104860294,28.17,30.8,0.7089464126965844,25.185672514348315,0,7.399999999999999,78.19,25.69,26.6,False,0
J03WQQ,1,0:19:00.600000,DFL-OBJ-002GM9,DFL-OBJ-J014L2,4.911140397097197,26.85383265533684,11.51,16.22,3.2316017700078548,14.88282567256635,0,3.1799999999999997,88.1,35.6,30.82,False,0
J03WQQ,1,0:19:13.440000,DFL-OBJ-J0130T,DFL-OBJ-002FZR,4.991532830704411,42.538231099207216,5.92,4.5,2.5603874841071472,10.012632021601513,1,20.7,64.99,12.49,-13.3,False,0
J03WQQ,1,0:19:16.640000,DFL-OBJ-002G5J,DFL-OBJ-J0157X,4.765259699113995,9.441749009384822,11.77,12.6,7.507104355090544,8.939826620242698,1,4.760000000000002,52.16,-0.34,-29.24,False,0
J03WQQ,1,0:19:23.280000,DFL-OBJ-J0130T,DFL-OBJ-002FZR,4.92603288661373,46.32703701597185,4.86,12.8,2.547496631027759,8.797840644158088,2,17.28,63.11,10.61,-16.72,False,0
J03WQQ,1,0:19:33.480000,DFL-OBJ-0000NZ,DFL-OBJ-0027QN,2.1852459815773626,48.89110460950898,21.67,23.99,-0.496665014600417,5.34090816247574,2,9.399999999999999,34.1,-18.4,24.6,False,0
J03WQQ,1,0:19:34.520000,DFL-OBJ-0027QN,DFL-OBJ-0000NZ,0.9476286192385686,68.99980052442768,24.77,20.22,1.8134067841845685,2.322068043792,2,10.719999999999999,76.61,-24.11,23.28,False,0
J03WQQ,1,0:19:38.680000,DFL-OBJ-J014L2,DFL-OBJ-002G5J,4.0686361351194815,10.72398752225005,8.4,22.97,4.1551547566042775,10.020019960059964,4,21.810000000000002,79.61,-27.11,12.19,False,0
J03WQQ,1,0:19:39.840000,DFL-OBJ-0027QN,DFL-OBJ-002GM1,2.6673769887288152,13.96621124737199,6.2,11.68,1.6262847690219884,4.838026457141382,2,12.48,79.84,-27.34,21.52,False,0
J03WQQ,1,0:19:41.600000,DFL-OBJ-0002EL,DFL-OBJ-002GM1,4.980491943573447,36.61918316828412,7.13,19.56,4.689091754151719,13.099133559132833,0,1.1799999999999997,76.5,-24.0,32.82,False,0
J03WQQ,1,0:19:42.600000,DFL-OBJ-0027QN,DFL-OBJ-0000NZ,3.950556922764184,161.41766273931597,10.83,4.41,2.2089552263630408,5.291370332909992,3,11.329999999999998,72.17,-19.67,22.67,False,0
J03WQQ,1,0:19:43.240000,DFL-OBJ-0000NZ,DFL-OBJ-0027QN,3.4187863343590212,52.42380176720911,5.86,5.3,0.365560461398855,5.875797818169035,0,12.940000000000001,36.239999999999995,-16.26,21.06,False,0
J03WQQ,1,0:19:54.520000,DFL-OBJ-0026RH,DFL-OBJ-J0157X,4.970191143205663,74.11206512824612,8.2,3.09,2.3404034228305504,8.916254819149126,1,6.43,24.55,-27.95,-27.57,False,0
J03WQQ,1,0:19:58.120000,DFL-OBJ-00008K,DFL-OBJ-002GNL,0.8220097323024838,43.49616028587689,25.41,25.0,1.0200772935807816,7.48577985249366,3,21.619999999999997,9.04,-43.46,-12.38,False,0
J03WQQ,1,0:20:05.600000,DFL-OBJ-002GMO,DFL-OBJ-002FZR,4.305542939049616,33.1605714056685,14.84,20.59,3.0985468450115206,27.165899580172198,0,8.09,50.99,-1.51,-25.91,False,0
J03WQQ,1,0:20:14.160000,DFL-OBJ-002GM1,DFL-OBJ-0002EL,4.962710952695105,8.697895281140193,3.17,12.74,4.074898048873052,8.51693019814064,1,0.3400000000000034,27.46,-25.04,33.66,False,0
J03WQQ,1,0:20:15.920000,DFL-OBJ-J01KJ5,DFL-OBJ-J01PRP,0.48093658625643865,142.54425251298392,17.72,19.66,0.3789949944457563,6.18000809060959,2,5.079999999999998,18.25,-34.25,28.92,False,0
J03WQQ,1,0:20:19.640000,DFL-OBJ-002GIY,DFL-OBJ-002G5J,2.6321284163201426,1.764911391492634,9.66,17.36,3.950971614899619,10.080892817603015,2,17.45,90.7,-38.2,16.55,False,0
J03WQQ,1,0:20:26.400000,DFL-OBJ-J014L2,DFL-OBJ-J0130T,4.9817667548772295,131.30818834543447,20.73,13.29,1.3341653459446023,14.517289691950078,0,28.71,66.33,-13.83,5.29,False,0
J03WQQ,1,0:20:34.920000,DFL-OBJ-0002EL,DFL-OBJ-002GM1,4.932068531559552,64.26451723838667,22.38,18.44,2.9855885281895045,8.27253890894446,0,19.95,34.32,18.18,14.05,False,0
J03WQQ,1,0:20:36.920000,DFL-OBJ-0027QN,DFL-OBJ-0000NZ,0.8122191822408537,27.142164457476216,12.29,12.84,1.0672335086073739,4.336473221409307,2,23.009999999999998,18.42,34.08,10.99,False,0
J03WQQ,1,0:22:06,DFL-OBJ-002GN4,DFL-OBJ-002FXT,4.81269155462928,6.482162616388102,11.24,19.36,5.592490954316212,16.290371389259363,1,23.23,70.53999999999999,-18.04,-10.77,False,0
J03WQQ,1,0:22:11.680000,DFL-OBJ-0028LZ,DFL-OBJ-00008K,4.867627758980754,18.377706937187625,9.07,24.47,6.025795949672843,6.7927166877472525,0,16.55,92.93,-40.43,-17.45,False,0
J03WQQ,1,0:22:18.800000,DFL-OBJ-002GM9,DFL-OBJ-0027QN,3.609986149557918,7.479946565572559,14.32,19.24,1.6724934364956434,9.560188282664729,1,23.85,71.77,19.27,-10.15,False,0
J03WQQ,1,0:22:25.840000,DFL-OBJ-002GMO,DFL-OBJ-0027QN,2.860017482464049,14.167478487665964,17.95,19.59,0.1506411932174645,9.98183349891191,1,10.04,83.14,30.64,-23.96,False,0
J03WQQ,1,0:22:33.600000,DFL-OBJ-J01PRP,DFL-OBJ-J01KJ5,4.993846213090667,34.43662698135456,16.2,28.37,3.4457995591659474,13.430134027626083,1,24.93,66.03,-13.53,9.07,False,0
J03WQQ,1,0:22:43,DFL-OBJ-J01PRP,DFL-OBJ-00008K,4.892535130175358,8.153038277563793,7.03,11.2,4.305061419862863,16.282978842951312,0,11.02,75.14,-22.64,22.98,False,0
J03WQQ,1,0:22:46.280000,DFL-OBJ-002GNL,DFL-OBJ-002G5J,4.9998499977499336,37.470434473869275,11.46,13.54,2.63134490183472,17.254857287152507,1,32.35,80.73,-28.23,1.65,False,0
J03WQQ,1,0:22:48.880000,DFL-OBJ-002GN4,DFL-OBJ-002FXT,4.841094917474765,44.841643328958476,17.3,17.53,4.6933373965494924,17.301757136198624,0,10.030000000000001,68.17,-15.67,-23.97,False,0
J03WQQ,1,0:22:53.640000,DFL-OBJ-J014L2,DFL-OBJ-J0130T,4.141521459560483,0.4115012754121275,4.27,14.09,1.9528002693209112,4.6788887569592825,3,12.989999999999998,44.16,8.34,-21.01,False,0
J03WQQ,1,0:22:54.840000,DFL-OBJ-0027QN,DFL-OBJ-002GMO,0.5246903848937958,64.31342645640856,7.69,7.45,0.4446908447905429,7.390331521657198,3,19.83,37.66,14.84,-14.17,False,0
J03WQQ,1,0:22:56.240000,DFL-OBJ-J0130T,DFL-OBJ-0027QN,1.4930840565755172,115.97383482647702,15.27,8.78,2.4580591968583487,5.774495648972298,3,16.89,66.53999999999999,14.04,-17.11,False,0
J03WQQ,1,0:22:58.080000,DFL-OBJ-002FXT,DFL-OBJ-002GN4,3.657239396047243,9.635660482193794,6.09,14.15,1.6630340280402744,6.624711314464956,2,13.309999999999999,52.91,0.41,-20.69,False,0
J03WQQ,1,0:23:01.160000,DFL-OBJ-0027QN,DFL-OBJ-002GMO,4.240672116540019,156.9848577921542,10.93,16.17,-2.609613912746825,8.810136207800648,4,15.95,36.86,15.64,-18.05,False,0
J03WQQ,1,0:23:44.840000,DFL-OBJ-002GM9,DFL-OBJ-0026V5,4.922600938528331,25.011299362523186,9.44,13.12,4.953458545871252,16.963254404742035,0,21.16,91.02000000000001,38.52,12.84,False,0
J03WQQ,1,0:23:45.640000,DFL-OBJ-002GM9,DFL-OBJ-0026V5,2.080024038322634,35.914709295382124,21.17,18.62,2.635276527466218,14.476608718895458,0,22.07,87.61,35.11,11.93,False,0
J03WQQ,1,0:23:49.680000,DFL-OBJ-J01KJ5,DFL-OBJ-002GIY,4.9860705971736925,37.85268040126606,18.1,23.63,4.263933614898758,7.680104165960252,1,15.079999999999998,56.82,4.32,18.92,False,0
J03WQQ,1,0:23:54.800000,DFL-OBJ-002GM1,DFL-OBJ-002GIY,4.951464429842951,95.59205720901623,13.08,5.35,2.4702446089775165,10.306046768766384,0,2.5100000000000016,26.85,-25.65,31.49,False,0
J03WQQ,1,0:23:59.920000,DFL-OBJ-002GIY,DFL-OBJ-J01KJ5,2.696757312032359,26.085083399532092,12.37,15.25,2.6672113531985198,9.520320372760569,2,17.63,89.72999999999999,-37.23,16.37,False,0
J03WQQ,1,0:24:01.040000,DFL-OBJ-J01PRP,DFL-OBJ-J01KJ5,4.917245163707009,24.45320072987366,10.24,15.2,3.7788541452034297,9.941046222606552,3,19.15,96.19,-43.69,14.85,False,0
J03WQQ,1,0:24:14.120000,DFL-OBJ-002G5J,DFL-OBJ-J014L2,4.977881075317088,53.01695616110653,11.16,21.21,2.1923222826499744,11.915922121262792,1,15.649999999999999,38.68,-13.82,-18.35,False,0
J03WQQ,1,0:24:19.960000,DFL-OBJ-00008K,DFL-OBJ-002GN4,4.8441511124241385,39.20505145381507,10.5,18.11,3.6888706187845077,8.751285619838947,1,4.34,15.090000000000003,-37.41,-29.66,False,0
J03WQQ,1,0:24:23.760000,DFL-OBJ-002GM1,DFL-OBJ-0002EL,2.8010355228022363,46.93210151658204,11.68,6.54,3.734176301722457,10.695854337078455,1,22.82,14.96,-37.54,11.18,False,0
J03WQQ,1,0:24:26.520000,DFL-OBJ-0002EL,DFL-OBJ-002GM1,1.4675489770362005,126.45667090390003,0.66,2.55,-0.09667074055854152,8.788862269941427,6,33.0,89.28999999999999,-36.79,1.0,False,0
J03WQQ,1,0:24:28.560000,DFL-OBJ-J01KJ5,DFL-OBJ-0027QN,3.5556293395122096,19.53837503278028,6.48,9.76,0.6801481451551161,6.783877947015263,1,25.0,19.700000000000003,-32.8,9.0,False,0
J03WQQ,1,0:24:35.720000,DFL-OBJ-002GIY,DFL-OBJ-002GM1,4.982087915723692,40.774472421718144,14.49,11.95,5.7455528591252225,6.658408218185484,6,26.09,94.09,-41.59,7.91,False,0
J03WQQ,1,0:24:44.520000,DFL-OBJ-0000NZ,DFL-OBJ-002FZR,4.1419802027532695,8.62250473400513,17.7,15.42,0.15010779852379308,6.589908952330069,1,3.0199999999999996,32.11,-20.39,30.98,False,0
J03WQQ,1,0:24:44.800000,DFL-OBJ-002G5J,DFL-OBJ-002FZR,3.531147122395212,23.891219425059077,2.8,15.48,5.265126907698631,6.594277822476088,1,2.3000000000000007,31.91,-20.59,31.7,False,0
J03WQQ,1,0:24:54,DFL-OBJ-002GM9,DFL-OBJ-002FZR,4.920365840057017,34.215829317053995,10.54,14.71,2.274621410584472,17.15923657975494,0,14.54,57.08,4.58,19.46,False,0
J03WQQ,1,0:24:57.720000,DFL-OBJ-002GM1,DFL-OBJ-0002EL,2.77045122678599,66.21356620939454,6.32,9.14,2.288839377361672,3.9173588040923697,3,10.489999999999998,26.34,-26.16,23.51,False,0
J03WQQ,1,0:25:00.680000,DFL-OBJ-0000NZ,DFL-OBJ-0026V5,4.993615924357818,52.4512202038382,11.08,17.28,3.120466749711599,10.167718524821582,2,1.7000000000000028,25.15,-27.35,32.3,False,0
J03WQQ,1,0:25:06.840000,DFL-OBJ-0026RH,DFL-OBJ-J0157X,3.5013711599886133,5.73613026757937,9.34,21.71,4.900326162556469,11.014626639155772,1,10.120000000000001,23.53,-28.97,-23.88,False,0
J03WQQ,1,0:25:10.720000,DFL-OBJ-J0130T,DFL-OBJ-0027QN,3.571134273588715,31.311648780039096,15.06,22.17,4.2902627042230845,12.142693276205241,0,12.91,41.980000000000004,-10.52,-21.09,False,0
J03WQQ,1,0:25:11.440000,DFL-OBJ-0026RH,DFL-OBJ-J0157X,2.312249986485025,22.838201943241295,6.87,11.55,0.41640052994283194,7.110253160049928,1,6.73,35.21,-17.29,-27.27,False,0
J03WQQ,1,0:25:13.600000,DFL-OBJ-J0130T,DFL-OBJ-0027QN,4.732958905378327,6.0307767495397835,17.33,15.1,-0.7268806163014796,8.532350203783245,0,9.32,47.59,-4.91,-24.68,False,0
J03WQQ,1,0:25:36.440000,DFL-OBJ-0000NZ,DFL-OBJ-0026V5,4.921178720591237,11.77796449086543,1.02,10.09,3.4658911392200076,17.154372620413724,0,7.140000000000001,66.75,14.25,26.86,False,0
J03WQQ,1,0:25:56.600000,DFL-OBJ-0000NZ,DFL-OBJ-0026V5,4.9463117572591395,9.428924927033533,7.73,12.84,3.3445078416547003,17.218280982722984,0,4.5,63.44,10.94,29.5,False,0
J03WQQ,1,0:25:57.880000,DFL-OBJ-J0130T,DFL-OBJ-0027QN,3.365248876383439,4.972976749400287,15.98,20.95,1.3932532862500957,5.040039682383463,0,19.759999999999998,57.230000000000004,4.73,14.24,False,0
J03WQQ,1,0:26:00.640000,DFL-OBJ-J01PRP,DFL-OBJ-00008K,2.8805555019822138,14.699682858735356,10.87,16.14,7.983328068219003,10.955277267143902,1,11.45,64.2,-11.7,22.55,False,0
J03WQQ,1,0:26:04.280000,DFL-OBJ-002GNL,DFL-OBJ-00008K,4.925768975500171,27.19953746036942,12.6,20.37,2.855160614188108,10.016471434592123,1,27.48,67.53999999999999,-15.04,6.52,False,0
J03WQQ,1,0:26:07.760000,DFL-OBJ-002GN4,DFL-OBJ-002FXT,4.8728328516377415,18.72514693426797,9.15,15.94,4.326779127818554,15.11146915425499,0,20.91,73.01,-20.51,-13.09,False,0
J03WQQ,1,0:26:15.840000,DFL-OBJ-J01PRP,DFL-OBJ-00008K,4.965047834613478,27.933882357088734,7.54,7.87,5.1986339179730185,19.36653040686431,0,17.53,77.39,-24.89,16.47,False,0
J03WQQ,1,0:26:19.160000,DFL-OBJ-002GNL,DFL-OBJ-002G5J,4.964876634922562,21.537375505092715,5.53,11.32,1.9829464808053343,15.050162789817257,1,32.27,81.99,-29.49,1.73,False,0
J03WQQ,1,0:26:24.360000,DFL-OBJ-J01PRP,DFL-OBJ-00008K,4.922123525471504,8.09814200552323,1.6,20.9,6.757547740363705,16.683884439782002,1,12.649999999999999,86.42,-33.92,21.35,False,0
J03WQQ,1,0:26:26.600000,DFL-OBJ-0026V5,DFL-OBJ-0000NZ,3.5691035288990984,65.92490434942256,22.59,29.87,4.930489894208617,8.39876776676198,1,8.879999999999999,72.01,-19.51,25.12,False,0
J03WQQ,1,0:26:28.200000,DFL-OBJ-00008K,DFL-OBJ-0026V5,3.567534162415269,79.5635904783974,5.76,22.14,3.0679281271262338,5.896066485378197,3,6.280000000000001,25.18,-27.32,27.72,False,0
J03WQQ,1,0:26:30.280000,DFL-OBJ-0000NZ,DFL-OBJ-J01PRP,2.7727242920997406,67.5945911166346,30.27,26.23,1.0839939704653634,8.287255275421415,1,5.23,8.939999999999998,-43.56,28.77,False,0
J03WQQ,1,0:26:36.120000,DFL-OBJ-J014L2,DFL-OBJ-J0130T,4.998569795451494,116.74200969768776,10.08,2.1,1.8681369387173974,11.898239365553207,3,25.32,85.68,-33.18,-8.68,False,0
J03WQQ,1,0:27:13.520000,DFL-OBJ-0002EL,DFL-OBJ-002GM1,4.944097490948169,23.011861465903326,7.66,12.74,6.521294875190549,16.919612879732206,0,1.8800000000000026,67.7,-15.2,32.12,False,0
J03WQQ,1,0:27:15.400000,DFL-OBJ-002FZR,DFL-OBJ-0000NZ,4.927930600160681,55.427496449143845,2.62,10.95,3.0774541036530323,5.799284438618269,1,1.1499999999999986,55.83,-3.33,32.85,False,0
J03WQQ,1,0:27:18.760000,DFL-OBJ-0002EL,DFL-OBJ-002GM1,2.4686230980042287,54.519422980007825,4.36,8.65,1.3868812472681924,7.536345268099121,2,14.02,50.08,2.42,19.98,False,0
J03WQQ,1,0:28:06.760000,DFL-OBJ-002FZR,DFL-OBJ-J0130T,3.490229218833629,31.481514344575654,22.82,26.62,3.3336816977166994,10.700845760966747,2,25.64,33.93,18.57,8.36,False,0
J03WQQ,1,0:28:07.120000,DFL-OBJ-002FZR,DFL-OBJ-J0130T,2.576373420139249,25.70305815797374,22.23,27.99,2.5368863409172393,9.158034723672978,2,27.42,32.54,19.96,6.58,False,0
J03WQQ,1,0:28:10.080000,DFL-OBJ-002GMO,DFL-OBJ-002FZR,1.4940214188558345,54.11896452457853,12.22,5.28,2.6285637417928673,7.424957912338627,2,32.76,85.50999999999999,33.01,-1.24,False,0
J03WQQ,1,0:28:21.920000,DFL-OBJ-002GMO,DFL-OBJ-002GN4,4.741402746023585,38.0128252751556,4.22,17.6,1.7324463587674788,6.220972592770361,1,20.619999999999997,15.990000000000002,-36.51,-13.38,False,0
J03WQQ,1,0:28:22.440000,DFL-OBJ-002GN4,DFL-OBJ-002GMO,2.9049784852903815,174.8241131293408,16.33,2.26,3.572970253158708,10.620230694292852,0,18.02,89.19,-36.69,-15.98,False,0
J03WQQ,1,0:28:31.280000,DFL-OBJ-002GIY,DFL-OBJ-J01KJ5,1.9984994370777294,20.005913728815315,9.71,21.68,3.440464333558416,7.552747844327918,2,20.98,81.57,-29.07,-13.02,False,0
J03WQQ,1,0:28:35.520000,DFL-OBJ-0026V5,DFL-OBJ-00008K,4.955249741435844,30.550216032340767,9.48,20.56,3.823676903519362,12.752572289542217,2,31.7,71.91,-19.41,-2.3,False,0
J03WQQ,1,0:28:43.480000,DFL-OBJ-0026V5,DFL-OBJ-00008K,4.955037840420595,25.32444555064901,11.59,14.63,2.1124053989485114,10.494074518508052,1,13.07,55.71,-3.21,20.93,False,0
J03WQQ,1,0:28:59.640000,DFL-OBJ-0027QN,DFL-OBJ-002GM9,2.245172599155797,146.93118918719458,11.16,11.56,-0.7189300675668647,2.9209929818470988,3,32.3,28.08,24.42,-1.7,False,0
J03WQQ,1,0:29:00.760000,DFL-OBJ-002GM9,DFL-OBJ-0027QN,3.8008025468313913,34.75298683367439,10.54,8.47,-1.351047834488588,7.369803253818923,1,31.56,82.43,29.93,-2.44,False,0
J03WQQ,1,0:29:06.960000,DFL-OBJ-0026RH,DFL-OBJ-J014L2,4.969708240933262,29.992752554669682,18.07,20.91,3.042730561434819,20.07500186799493,0,3.9400000000000013,82.67,30.17,-30.06,False,0
J03WQQ,1,0:29:18.320000,DFL-OBJ-J01PRP,DFL-OBJ-00008K,4.934774564253163,22.852135941564445,7.49,17.9,4.682537729304552,9.927200008058666,1,25.64,56.62,-4.12,8.36,False,0
J03WQQ,1,0:29:24.400000,DFL-OBJ-J014L2,DFL-OBJ-J0130T,4.799802079252852,24.14894950078001,8.96,16.18,6.5197584211374,9.293573048080054,1,7.789999999999999,51.25,1.25,-26.21,False,0
J03WQQ,1,0:29:26.280000,DFL-OBJ-002GN4,DFL-OBJ-002FXT,4.968400144915865,5.994082749514739,2.63,11.93,2.5085424974230874,10.148349619519422,1,10.91,60.41,-7.91,-23.09,False,0
J03WQQ,1,0:29:33.360000,DFL-OBJ-0027QN,DFL-OBJ-002GMO,4.5617978911828185,56.059238571451104,26.77,18.79,-3.578496389086785,6.7446349048706855,0,18.759999999999998,11.689999999999998,40.81,-15.24,False,0
J03WQQ,1,0:29:36.200000,DFL-OBJ-0028FW,DFL-OBJ-002FZR,4.874525617944791,21.780986824763264,4.45,8.14,3.9896326044071317,13.25555355313387,1,30.14,102.84,50.34,-3.86,False,0
J03WQQ,1,0:29:58.840000,DFL-OBJ-J01KJ5,DFL-OBJ-002FZR,4.934146329406943,47.44873476889589,5.73,5.86,2.462649246078963,13.18483977907961,1,12.7,43.06,-9.44,21.3,False,0
J03WQQ,1,0:30:00.120000,DFL-OBJ-002G5J,DFL-OBJ-002GIY,4.923464227553602,21.802929953923293,3.37,9.24,1.252428067357556,6.656740944336049,2,16.35,33.5,-19.0,17.65,False,0
J03WQQ,1,0:30:06.840000,DFL-OBJ-0000NZ,DFL-OBJ-002FZR,4.921991466875984,36.44601853967978,8.09,8.99,1.8555297982571806,14.841041068604316,0,9.280000000000001,49.99,-2.51,24.72,False,0
J03WQQ,1,0:30:21.280000,DFL-OBJ-002GM9,DFL-OBJ-0027QN,4.942590413942875,8.269586401903156,2.03,14.05,3.372239742344716,16.039554233207355,0,26.63,58.31,5.81,-7.37,False,0
J03WQQ,1,0:30:25.560000,DFL-OBJ-0000NZ,DFL-OBJ-002FZR,4.9312878642399305,1.9270706178641814,7.24,13.09,3.4542270762024208,18.719129253253207,0,4.579999999999998,59.34,6.84,29.42,False,0
J03WQQ,1,0:30:33.840000,DFL-OBJ-002G5J,DFL-OBJ-0026V5,4.993525808484425,3.641434639374165,1.28,12.51,3.4095999954999368,5.992829048120763,1,0.18999999999999773,56.21,3.71,33.81,False,0
J03WQQ,1,0:30:35.920000,DFL-OBJ-0000NZ,DFL-OBJ-0026V5,4.884557298261532,20.14161809172894,6.24,18.36,5.3383218517487485,14.023444655290652,0,3.6000000000000014,68.45,15.95,30.4,False,0
J03WQQ,1,0:30:38.160000,DFL-OBJ-J01PRP,DFL-OBJ-002GM1,4.636722980726798,178.69270113116033,17.3,2.03,-5.504114949727226,6.633829964658427,3,7.600000000000001,49.06,3.44,26.4,False,0
J03WQQ,1,0:30:42.640000,DFL-OBJ-0026V5,DFL-OBJ-002GM1,4.908818595140789,29.16607339123834,16.6,29.44,5.197301668275662,5.626944108483748,1,12.190000000000001,26.34,26.16,21.81,False,0
J03WQQ,1,0:31:51.720000,DFL-OBJ-J0157X,DFL-OBJ-00008K,4.1340778899290225,42.256498553710095,2.59,2.44,0.2303743559226934,5.318994265836354,2,14.969999999999999,28.64,23.86,-19.03,False,0
J03WQQ,1,0:31:58.280000,DFL-OBJ-0002EL,DFL-OBJ-002GM1,4.9291479994011125,13.792347617735638,1.26,12.64,3.864818224341149,14.116674537581433,0,2.370000000000001,31.18,21.32,31.63,False,0
J03WQQ,1,0:32:00.760000,DFL-OBJ-J01PRP,DFL-OBJ-00008K,4.985107822304347,13.73375478652782,13.56,24.25,8.938632267484268,9.315814510819761,1,15.260000000000002,47.39,5.11,18.74,False,0
J03WQQ,1,0:32:03.120000,DFL-OBJ-002GNL,DFL-OBJ-00008K,4.946524032085562,24.46994532107273,6.16,19.53,4.257656053052852,9.017638271742774,0,27.77,55.12,-2.62,6.23,False,0
J03WQQ,1,0:32:09.360000,DFL-OBJ-0026RH,DFL-OBJ-J014L2,4.993245437588661,64.79791334120185,28.27,31.12,2.348103483530788,11.05495364078927,0,5.460000000000001,50.96,-1.54,-28.54,False,0
J03WQQ,1,0:32:10.760000,DFL-OBJ-002G5J,DFL-OBJ-002GIY,3.5680807165757895,111.16447310472489,6.42,16.43,-0.3638810284011895,8.82592771327751,1,18.95,40.269999999999996,-12.23,-15.05,False,0
J03WQQ,1,0:32:21.360000,DFL-OBJ-0002EL,DFL-OBJ-00008K,4.931896187066392,27.42823692400997,8.42,13.36,3.576410072298115,7.353672551861418,2,16.64,89.52000000000001,-37.02,17.36,False,0
J03WQQ,1,0:32:26.920000,DFL-OBJ-0002EL,DFL-OBJ-J01KJ5,4.882499359958995,29.54966090638459,6.27,14.75,3.375892820101767,11.704174468966189,1,2.6900000000000013,83.48,-30.98,31.31,False,0
J03WQQ,1,0:32:28,DFL-OBJ-0027QN,DFL-OBJ-002GM1,3.4303644121288337,39.733804394865594,16.71,18.59,0.5090353096405309,8.39286601823239,2,4.210000000000001,71.76,-19.26,29.79,False,0
J03WQQ,1,0:32:32.520000,DFL-OBJ-J01KJ5,DFL-OBJ-0026V5,3.323808057033375,35.78865226209231,10.78,10.71,4.894006848338341,4.007804885470351,4,7.170000000000002,35.65,-16.85,26.83,False,0
J03WQQ,1,0:32:34.320000,DFL-OBJ-0026V5,DFL-OBJ-J01KJ5,1.6033090781256127,129.58446069824606,5.87,8.66,-0.9535632164928459,6.784408596185816,2,8.149999999999999,70.89,-18.39,25.85,False,0
J03WQQ,1,0:32:35,DFL-OBJ-0026V5,DFL-OBJ-J01KJ5,1.4733974345029912,60.97151021648749,7.11,4.39,0.47853716807387536,5.514607873638886,2,7.050000000000001,70.22,-17.72,26.95,False,0
J03WQQ,1,0:32:36.680000,DFL-OBJ-0002EL,DFL-OBJ-J01KJ5,4.934014592601038,9.63008406724637,3.29,17.06,3.535415622958702,8.91529023644211,1,5.899999999999999,77.5,-25.0,28.1,False,0
J03WQQ,1,0:32:39.160000,DFL-OBJ-J01PRP,DFL-OBJ-00008K,4.9506868210380635,36.878000925053264,19.68,22.25,2.2344302329536347,11.631083354528933,1,20.55,85.33,-32.83,13.45,False,0
J03WQQ,1,0:32:54.560000,DFL-OBJ-J01PRP,DFL-OBJ-00008K,4.9754798763536385,22.151361310303166,2.84,12.88,4.125418154627629,18.355435162370846,0,18.64,80.55,-28.05,15.36,False,0
J03WQQ,1,0:33:03,DFL-OBJ-002GN4,DFL-OBJ-002FXT,4.921971149854498,49.007261374960876,7.2,11.96,4.138345826181364,12.653746480785838,0,7.68,70.0,-17.5,-26.32,False,0
J03WQQ,1,0:33:12.200000,DFL-OBJ-J01PRP,DFL-OBJ-00008K,4.841260166526893,33.73976355008067,13.57,17.85,5.926425979150305,19.72745548721375,0,14.059999999999999,72.65,-20.15,19.94,False,0
J03WQQ,1,0:33:13.440000,DFL-OBJ-0002EL,DFL-OBJ-002GM1,4.9610684333115165,68.29251141972307,12.63,14.66,5.242760336780059,14.784995772742041,0,1.8900000000000006,52.61,-0.11,32.11,False,0
J03WQQ,1,0:33:21,DFL-OBJ-J0157X,DFL-OBJ-0026RH,4.827463101878665,1.6637581758339854,7.1,16.44,5.904951370907465,11.742887208859667,2,7.48,49.19,3.31,-26.52,False,0
J03WQQ,1,0:33:22.760000,DFL-OBJ-J014L2,DFL-OBJ-002GMO,2.219234102117216,41.28670021423423,11.93,17.67,3.392622211121459,7.265046455460558,1,6.289999999999999,35.2,17.3,-27.71,False,0
J03WQQ,1,0:33:24.840000,DFL-OBJ-J0157X,DFL-OBJ-0026RH,4.893883938141564,7.314415537914472,1.7,15.94,3.7156036311894325,10.988812492712759,0,-0.14999999999999858,45.47,7.03,-34.15,False,0
J03WQQ,1,0:33:28,DFL-OBJ-002GN4,DFL-OBJ-002FXT,4.850041236938094,27.826487879082723,8.0,15.25,5.609044758622965,12.061981595077983,1,12.719999999999999,58.44,-5.94,-21.28,False,0
J03WQQ,1,0:33:31.560000,DFL-OBJ-002GNL,DFL-OBJ-002G5J,4.8781143898026835,26.68662336726459,5.87,16.33,5.013814089122419,8.691432563162415,0,27.53,66.65,-14.15,-6.47,False,0
J03WQQ,1,0:33:33.680000,DFL-OBJ-J01PRP,DFL-OBJ-00008K,4.892197870078437,42.89769643588156,16.63,20.46,4.896111088935921,17.835049761635094,0,16.66,65.6,-13.1,17.34,False,0
J03WQQ,1,0:33:35.480000,DFL-OBJ-0000NZ,DFL-OBJ-002FZR,1.4729901561110303,45.48823181485532,16.41,22.1,4.30583638380836,11.112596456274293,2,17.42,62.33,9.83,16.58,False,0
J03WQQ,1,0:33:36.520000,DFL-OBJ-00008K,DFL-OBJ-J01PRP,2.322068043791999,19.766154017524297,9.08,12.33,0.9409862035622718,8.729083571601317,2,11.77,46.55,-5.95,22.23,False,0
J03WQQ,1,0:33:37.280000,DFL-OBJ-J01KJ5,DFL-OBJ-002GIY,4.81016631729091,32.5504620710169,7.56,8.14,3.517830328481022,5.830617463013672,2,17.61,56.97,4.47,16.39,False,0
J03WQQ,1,0:33:38,DFL-OBJ-J01KJ5,DFL-OBJ-002GIY,2.232935287911407,34.61564638223637,6.3,11.55,3.6994315468123338,6.22382519034717,2,18.98,56.17,3.67,15.02,False,0
J03WQQ,1,0:33:42.640000,DFL-OBJ-J014L2,DFL-OBJ-J0130T,4.977429055245289,67.77915014514129,18.5,25.44,0.9817997961993541,9.467629059062254,1,25.53,43.56,8.94,-8.47,False,0
J03WQQ,1,0:33:49.120000,DFL-OBJ-0002EL,DFL-OBJ-002GM1,4.98290076160463,34.60451390167045,6.55,8.5,3.176385708521221,7.44468938237184,1,19.03,35.34,17.16,14.97,False,0
J03WQQ,1,0:33:51.680000,DFL-OBJ-002GIY,DFL-OBJ-J01KJ5,2.846067462306541,35.61487384125784,23.84,19.28,-1.4757981235172113,7.907591289387685,1,17.17,24.32,28.18,16.83,False,0
J03WQQ,1,0:33:53.480000,DFL-OBJ-0027QN,DFL-OBJ-0000NZ,1.4012137595670409,13.031554713845626,11.31,12.6,0.7000150892516743,6.816105926406953,2,20.39,13.86,38.64,13.61,False,0
J03WQQ,1,0:34:53.520000,DFL-OBJ-J0130T,DFL-OBJ-0027QN,3.7909629383574845,24.043105286577727,12.02,24.68,3.301726036304,14.222411891096394,0,31.59,77.15,24.65,2.41,False,0
J03WQQ,1,0:34:57.400000,DFL-OBJ-002GM1,DFL-OBJ-0002EL,3.591378565397972,9.482598393083103,17.51,15.14,6.036400405570524,10.992620251787104,1,4.02,53.21,0.71,29.98,False,0
J03WQQ,1,0:34:58.080000,DFL-OBJ-J01KJ5,DFL-OBJ-J01PRP,2.6615221208924793,69.90260533810583,16.62,10.01,4.513697775896875,5.085518655948478,1,12.079999999999998,52.48,-0.02,21.92,False,0
J03WQQ,1,0:34:58.920000,DFL-OBJ-002GIY,DFL-OBJ-J01KJ5,3.3449813153439294,171.53394436039247,5.42,2.21,2.403058775634157,5.5410558560620915,2,14.23,52.07,0.43,19.77,False,0
J03WQQ,1,0:35:01.920000,DFL-OBJ-0002EL,DFL-OBJ-002GM1,4.914804167004012,65.29046769736598,11.64,12.2,3.44806187339477,8.99749409558017,1,3.2300000000000004,45.769999999999996,6.73,30.77,False,0
J03WQQ,1,0:35:03.480000,DFL-OBJ-0026V5,DFL-OBJ-0000NZ,3.7129503093900933,29.93044504743578,26.18,25.44,1.0726350908358229,10.646389059206882,1,9.219999999999999,22.69,29.81,24.78,False,0
J03WQQ,1,0:35:57.040000,DFL-OBJ-0002EL,DFL-OBJ-J01KJ5,3.9321876862632075,14.137360300118926,15.96,22.94,2.617146017791324,20.316480994502964,0,17.54,33.03,19.47,16.46,False,0
J03WQQ,1,0:35:59.840000,DFL-OBJ-0026V5,DFL-OBJ-00008K,4.973087572122573,11.16123072949635,6.84,13.53,4.168485845251275,9.616007487517884,1,1.1799999999999997,25.77,26.73,32.82,False,0
J03WQQ,1,0:36:01.080000,DFL-OBJ-J01PRP,DFL-OBJ-0000NZ,4.788527957525153,50.350387684115134,22.76,22.88,3.8286207706326647,6.216912416947819,2,7.84,16.990000000000002,35.51,26.16,False,0
J03WQQ,1,0:36:38.640000,DFL-OBJ-0028FW,DFL-OBJ-002GN4,3.120544824225411,12.555106174103555,6.42,9.46,1.8357082930242186,7.888504294224602,0,29.740000000000002,103.88,51.38,4.26,False,0
J03WQQ,1,0:37:06.440000,DFL-OBJ-002G5J,DFL-OBJ-0002EL,2.316139028642279,59.5165058541552,24.78,24.61,-1.18484814157642,3.9527458810300473,1,8.260000000000002,69.21000000000001,16.71,25.74,False,0
J03WQQ,1,0:37:06.960000,DFL-OBJ-002G5J,DFL-OBJ-002GNL,2.221215883249534,6.084826804271413,25.47,25.91,2.892743263276747,2.6416850682850153,1,5.469999999999999,66.9,14.4,28.53,False,0
J03WQQ,1,0:37:12.040000,DFL-OBJ-J01KJ5,DFL-OBJ-002GNL,4.696913880411263,41.47239092071947,17.33,28.18,7.699631999750083,6.37735054705322,2,20.04,46.81,-5.69,13.96,False,0
J03WQQ,1,0:37:14.120000,DFL-OBJ-J01PRP,DFL-OBJ-J01KJ5,2.347956558371555,113.20903641681645,10.87,11.33,1.6338160210750563,9.566404758319607,4,21.57,62.18,-9.68,12.43,False,0
J03WQQ,1,0:37:14.920000,DFL-OBJ-J014L2,DFL-OBJ-J01KJ5,2.3345235059857505,145.70833120382483,3.95,1.53,-0.6869155968328156,6.029734654194992,6,24.4,61.769999999999996,-9.27,9.6,False,0
J03WQQ,1,0:37:16.200000,DFL-OBJ-0026V5,DFL-OBJ-002FXT,3.6499999999999995,160.5475068005596,8.24,11.02,-1.7860627472364898,5.28886566288084,4,18.59,60.79,-8.29,15.41,False,0
J03WQQ,1,0:37:23.880000,DFL-OBJ-J0130T,DFL-OBJ-0027QN,4.960645119336799,13.94712502337772,6.02,15.49,2.8784395575892496,6.611701747659221,1,19.53,55.35,2.85,14.47,False,0
J03WQQ,1,0:37:48.200000,DFL-OBJ-0026V5,DFL-OBJ-J0130T,4.996078462154091,70.28127386532789,21.29,10.95,4.136627052912864,8.582988989856622,1,12.54,39.58,12.92,-21.46,False,0
J03WQQ,1,0:37:49.760000,DFL-OBJ-002FZR,DFL-OBJ-002GMO,3.537937252128705,108.49511003775937,6.28,6.87,-1.9041569250535828,5.7257401268307655,1,20.59,24.36,28.14,-13.41,False,0
J03WQQ,1,0:37:52.760000,DFL-OBJ-J0157X,DFL-OBJ-0026RH,4.978754864421425,3.7008798231203075,4.5,12.81,4.241769165924949,8.990355944010224,1,4.920000000000002,24.86,27.64,-29.08,False,0
J03WQQ,1,0:37:58.040000,DFL-OBJ-0026V5,DFL-OBJ-J01KJ5,4.885672932155817,4.3397696696944,12.25,18.02,2.8870179530316387,8.135484005269756,2,12.46,35.17,17.33,-21.54,False,0
J03WQQ,1,0:38:01.360000,DFL-OBJ-002GIY,DFL-OBJ-002G5J,4.812036990714016,20.02114105433956,6.96,12.55,5.34771305210727,6.754257916307313,2,20.16,45.94,6.56,-13.84,False,0
J03WQQ,1,0:38:04.920000,DFL-OBJ-J01PRP,DFL-OBJ-002FXT,4.549131785297059,40.74637398107529,9.56,20.06,3.5266881463982758,18.819378310666906,0,17.83,45.47,7.03,16.17,False,0
J03WQQ,1,0:38:05.320000,DFL-OBJ-J01PRP,DFL-OBJ-002FXT,3.2895592409926286,45.02165828010654,9.94,16.79,3.1489313607610767,18.065428309342682,0,17.12,44.66,7.84,16.88,False,0
J03WQQ,1,0:38:13.160000,DFL-OBJ-0002EL,DFL-OBJ-002GM1,1.541590088188166,90.08014991906032,21.91,17.12,3.489729566624452,13.474839516669578,0,10.96,5.539999999999999,46.96,23.04,False,0
J03WQQ,1,0:38:52.920000,DFL-OBJ-J0157X,DFL-OBJ-002G5J,1.2844454056128616,88.49837497077564,28.49,28.53,1.5853695725636918,11.3842434970445,1,15.64,15.729999999999997,36.77,-18.36,False,0
J03WQQ,1,0:38:53.200000,DFL-OBJ-002G5J,DFL-OBJ-J0157X,0.7960527620704553,82.2736484268364,24.13,26.27,1.756950293014873,12.956805161767313,2,14.239999999999998,91.19,38.69,-19.76,False,0
J03WQQ,1,0:39:05.760000,DFL-OBJ-002FZR,DFL-OBJ-J0130T,3.7569269356749566,24.038804309019664,12.37,15.87,1.0479891697231591,6.345549621585194,3,13.57,28.87,23.63,-20.43,False,0
J03WQQ,1,0:39:07.600000,DFL-OBJ-J01KJ5,DFL-OBJ-002FZR,4.858075750747407,38.962301522334506,8.56,16.68,5.419725937473305,12.28301673042905,5,24.02,76.49,23.99,-9.98,False,0
J03WQQ,1,0:39:10.480000,DFL-OBJ-002GMO,DFL-OBJ-J014L2,4.9600907249767126,44.04200425541958,1.33,6.49,1.6937878746514623,6.778178221321714,1,14.829999999999998,81.25,28.75,-19.17,False,0
J03WQQ,1,0:39:14.040000,DFL-OBJ-0028FW,DFL-OBJ-0027QN,4.774191030949645,26.310293507862042,9.06,17.42,6.590197174170025,22.12671236311441,0,25.86,102.85,50.35,-8.14,False,0
J03WQQ,1,0:39:19.360000,DFL-OBJ-00008K,DFL-OBJ-002GNL,4.181865612379241,45.4539386944653,25.86,25.1,-1.3934830924611097,5.601044545439715,0,17.03,41.12,-11.38,-16.97,False,0
J03WQQ,1,0:39:21.960000,DFL-OBJ-00008K,DFL-OBJ-002GN4,4.982208345703739,59.926364353833435,28.16,31.69,2.1804152178639913,8.997271808720685,0,19.060000000000002,20.68,-31.82,-14.94,False,0
J03WQQ,1,0:39:48.080000,DFL-OBJ-002G5J,DFL-OBJ-0026V5,4.897448315194353,11.951134734176442,9.16,9.3,4.22576368745825,16.77230157134077,0,3.09,8.520000000000003,-43.98,-30.91,False,0
J03WQQ,1,0:39:50.920000,DFL-OBJ-J01KJ5,DFL-OBJ-002FZR,4.8126915546292794,3.8052515019572497,2.08,15.87,5.352243616856504,6.966735246871379,0,12.75,21.93,-30.57,-21.25,False,0
J03WQQ,1,0:39:53.480000,DFL-OBJ-J0130T,DFL-OBJ-0026V5,4.915811225016684,33.875246283377564,5.49,18.48,3.823607107250664,13.130552158991643,1,1.9799999999999969,12.780000000000001,-39.72,-32.02,False,0
J03WQQ,1,0:40:13.840000,DFL-OBJ-002GMO,DFL-OBJ-J0157X,4.97944776054534,11.74047098162708,9.53,24.88,4.4862927625659355,9.54184468538448,1,3.8200000000000003,51.67,-0.83,-30.18,False,0
J03WQQ,1,0:40:16.400000,DFL-OBJ-002G5J,DFL-OBJ-J0157X,4.989348654884725,9.024557135940805,20.66,29.01,2.8117722940699585,16.100164595431938,0,8.149999999999999,70.03,17.53,-25.85,False,0
J03WQQ,1,0:40:42.920000,DFL-OBJ-0028FW,DFL-OBJ-002FZR,4.971086400375678,32.801996868785466,10.67,17.63,2.788393882996325,11.77904919762202,0,25.93,102.93,50.43,8.07,False,0
J03WQQ,1,0:41:01.480000,DFL-OBJ-0002EL,DFL-OBJ-002GM1,4.954291069366027,50.92793772572261,13.89,17.74,4.744983053230227,16.792906240433783,0,1.5300000000000011,41.31,11.19,32.47,False,0
J03WQQ,1,0:41:03.320000,DFL-OBJ-J014L2,DFL-OBJ-J01KJ5,4.97883520514588,17.781942556841468,12.75,24.52,4.1935437359602235,11.607122813169505,0,19.39,35.18,17.32,14.61,False,0
J03WQQ,1,0:41:07.120000,DFL-OBJ-0027QN,DFL-OBJ-0000NZ,1.1269871339105855,85.64749030631872,28.46,29.24,2.3989126153057616,13.851303187787062,0,11.82,6.799999999999997,45.7,22.18,False,0
J03WQQ,1,0:41:33.120000,DFL-OBJ-0000NZ,DFL-OBJ-0027QN,4.974464795332258,19.827462305677095,0.77,12.52,3.608093214077488,18.395613607596783,0,1.8400000000000034,92.75,40.25,32.16,False,0
J03WQQ,1,0:41:55.760000,DFL-OBJ-0026V5,DFL-OBJ-002GM9,3.575136361035757,85.73142873340879,14.6,6.82,-2.460910688359813,6.753850753459098,3,26.5,27.24,25.26,7.5,False,0
J03WQQ,1,0:42:13.680000,DFL-OBJ-002GN4,DFL-OBJ-00008K,3.702998784768907,15.307779652730837,2.07,17.7,4.914680887653283,14.754758554446088,0,5.629999999999999,24.55,27.95,-28.37,False,0
J03WQQ,1,0:42:15.120000,DFL-OBJ-J0157X,DFL-OBJ-0026RH,4.926662156064692,31.52913697236888,9.2,11.55,3.330169367596636,6.911222757226107,1,1.6499999999999986,16.549999999999997,35.95,-32.35,False,0
J03WQQ,1,0:42:18.640000,DFL-OBJ-002GN4,DFL-OBJ-00008K,4.820124479720417,28.960809453345405,4.47,20.34,4.111371881368495,9.881912770309196,0,4.0,32.0,20.5,-30.0,False,0
J03WQQ,1,0:42:20.240000,DFL-OBJ-002FZR,DFL-OBJ-002GMO,0.5990826320300117,25.91797736903947,10.57,15.98,1.7335857310599414,7.610236527204658,3,22.45,19.880000000000003,32.62,-11.55,False,0
J03WQQ,1,0:42:20.800000,DFL-OBJ-002FZR,DFL-OBJ-002GMO,0.6706713054842904,27.344657109940062,15.68,12.15,-0.501412336356413,7.317513238799091,3,21.54,21.62,30.88,-12.46,False,0
J03WQQ,1,0:42:33,DFL-OBJ-J01PRP,DFL-OBJ-002FXT,4.997369307945932,10.216465679340164,21.09,23.22,1.1679273222252506,16.29433337083785,0,33.47,69.38,-16.88,0.53,False,0
J03WQQ,1,0:42:35.040000,DFL-OBJ-J014L2,DFL-OBJ-J0130T,4.823121395942672,21.311624498766044,9.51,26.53,5.140833810813397,11.6434745673274,1,15.420000000000002,50.99,1.51,-18.58,False,0
J03WQQ,1,0:42:36.480000,DFL-OBJ-002FZR,DFL-OBJ-002GMO,2.972490538252395,133.37128207552297,6.94,8.19,-1.5997921309630392,6.416112530185237,3,13.82,34.94,17.56,-20.18,False,0
J03WQQ,1,0:42:46.160000,DFL-OBJ-0000NZ,DFL-OBJ-0027QN,4.000124998046937,48.07153103130799,6.47,6.6,-0.530096024518586,8.298252828156057,1,27.759999999999998,100.31,47.81,6.24,False,0
J03WQQ,1,0:42:46.680000,DFL-OBJ-002GM1,DFL-OBJ-0002EL,1.4921461054467806,50.27780465170688,8.95,13.03,2.0502597025956093,7.925162458902657,4,22.61,98.4,45.9,11.39,False,0
J03WQQ,1,0:43:10.200000,DFL-OBJ-002GN4,DFL-OBJ-00008K,4.97003018099488,7.042609415274046,15.55,23.67,1.8039441904818831,5.825478521117385,0,32.02,61.19,-8.69,1.98,False,0
J03WQQ,1,0:43:26.640000,DFL-OBJ-002GNL,DFL-OBJ-002G5J,4.954038756408754,5.539590804153892,11.96,15.05,1.23001419923368,6.972660898107693,1,31.67,75.49,-22.99,-2.33,False,0
J03WQQ,1,0:43:28.400000,DFL-OBJ-0026V5,DFL-OBJ-J01KJ5,3.2409875038327436,24.60967403627919,20.99,21.31,-0.6363368962941507,8.929109698060607,1,30.740000000000002,62.08,-9.58,-3.26,False,0
J03WQQ,1,0:43:37.520000,DFL-OBJ-002GM1,DFL-OBJ-0002EL,0.758023746329889,114.43369232908618,16.73,20.31,0.6080636834878758,20.254443956820932,0,11.870000000000001,95.72,43.22,22.13,False,0
J03WQQ,1,0:43:37.960000,DFL-OBJ-002GM1,DFL-OBJ-0002EL,0.7566372975210754,170.1712324150383,17.46,15.59,-0.06385557115926366,20.656238767016614,0,9.899999999999999,96.38,43.88,24.1,False,0
J03WQQ,1,0:43:38.280000,DFL-OBJ-0002EL,DFL-OBJ-002GM1,0.6441273166075172,48.42643405767825,13.69,15.4,0.291161395461855,9.843576585774096,0,8.149999999999999,7.689999999999998,44.81,25.85,False,0
J03WQQ,1,0:44:00.120000,DFL-OBJ-J01KJ5,DFL-OBJ-0026V5,0.6826419266350404,142.0785643834146,17.35,18.66,-0.23925175750468014,2.4013329631685845,1,11.969999999999999,99.65,47.15,22.03,False,0
J03WQQ,1,0:44:02.200000,DFL-OBJ-002GM1,DFL-OBJ-0002EL,4.997969587742604,85.24320484553766,14.76,17.64,1.6272438883061402,6.4515734514922825,3,9.219999999999999,91.72999999999999,39.23,24.78,False,0
J03WQQ,1,0:44:12.240000,DFL-OBJ-J01PRP,DFL-OBJ-002G5J,4.9820578077738125,14.296740025127969,3.5,16.22,4.925897595467561,15.248744210589935,0,2.379999999999999,40.33,12.17,31.62,False,0
J03WQQ,1,0:44:14.240000,DFL-OBJ-0026V5,DFL-OBJ-J01KJ5,2.589073193248888,1.391440853165627,16.75,17.67,0.2816674667730179,6.026051775416473,3,8.850000000000001,28.66,23.84,25.15,False,0
J03WQQ,1,0:44:15.360000,DFL-OBJ-0002EL,DFL-OBJ-002GM1,4.279310692155921,2.3586020581530605,2.09,7.25,0.6804863834112762,5.982048144239564,1,0.21000000000000085,31.91,20.59,33.79,False,0
J03WQQ,1,0:44:17.640000,DFL-OBJ-0027QN,DFL-OBJ-J0130T,3.3451606837340417,14.685065524006745,16.18,14.49,-0.323856368002593,3.6988241374793676,1,18.42,26.09,26.41,15.58,False,0
J03WQQ,1,0:44:18.240000,DFL-OBJ-0027QN,DFL-OBJ-J0130T,4.252481628414166,28.74692484117772,18.03,7.64,-1.952926592180524,4.6223154370942705,1,15.71,26.19,26.31,18.29,False,0
J03WQQ,1,0:44:20.280000,DFL-OBJ-0026V5,DFL-OBJ-J01KJ5,4.938117050050557,64.79637130010454,1.24,7.95,1.4990202866796754,7.477599882315179,2,0.6400000000000006,20.86,31.64,33.36,False,0
J03WQQ,1,0:44:23.840000,DFL-OBJ-0002EL,DFL-OBJ-002GM1,4.845544345065886,27.13150816772539,3.28,11.78,3.5538008965130063,10.187408895298157,1,5.579999999999998,30.56,21.94,28.42,False,0
J03WQQ,1,0:44:24.840000,DFL-OBJ-0026V5,DFL-OBJ-J01KJ5,4.414748010928824,12.45618008201225,6.88,9.44,0.38487458547681097,5.963296068450738,1,1.509999999999998,25.04,27.46,32.49,False,0
J03WQQ,1,0:44:27.200000,DFL-OBJ-0002EL,DFL-OBJ-002G5J,4.9142344266426665,18.35841895022315,1.57,17.0,4.417201874333007,5.050158413356948,1,7.780000000000001,34.56,17.94,26.22,False,0
J03WQQ,1,0:45:08.160000,DFL-OBJ-0002EL,DFL-OBJ-J01KJ5,3.7489731927555847,12.738919318882632,11.07,16.82,2.3983996139812245,10.324727599312242,1,21.46,25.04,27.46,12.54,False,0
J03WQQ,1,0:45:08.520000,DFL-OBJ-0002EL,DFL-OBJ-J01KJ5,3.4351273629954395,37.96129850548784,9.43,15.87,0.9581231385297906,8.280247580839596,0,20.66,24.33,28.17,13.34,False,0
J03WQQ,1,0:45:09.160000,DFL-OBJ-002GN4,DFL-OBJ-002GMO,0.7547184905645313,153.10269609386322,0.96,7.33,-0.7885020945868898,4.2137156999493985,3,32.79,15.340000000000003,37.16,1.21,False,0
J03WQQ,1,0:45:11.040000,DFL-OBJ-002GNL,DFL-OBJ-002G5J,1.4300349646075092,30.070697071452816,8.67,14.48,3.8505859586207993,5.48566313220198,2,32.23,22.17,30.33,-1.77,False,0
J03WQQ,1,0:45:13.840000,DFL-OBJ-002GN4,DFL-OBJ-002GMO,1.5845504094221787,132.50046653905832,13.49,4.29,2.404990679674898,4.693591375482105,1,32.85,17.96,34.54,-1.15,False,0
J03WQQ,1,0:45:14.520000,DFL-OBJ-0027QN,DFL-OBJ-0026RH,0.5818075283115546,109.1431884873237,0.94,0.97,-0.25035936289965754,2.397665531303315,3,28.53,13.490000000000002,39.01,-5.47,False,0
J03WQQ,1,0:45:53.280000,DFL-OBJ-J0157X,DFL-OBJ-J01KJ5,4.0753404765737065,70.48996953903598,13.74,23.4,-0.45021738664394073,12.839349672004419,1,14.629999999999999,25.78,26.72,-19.37,False,0
J03WQQ,1,0:45:57.600000,DFL-OBJ-0028FW,DFL-OBJ-002GNL,0.9693296652842108,131.03208186201306,3.9,7.5,-0.6231505604710591,7.749322551036319,0,29.86,103.64,51.14,4.14,False,0
J03WQQ,2,0:00:05.160000,DFL-OBJ-0026RH,DFL-OBJ-J0157X,4.910010183288828,16.410739310555385,9.04,17.49,4.536596266049504,10.751506871132063,1,7.870000000000001,51.39,1.11,26.13,False,0
J03WQQ,2,0:00:10.360000,DFL-OBJ-002GIY,DFL-OBJ-00008K,0.8920201791439479,15.050470079733643,15.04,8.19,0.026190895613828202,4.574111935665764,4,32.2,68.15,15.65,-1.8,False,0
J03WQQ,2,0:00:24.760000,DFL-OBJ-0028FW,DFL-OBJ-002FZR,0.70936591403873,32.099950534666625,9.28,11.15,1.3735083153299994,23.52042941784865,0,14.120000000000001,95.17,-42.67,-19.88,False,0
J03WQQ,2,0:00:26.360000,DFL-OBJ-0028FW,DFL-OBJ-002FZR,1.5226621424334466,22.171408181100247,15.61,5.55,-2.0521967501313343,20.800600952857106,0,15.850000000000001,97.38,-44.88,-18.15,False,0
J03WQQ,2,0:00:38.680000,DFL-OBJ-002GMO,DFL-OBJ-0027QN,4.993085218579791,41.87926163368425,18.72,23.92,1.771146080116912,18.273130547336436,0,12.86,76.52,-24.02,21.14,False,0
J03WQQ,2,0:00:47.120000,DFL-OBJ-J0130T,DFL-OBJ-002GIY,3.194761336938957,70.44913940921693,18.88,16.24,3.4683356337717894,5.068569818005865,2,12.100000000000001,43.11,9.39,21.9,False,0
J03WQQ,2,0:00:49.760000,DFL-OBJ-002G5J,DFL-OBJ-002GN4,4.937367719747029,75.17046501075517,13.62,17.47,3.3608794751718407,8.612345789620852,2,3.34,27.29,25.21,30.66,False,0
J03WQQ,2,0:00:54,DFL-OBJ-J014L2,DFL-OBJ-002G5J,0.6907966415668222,60.06367921888418,22.71,20.7,0.5496561510068304,3.673499693752539,3,19.17,67.52,15.02,14.83,False,0
J03WQQ,2,0:00:54.800000,DFL-OBJ-002FZR,DFL-OBJ-J01KJ5,4.982710105956396,18.106059606831938,7.5,11.53,2.164805531999612,5.146066458956782,3,25.27,60.07,7.57,8.73,False,0
J03WQQ,2,0:00:57.280000,DFL-OBJ-002FZR,DFL-OBJ-002GMO,1.7066048165876013,62.12389475291152,23.63,21.76,-0.8714789046645943,4.362029344238757,2,14.3,57.47,4.97,19.7,False,0
J03WQQ,2,0:01:09.080000,DFL-OBJ-002GIY,DFL-OBJ-002FXT,4.950838312851673,121.14672422663143,16.65,10.31,2.789685352969986,6.504037207765651,1,33.27,63.980000000000004,11.48,-0.73,False,0
J03WQQ,2,0:01:12.600000,DFL-OBJ-J01PRP,DFL-OBJ-002FXT,4.9696881189869435,42.03218158623424,20.28,28.04,4.202659295529034,18.358877961357006,0,6.23,55.42,2.92,-27.77,False,0
J03WQQ,2,0:01:14.240000,DFL-OBJ-0027QN,DFL-OBJ-0000NZ,1.287633488225589,46.516208501628604,22.54,22.91,1.9220494230143974,8.864631972056142,2,11.629999999999999,40.59,-11.91,-22.37,False,0
J03WQQ,2,0:01:15.040000,DFL-OBJ-J01PRP,DFL-OBJ-002FXT,4.6476338065729745,65.53896564437338,14.75,13.43,-0.477607953606487,8.29781296487213,0,8.66,49.71,-2.79,-25.34,False,0
J03WQQ,2,0:01:23.640000,DFL-OBJ-J0157X,DFL-OBJ-0026RH,4.191002266761496,21.51416460579583,21.38,18.83,0.5998642826826672,10.593224249490806,0,6.02,46.32,-6.18,27.98,False,0
J03WQQ,2,0:01:28.960000,DFL-OBJ-0026V5,DFL-OBJ-J01KJ5,3.1112216250212716,15.850629663423451,13.95,15.09,1.3574877932975182,5.732608481311104,1,32.21,52.24,-0.26,-1.79,False,0
J03WQQ,2,0:01:36.040000,DFL-OBJ-J01PRP,DFL-OBJ-002FXT,4.965652021638246,45.366538346533915,21.59,19.61,3.018384323023886,13.794962848808257,0,4.48,53.72,1.22,-29.52,False,0
J03WQQ,2,0:01:38.360000,DFL-OBJ-0002EL,DFL-OBJ-002FXT,4.977730406520626,21.893822239907347,15.15,13.6,0.2620946047860251,12.715360789218684,0,2.3000000000000007,54.42,1.92,-31.7,False,0
J03WQQ,2,0:01:43.160000,DFL-OBJ-002GNL,DFL-OBJ-002G5J,4.928539337369642,41.971954645396096,12.45,18.74,1.7430126445482919,14.467636296230285,0,29.65,72.31,19.81,-4.35,False,0
J03WQQ,2,0:01:49.280000,DFL-OBJ-0028LZ,DFL-OBJ-002G5J,4.916787569134949,23.306645622142714,12.25,18.82,3.103586442267199,14.384870524269585,0,25.96,92.25999999999999,39.76,8.04,False,0
J03WQQ,2,0:02:04.640000,DFL-OBJ-002GIY,DFL-OBJ-J0130T,4.717054165472345,16.978028472862487,9.15,22.79,3.506404588881389,10.341769674480283,1,11.45,67.01,14.51,22.55,False,0
J03WQQ,2,0:02:08.800000,DFL-OBJ-J014L2,DFL-OBJ-00008K,4.946291540133882,19.414500994207597,12.03,22.65,2.414325276765097,12.179039370984889,1,4.809999999999999,58.730000000000004,6.23,29.19,False,0
J03WQQ,2,0:02:13.200000,DFL-OBJ-J0130T,DFL-OBJ-002GIY,4.961693259362171,40.989419310614124,5.61,8.88,2.1590983729189417,5.891858789889655,3,7.66,46.56,5.94,26.34,False,0
J03WQQ,2,0:02:14.040000,DFL-OBJ-00008K,DFL-OBJ-002FZR,2.3281967270830006,61.94182343908775,15.19,20.18,4.504235781604742,2.3623081932719954,3,9.45,51.17,1.33,24.55,False,0
J03WQQ,2,0:02:16.680000,DFL-OBJ-0026V5,DFL-OBJ-J0130T,4.9117512151981,20.829135457809706,9.0,21.12,7.355094198354776,5.47768199149969,2,17.23,63.31,10.81,16.77,False,0
J03WQQ,2,0:02:27.240000,DFL-OBJ-0026V5,DFL-OBJ-002G5J,3.3765811111240907,18.27043610379397,11.58,9.39,1.757719982762077,6.743411599479897,2,25.53,61.71,9.21,-8.47,False,0
J03WQQ,2,0:02:34.800000,DFL-OBJ-J0157X,DFL-OBJ-0026RH,3.0092690142292047,2.5578732398986586,17.16,19.15,5.940900028105481,10.123882654396978,1,2.039999999999999,50.47,-2.03,31.96,False,0
J03WQQ,2,0:02:44.200000,DFL-OBJ-002GIY,DFL-OBJ-002G5J,4.760672221441001,2.6985682145645535,16.83,18.41,1.5243436158975654,11.088971999243212,1,31.42,45.13,-7.37,2.58,False,0
J03WQQ,2,0:03:03.360000,DFL-OBJ-0027QN,DFL-OBJ-0000NZ,2.460650320545364,4.113673872437692,16.51,17.22,0.003910324759155426,3.6695640067997193,1,7.739999999999998,16.5,-36.0,-26.26,False,0
J03WQQ,2,0:03:04.280000,DFL-OBJ-0002EL,DFL-OBJ-002GM1,4.909297302058613,4.508826942299443,2.63,13.67,3.652914473571338,6.972087205421342,1,0.14000000000000057,17.799999999999997,-34.7,-33.86,False,0
J03WQQ,2,0:03:05.920000,DFL-OBJ-0000NZ,DFL-OBJ-0027QN,2.267377339570984,34.80279442890884,4.17,10.49,3.27348737100099,4.475756919226067,2,6.460000000000001,88.21000000000001,-35.71,-27.54,False,0
J03WQQ,2,0:03:06.200000,DFL-OBJ-002GM1,DFL-OBJ-0027QN,1.3819189556555016,59.83118645307957,9.18,10.14,2.2397723926797184,1.9305180651835385,1,3.6000000000000014,88.72999999999999,-36.23,-30.4,False,0
J03WQQ,2,0:03:06.440000,DFL-OBJ-0027QN,DFL-OBJ-002GM1,0.994886928248629,93.81407483429008,10.13,12.14,1.8313472557162724,1.4805404418657402,2,4.719999999999999,16.509999999999998,-35.99,-29.28,False,0
J03WQQ,2,0:03:10.480000,DFL-OBJ-0002EL,DFL-OBJ-0000NZ,4.9822986662784485,33.468123126475575,8.22,10.77,0.8943703749893284,7.499933333037032,1,2.5599999999999987,22.22,-30.28,-31.44,False,0
J03WQQ,2,0:03:12.800000,DFL-OBJ-002GIY,DFL-OBJ-002G5J,2.5051147678300083,8.604946294133375,13.25,16.96,0.3855211358628463,4.221208357804672,1,13.18,24.16,-28.34,-20.82,False,0
J03WQQ,2,0:03:40,DFL-OBJ-J0130T,DFL-OBJ-002GIY,4.181399287319977,158.67346399458273,8.91,9.2,-0.41307990032135367,4.467683963755715,4,12.399999999999999,63.12,-10.62,-21.6,False,0
J03WQQ,2,0:03:47,DFL-OBJ-002GMO,DFL-OBJ-002FZR,4.986882793890387,62.72405461779699,28.24,26.72,1.3342422145429311,10.823700845829029,0,15.280000000000001,40.6,11.9,18.72,False,0
J03WQQ,2,0:04:18.720000,DFL-OBJ-002GNL,DFL-OBJ-002FXT,4.921463197058371,56.21063312887671,4.41,9.92,2.0338147623412595,10.833582048427012,0,28.06,82.1,29.6,5.94,False,0
J03WQQ,2,0:04:23.840000,DFL-OBJ-J01PRP,DFL-OBJ-00008K,4.991643016081982,38.908794896852086,14.3,27.01,5.197023965302689,16.98965567632258,0,7.149999999999999,70.35,17.85,-26.85,False,0
J03WQQ,2,0:05:06.760000,DFL-OBJ-002G5J,DFL-OBJ-J014L2,4.946524032085561,39.25184210432353,26.98,29.85,1.1731230689249483,9.54245775468773,1,8.120000000000001,33.32,19.18,25.88,False,0
J03WQQ,2,0:05:10.960000,DFL-OBJ-002G5J,DFL-OBJ-J014L2,2.5276471272707393,22.131713407056704,21.41,12.93,-2.260100079856411,4.9599697579723205,1,22.39,8.969999999999999,43.53,11.61,False,0
J03WQQ,2,0:05:12.600000,DFL-OBJ-002GM1,DFL-OBJ-0002EL,4.816565166173921,6.489368336104091,17.82,9.37,6.245501805206299,8.168353567274128,0,28.259999999999998,14.130000000000003,38.37,-5.74,False,0
J03WQQ,2,0:05:21.040000,DFL-OBJ-J01KJ5,DFL-OBJ-0026V5,2.9024127893874767,1.6268536239208422,1.15,15.68,4.17749875854931,4.750126314109975,2,6.260000000000002,30.7,21.8,-27.74,False,0
J03WQQ,2,0:05:22.960000,DFL-OBJ-J0130T,DFL-OBJ-0027QN,4.933568688079656,24.166617927178855,11.66,21.95,4.069984064704643,11.559974048413775,1,15.82,35.03,17.47,-18.18,False,0
J03WQQ,2,0:06:09.440000,DFL-OBJ-J01PRP,DFL-OBJ-002FXT,4.940161940665509,10.446354020735516,6.3,6.43,1.4596684645789781,14.422416579755282,0,10.77,74.71000000000001,22.21,-23.23,False,0
J03WQQ,2,0:06:16.600000,DFL-OBJ-002FZR,DFL-OBJ-002GM1,1.2457929201917948,96.92762263723826,9.78,2.85,0.2667157120598612,5.5782613778846875,1,3.2300000000000004,44.75,-7.75,-30.77,False,0
J03WQQ,2,0:06:19.120000,DFL-OBJ-0026V5,DFL-OBJ-002FXT,4.326014331922631,56.31042089994117,2.6,14.69,1.487047327122577,5.190857347298228,1,15.850000000000001,57.24,4.74,-18.15,False,0
J03WQQ,2,0:06:23.120000,DFL-OBJ-0027QN,DFL-OBJ-0000NZ,2.0224984548819784,145.78286929450792,9.0,7.08,-0.207921684365594,3.616807984950264,2,7.399999999999999,39.97,-12.53,-26.6,False,0
J03WQQ,2,0:06:24.480000,DFL-OBJ-0026V5,DFL-OBJ-002G5J,4.660236045523877,170.14073149964872,10.57,1.71,-1.5868867696127875,5.514000362713084,1,2.5799999999999983,45.230000000000004,-7.27,-31.42,False,0
J03WQQ,2,0:06:29.040000,DFL-OBJ-002GIY,DFL-OBJ-002FXT,4.973781257755512,39.50162085058765,12.49,14.61,4.697625684521622,5.216301371661727,2,15.120000000000001,47.38,-5.12,-18.88,False,0
J03WQQ,2,0:06:30.600000,DFL-OBJ-J014L2,DFL-OBJ-J0130T,3.1372918257631057,21.730289009781654,2.5,15.46,3.7770651822843324,11.208969622583515,0,32.61,40.8,-11.7,1.39,False,0
J03WQQ,2,0:06:37.160000,DFL-OBJ-J0157X,DFL-OBJ-0026RH,4.986541887921929,63.61067305991225,3.85,8.44,1.9449255841792734,9.18065901773941,2,12.760000000000002,41.87,-10.63,21.24,False,0
J03WQQ,2,0:06:40.080000,DFL-OBJ-J014L2,DFL-OBJ-002GMO,4.994176608811507,11.916144231376917,0.73,5.46,1.1105597283389268,5.139659521797139,1,5.510000000000002,32.35,-20.15,28.49,False,0
J03WQQ,2,0:06:42.840000,DFL-OBJ-J0157X,DFL-OBJ-0026RH,4.875674312338755,35.50835524445672,5.2,14.94,4.431020294891159,8.811685423345523,1,9.64,42.04,-10.46,24.36,False,0
J03WQQ,2,0:06:45.800000,DFL-OBJ-002GNL,DFL-OBJ-00008K,4.871816909531802,21.575583912201314,13.33,18.55,5.052640553659297,10.942417465989863,0,28.68,53.22,0.72,5.32,False,0
J03WQQ,2,0:06:47.080000,DFL-OBJ-0027QN,DFL-OBJ-0000NZ,3.485426803133298,9.19991804329617,18.73,17.81,0.07267934655495356,10.55909560521165,1,21.97,37.08,-15.42,-12.03,False,0
J03WQQ,2,0:06:51.440000,DFL-OBJ-J01PRP,DFL-OBJ-J01KJ5,4.967021240139809,46.32887349117094,18.59,14.92,7.739455606301369,5.590939098219546,1,10.91,32.3,-20.2,-23.09,False,0
J03WQQ,2,0:06:53.680000,DFL-OBJ-0027QN,DFL-OBJ-0000NZ,4.864113485518198,101.08166681256145,19.16,6.55,4.990609120106757,5.769376049452835,1,21.53,22.04,-30.46,-12.47,False,0
J03WQQ,2,0:07:26,DFL-OBJ-002GMO,DFL-OBJ-002FZR,4.9597177339038145,20.784419082510066,15.57,22.2,3.7627174521437268,18.348504026214233,0,2.9299999999999997,75.83,-23.33,31.07,False,0
J03WQQ,2,0:07:40.440000,DFL-OBJ-002GMO,DFL-OBJ-002FZR,4.962993048554472,14.36061538114721,15.26,16.38,2.7470752738478454,13.097984577789056,0,2.4299999999999997,73.33,-20.83,31.57,False,0
J03WQQ,2,0:07:51.080000,DFL-OBJ-002GIY,DFL-OBJ-00008K,4.9695975692202685,39.97447429618149,13.02,13.64,3.8615249510902427,6.114351968933421,1,32.58,64.58,12.08,1.42,False,0
J03WQQ,2,0:07:56.240000,DFL-OBJ-002GM1,DFL-OBJ-0002EL,4.082401254164021,42.929222458025926,25.7,13.76,-3.8417965862792034,29.489938962296954,0,2.8099999999999987,90.58,-38.08,-31.19,False,0
J03WQQ,2,0:08:04.360000,DFL-OBJ-J0130T,DFL-OBJ-002GIY,4.841539011512763,30.10733278054719,3.23,21.17,5.130747041442243,7.912806076228588,1,26.41,78.83,-26.33,-7.59,False,0
J03WQQ,2,0:08:06.760000,DFL-OBJ-J01KJ5,DFL-OBJ-0026V5,4.125651463708488,121.24100533362166,6.4,12.84,0.8951587846299303,6.02029899589713,2,10.68,73.89,-21.39,-23.32,False,0
J03WQQ,2,0:08:08.240000,DFL-OBJ-002GM1,DFL-OBJ-0002EL,4.910254575885039,30.179279624665707,3.7,21.68,5.192191129850823,7.78617364306756,0,1.8400000000000034,73.07,-20.57,-32.16,False,0
J03WQQ,2,0:08:12.280000,DFL-OBJ-J01PRP,DFL-OBJ-J01KJ5,3.4211840055746774,30.986224786288794,21.84,27.26,1.352877911246615,12.458137902592023,0,4.190000000000001,60.86,8.36,-29.81,False,0
J03WQQ,2,0:08:28.800000,DFL-OBJ-J01PRP,DFL-OBJ-002FXT,4.9820578077738125,19.34900452040111,2.14,6.12,1.846363268208,15.072896204777635,0,8.68,66.2,13.7,-25.32,False,0
J03WQQ,2,0:08:30.360000,DFL-OBJ-002GIY,DFL-OBJ-00008K,2.5039169315294787,21.390692689625844,11.2,19.08,2.0465681858662363,9.080269819779584,1,23.03,60.71,8.21,-10.97,False,0
J03WQQ,2,0:08:43.480000,DFL-OBJ-J01PRP,DFL-OBJ-002FXT,4.975791394341207,41.24310191472167,3.27,5.39,3.277252249258533,17.514591060027637,0,6.469999999999999,65.66,13.16,-27.53,False,0
J03WQQ,2,0:08:46.080000,DFL-OBJ-0026V5,DFL-OBJ-002G5J,4.976906669810074,129.79840941826643,15.99,2.88,1.6266929529668195,8.937695452408299,2,18.2,64.6,12.1,-15.8,False,0
J03WQQ,2,0:08:48.440000,DFL-OBJ-002GN4,DFL-OBJ-00008K,4.775290567075474,29.005655486414298,15.5,24.88,9.651889955318659,17.444781454635653,0,19.83,60.9,8.4,14.17,False,0
J03WQQ,2,0:08:50.400000,DFL-OBJ-J014L2,DFL-OBJ-00008K,4.909877798886649,2.477610729609001,5.38,22.92,8.870547284328456,10.569489107804598,1,7.289999999999999,50.91,-1.59,26.71,False,0
J03WQQ,2,0:09:09.640000,DFL-OBJ-002GMO,DFL-OBJ-0027QN,4.931095213033308,16.05793832689751,15.76,21.32,2.7324121990711303,18.27611829683754,0,3.629999999999999,84.19,-31.69,30.37,False,0
J03WQQ,2,0:09:12.680000,DFL-OBJ-0028FW,DFL-OBJ-002FZR,4.89930607331283,27.114584585477868,10.44,18.59,5.65091426718437,13.557009257207133,0,15.600000000000001,102.91,-50.41,18.4,False,0
J03WQQ,2,0:09:19.280000,DFL-OBJ-J01PRP,DFL-OBJ-002FXT,1.549870962370739,77.51638810454762,17.47,18.13,-1.8160067183228294,12.331978754441641,1,2.1499999999999986,46.68,-5.82,-31.85,False,0
J03WQQ,2,0:09:33.720000,DFL-OBJ-0000NZ,DFL-OBJ-0026V5,3.370237380363586,20.85166483989595,3.89,17.11,3.586405758215224,9.638630608131013,0,1.009999999999998,56.44,-3.94,-32.99,False,0
J03WQQ,2,0:09:34.480000,DFL-OBJ-J01KJ5,DFL-OBJ-0026V5,4.244714360236743,73.01730179095435,2.45,7.72,0.723033242208786,4.971297617322866,0,7.73,56.45,-3.95,-26.27,False,0
J03WQQ,2,0:09:34.880000,DFL-OBJ-J01KJ5,DFL-OBJ-0026V5,3.183410121237918,2.8679440964777947,6.7,10.79,2.6532605974970624,5.515940536300224,1,7.48,56.11,-3.61,-26.52,False,0
J03WQQ,2,0:09:35.200000,DFL-OBJ-0026V5,DFL-OBJ-J01KJ5,1.7000294115102825,23.808023228018644,12.62,7.06,4.535746011824933,4.4844732132102205,2,5.140000000000001,49.13,-3.37,-28.86,False,0
J03WQQ,2,0:09:36.360000,DFL-OBJ-002GIY,DFL-OBJ-002FXT,4.861285838129661,6.216391675009898,6.02,21.64,5.267821539188626,5.651088390743858,2,9.23,57.019999999999996,4.52,-24.77,False,0
J03WQQ,2,0:09:51.360000,DFL-OBJ-002GM9,DFL-OBJ-0026V5,3.205807230636306,162.47890877058234,3.34,8.92,-3.0523486921380427,11.905045149011402,0,11.850000000000001,104.75999999999999,-52.26,-22.15,False,0
J03WQQ,2,0:09:53.680000,DFL-OBJ-J01KJ5,DFL-OBJ-0002EL,4.922052417437262,4.170899583186435,11.1,22.63,2.6657782474285496,11.62920891548518,1,9.629999999999999,83.52,-31.02,-24.37,False,0
J03WQQ,2,0:09:54.960000,DFL-OBJ-0000NZ,DFL-OBJ-002FZR,1.2093386622447806,25.0257238981421,20.49,18.91,-0.15749163485462236,4.063619076636,1,7.59,89.07,-36.57,-26.41,False,0
J03WQQ,2,0:09:56.320000,DFL-OBJ-002GM1,DFL-OBJ-002GIY,4.698957331153371,26.360597313012548,1.4,17.95,4.91560835248618,11.345853868263948,2,0.07000000000000028,73.31,-20.81,-33.93,False,0
J03WQQ,2,0:10:01.720000,DFL-OBJ-002GIY,DFL-OBJ-J01KJ5,4.943126540965748,14.237147314206986,3.67,10.45,2.290434396395189,7.987840759554485,3,6.600000000000001,48.04,-4.46,-27.4,False,0
J03WQQ,2,0:10:04.400000,DFL-OBJ-0002EL,DFL-OBJ-J01KJ5,4.905527494571809,57.68150931152815,15.82,19.57,3.373996008604383,12.481494301565014,1,1.3400000000000034,37.4,-15.1,-32.66,False,0
J03WQQ,2,0:10:06.520000,DFL-OBJ-0026V5,DFL-OBJ-0000NZ,1.7423260314877944,9.303837593728806,10.91,6.32,2.1338401509518157,3.479324647111852,2,10.559999999999999,29.32,-23.18,-23.44,False,0
J03WQQ,2,0:10:50.640000,DFL-OBJ-J0157X,DFL-OBJ-0026RH,4.980291156147402,17.07878478727824,9.77,15.8,1.8358479765073654,20.332363364842763,0,2.879999999999999,4.060000000000002,-48.44,31.12,False,0
J03WQQ,2,0:11:30.640000,DFL-OBJ-002GNL,DFL-OBJ-002FXT,1.4616771189288018,5.434726216988523,15.07,12.35,-0.6994296934505584,12.233241598202826,1,4.109999999999999,9.54,-42.96,-29.89,False,0
J03WQQ,2,0:11:36.400000,DFL-OBJ-0028FW,DFL-OBJ-0027QN,3.9229580675811455,139.14205332337858,6.69,5.28,-0.0010196917441751552,13.29572111620878,0,30.39,102.88,-50.38,-3.61,False,0
J03WQQ,2,0:11:36.880000,DFL-OBJ-0028FW,DFL-OBJ-0027QN,4.0602093542082285,147.57167063403625,6.56,6.33,-0.295511970002057,12.945798546246579,0,29.82,102.22,-49.72,-4.18,False,0
J03WQQ,2,0:11:37.920000,DFL-OBJ-0028FW,DFL-OBJ-0027QN,4.298930099454978,140.39326775314746,5.96,8.06,-0.25765771339115284,12.666688596472243,0,28.990000000000002,100.62,-48.12,-5.01,False,0
J03WQQ,2,0:11:39.240000,DFL-OBJ-0028FW,DFL-OBJ-0027QN,4.433565156846125,161.11104375202729,5.98,6.27,-0.028371295250866346,13.202280106102888,2,29.08,98.42,-45.92,-4.92,False,0
J03WQQ,2,0:11:39.960000,DFL-OBJ-0028FW,DFL-OBJ-0027QN,4.644502126170249,177.8600025069935,5.73,5.12,-0.3244267085936703,14.080291190170747,2,29.46,97.37,-44.87,-4.54,False,0
J03WQQ,2,0:11:59.160000,DFL-OBJ-002GM1,DFL-OBJ-0002EL,3.0778239065937485,64.51948918233016,13.32,18.16,2.582842629062859,11.728789366341267,1,2.4299999999999997,27.38,25.12,-31.57,False,0
J03WQQ,2,0:12:00.440000,DFL-OBJ-002FXT,DFL-OBJ-002GIY,3.802578072834272,49.98312238917746,7.0,16.49,1.702089512512005,5.455135195391586,1,6.129999999999999,32.32,20.18,-27.87,False,0
J03WQQ,2,0:12:01.480000,DFL-OBJ-002GM1,DFL-OBJ-0002EL,2.6759857996633687,20.72110282423235,5.72,14.54,1.466359734220245,4.59331035311136,2,0.8999999999999986,28.86,23.64,-33.1,False,0
J03WQQ,2,0:12:02.040000,DFL-OBJ-002FXT,DFL-OBJ-002GIY,2.0144478151592806,168.58693278697936,5.49,10.95,-2.8010300542309374,2.555151658904024,0,5.260000000000002,30.89,21.61,-28.74,False,0
J03WQQ,2,0:15:06,DFL-OBJ-J01KJ5,DFL-OBJ-0026V5,4.932220595228888,21.548464974458266,3.82,12.04,3.3930772279716725,8.078570418087596,1,19.5,51.16,1.34,-14.5,False,0
J03WQQ,2,0:15:23.960000,DFL-OBJ-002G5J,DFL-OBJ-0026V5,4.901030503883852,26.008722880896123,8.86,22.89,5.402893855809802,13.900402871859507,1,3.539999999999999,56.24,-3.74,-30.46,False,0
J03WQQ,2,0:15:27.320000,DFL-OBJ-002G5J,DFL-OBJ-0026V5,4.94069833120785,10.504424814634397,8.34,14.14,1.7646010790239997,13.660032942859257,2,0.18999999999999773,54.17,-1.67,-33.81,False,0
J03WQQ,2,0:15:32.760000,DFL-OBJ-0026RH,DFL-OBJ-J0157X,4.98142549879048,66.42496323423784,10.3,8.95,3.7914739568889377,17.52541297658917,0,15.879999999999999,27.74,24.76,18.12,False,0
J03WQQ,2,0:17:00.200000,DFL-OBJ-0026RH,DFL-OBJ-0002EL,4.905231900736195,7.502301503780111,5.1,18.05,5.463401145393456,5.886195715400568,1,15.11,11.630000000000003,40.87,18.89,False,0
J03WQQ,2,0:17:28.920000,DFL-OBJ-002GNL,DFL-OBJ-00008K,4.991963541533527,10.72069547014904,4.02,11.93,5.0491028125437305,18.03429233432795,1,25.060000000000002,99.55,47.05,-8.94,False,0
J03WQQ,2,0:17:38.720000,DFL-OBJ-002G5J,DFL-OBJ-0027QN,1.7836199146679208,30.20873819452903,21.07,19.21,-1.2047257401126688,2.846278271708513,2,33.93,25.83,26.67,0.07,False,0
J03WQQ,2,0:17:39.120000,DFL-OBJ-002G5J,DFL-OBJ-0027QN,2.170069123323034,40.317675613093336,18.39,17.05,-0.9661230216377825,3.262698269837404,1,31.83,25.38,27.12,2.17,False,0
J03WQQ,2,0:17:41.560000,DFL-OBJ-0026RH,DFL-OBJ-J0157X,4.888946716829711,46.15925036333003,7.26,6.04,3.560297748490464,13.640366563989401,1,14.16,18.840000000000003,33.66,19.84,False,0
J03WQQ,2,0:17:46.760000,DFL-OBJ-002FZR,DFL-OBJ-J01KJ5,4.8510308182900665,41.345051547015785,21.7,26.33,4.39562633618598,6.006280046751068,1,31.17,64.9,12.4,-2.83,False,0
J03WQQ,2,0:17:51.280000,DFL-OBJ-0002EL,DFL-OBJ-J01KJ5,4.85782873308642,40.46099725539658,15.21,19.53,5.390482344559819,6.888149243447037,0,5.129999999999999,60.05,7.55,-28.87,False,0
J03WQQ,2,0:17:58.160000,DFL-OBJ-002G5J,DFL-OBJ-0027QN,2.864000698323937,13.133262233971726,16.68,19.56,1.1594408436909698,15.449249172694445,1,17.91,66.52,-14.02,16.09,False,0
J03WQQ,2,0:18:02.280000,DFL-OBJ-00008K,DFL-OBJ-002GN4,3.9272000203707464,92.74763389092114,16.64,15.88,-1.2841703127612403,4.375591388601087,2,16.44,51.72,0.78,17.56,False,0
J03WQQ,2,0:18:08.080000,DFL-OBJ-0026RH,DFL-OBJ-002GN4,4.902540157918138,75.92795153378903,17.63,11.53,4.798945703484518,11.76178982978356,1,2.719999999999999,24.76,27.74,31.28,False,0
J03WQQ,2,0:19:16.160000,DFL-OBJ-002GNL,DFL-OBJ-002FXT,1.015972440571101,86.82016988013572,20.31,23.38,-0.16690560641089536,15.809316873287091,0,27.490000000000002,72.86,20.36,-6.51,False,0
J03WQQ,2,0:19:21.040000,DFL-OBJ-0028LZ,DFL-OBJ-002FXT,4.986391480820575,20.572823145431713,14.55,22.05,3.546906734371318,13.215464426194034,0,33.73,94.11,41.61,-0.27,False,0
J03WQQ,2,0:19:28.640000,DFL-OBJ-002GMO,DFL-OBJ-002FZR,4.88205899185989,20.986180424999503,17.12,25.46,6.4269652561620605,12.407388927570537,0,11.52,71.06,-18.56,22.48,False,0
J03WQQ,2,0:19:36.520000,DFL-OBJ-0000NZ,DFL-OBJ-0027QN,4.896417057400237,3.5844784855720206,16.14,19.0,4.49262476684314,14.842001212774507,0,4.100000000000001,70.06,-17.56,-29.9,False,0
J03WQQ,2,0:19:41.040000,DFL-OBJ-0002EL,DFL-OBJ-002GM1,2.022770377477388,20.432505440114035,9.74,6.47,-0.22622982408503467,4.747978517221832,1,1.0499999999999972,64.39,11.89,-32.95,False,0
J03WQQ,2,0:19:42.080000,DFL-OBJ-0026V5,DFL-OBJ-J01KJ5,4.501655251127078,58.93176290494279,6.6,7.79,1.3115393310382362,4.960262089849687,1,3.5199999999999996,66.34,13.84,-30.48,False,0
J03WQQ,2,0:19:44.080000,DFL-OBJ-002GIY,DFL-OBJ-002G5J,4.96226762680128,17.168550587065702,3.24,17.94,6.294013416932189,5.282281703960893,2,11.05,61.88,9.38,-22.95,False,0
J03WQQ,2,0:19:47.880000,DFL-OBJ-002GNL,DFL-OBJ-002G5J,4.601141162798639,72.60446737589034,2.44,15.63,2.0986176017388503,14.19528090599126,1,13.14,74.71000000000001,22.21,-20.86,False,0
J03WQQ,2,0:19:52.160000,DFL-OBJ-0002EL,DFL-OBJ-002GM1,4.938117050050556,58.89077379189181,5.47,12.05,2.233116067182941,10.897063824719023,1,0.10999999999999943,61.49,8.99,-33.89,False,0
J03WQQ,2,0:19:59.440000,DFL-OBJ-J014L2,DFL-OBJ-J0130T,2.6568025895801894,1.083781930196886,9.03,13.97,1.5676296324795802,7.290356644225301,1,27.58,60.74,8.24,-6.42,False,0
J03WQQ,2,0:20:05.640000,DFL-OBJ-00008K,DFL-OBJ-002GIY,4.995888309400041,10.368146587392081,4.39,17.97,6.449936694363465,8.425894611256421,3,24.130000000000003,32.29,20.21,9.87,False,0
J03WQQ,2,0:20:08.360000,DFL-OBJ-002GIY,DFL-OBJ-00008K,0.885889383614005,41.62771836945479,22.24,15.91,-0.3120936999909685,10.020603774224385,1,28.4,85.28999999999999,32.79,5.6,False,0
J03WQQ,2,0:21:17.640000,DFL-OBJ-002GNL,DFL-OBJ-J01L1F,4.876269065586928,29.985239738086506,9.04,17.89,4.174114227404046,17.569248703345284,0,19.27,80.27,27.77,-14.73,False,0
J03WQQ,2,0:21:21.040000,DFL-OBJ-0000F8,DFL-OBJ-0027QN,2.4689471440271866,50.035928426887864,22.47,17.99,6.113447131213647,13.933814983700623,1,8.489999999999998,49.16,3.34,-25.51,False,0
J03WQQ,2,0:21:35.080000,DFL-OBJ-002GIY,DFL-OBJ-J01L1F,4.8037069019664385,3.6591408109714787,2.92,21.11,5.685664929186793,9.224364476753943,2,20.67,78.71000000000001,26.21,-13.33,False,0
J03WQQ,2,0:21:37.360000,DFL-OBJ-J014L2,DFL-OBJ-J0130T,4.764241807465278,8.841089896459827,4.78,23.89,5.747962807142148,5.763471176296452,3,32.01,75.51,23.01,-1.99,False,0
J03WQQ,2,0:21:45.160000,DFL-OBJ-002GN4,DFL-OBJ-00008K,4.851741955215674,30.5571958033981,9.51,19.51,5.40364970330226,7.11601011803665,0,31.0,85.8,33.3,3.0,False,0
J03WQQ,2,0:21:47.600000,DFL-OBJ-002GIY,DFL-OBJ-J0130T,4.868367282775611,29.863030272569137,8.97,25.4,4.5982872005929565,10.14239616658707,1,21.48,70.15,17.65,12.52,False,0
J03WQQ,2,0:21:48.960000,DFL-OBJ-J014L2,DFL-OBJ-J0130T,4.9877550060122235,65.91384445362338,18.41,24.11,3.015383229155486,12.78222594073505,1,23.04,59.59,7.09,10.96,False,0
J03WQQ,2,0:21:54.640000,DFL-OBJ-0026V5,DFL-OBJ-0000F8,4.951171578525632,52.37617044857946,20.27,26.14,6.028082300015202,6.411941983517941,1,30.33,28.3,-24.2,-3.67,False,0
J03WQQ,2,0:21:57,DFL-OBJ-0027QN,DFL-OBJ-0000NZ,4.988917718303238,99.9173638211055,7.65,6.51,1.3346333132358712,10.633757567294827,3,16.75,13.93,-38.57,-17.25,False,0
J03WQQ,2,0:21:58.560000,DFL-OBJ-0002EL,DFL-OBJ-0000NZ,4.286000466635532,84.40024801514217,29.53,18.47,3.06580523216738,6.399007735579007,2,17.23,7.710000000000001,-44.79,-16.77,False,0
J03WQQ,2,0:22:35.800000,DFL-OBJ-J01L1F,DFL-OBJ-002GIY,1.3656134152826709,20.96911974338965,1.31,11.61,4.1586558783744625,5.932832375855565,3,19.75,67.74,-15.24,14.25,False,0
J03WQQ,2,0:22:36.280000,DFL-OBJ-J01L1F,DFL-OBJ-002GIY,0.530754180388624,45.335795595652165,7.28,8.28,1.41400856376159,3.5666230526928393,2,19.72,68.14,-15.64,14.28,False,0
J03WQQ,2,0:22:36.800000,DFL-OBJ-J0157X,DFL-OBJ-J01L1F,1.3473678042761752,87.76372642381946,12.65,9.73,3.7999572232710297,2.7507817070789167,1,17.93,36.18,-16.32,16.07,False,0
J03WQQ,2,0:22:37.440000,DFL-OBJ-002FZR,DFL-OBJ-J01L1F,2.085689334488719,8.298804553829296,21.96,11.65,7.667570987551577,5.2851206230321734,3,16.93,32.53,-19.97,17.07,False,0
J03WQQ,2,0:22:38.080000,DFL-OBJ-002FZR,DFL-OBJ-J01L1F,2.605091169229976,77.572915716171,19.96,9.53,-3.9699685951006973,6.323962365479415,3,15.07,35.64,-16.86,18.93,False,0
J03WQQ,2,0:22:47.520000,DFL-OBJ-0028LZ,DFL-OBJ-J01KJ5,4.9632650543770085,18.209913181563987,8.71,28.43,8.451562314305502,12.795944670089819,0,11.55,85.13,32.63,22.45,False,0
J03WQQ,2,0:22:53,DFL-OBJ-0000F8,DFL-OBJ-002FZR,4.361146638213396,6.420037791035962,15.98,22.73,5.0833188469039925,10.84094553071825,2,30.15,59.15,-6.65,3.85,False,0
J03WQQ,2,0:23:08.800000,DFL-OBJ-002GMO,DFL-OBJ-0027QN,4.894006538614348,37.2410944469685,16.88,21.71,4.919465575107813,16.93704224473683,0,9.41,80.53999999999999,-28.04,24.59,False,0
J03WQQ,2,0:23:11.240000,DFL-OBJ-002G5J,DFL-OBJ-J014L2,4.997479364639738,72.89091669666293,13.93,17.89,2.4064064538034424,13.441714920351496,0,2.370000000000001,59.93,-7.43,31.63,False,0
J03WQQ,2,0:23:14.160000,DFL-OBJ-002GNL,DFL-OBJ-J01L1F,2.3041918322917474,49.787550790444925,22.98,27.16,4.201949841856265,12.370080840479579,0,10.690000000000001,75.57,23.07,23.31,False,0
J03WQQ,2,0:23:30.200000,DFL-OBJ-0000F8,DFL-OBJ-0002EL,4.994847345014661,8.862892652322037,6.75,22.61,3.928898968107213,13.090931975990099,1,0.9399999999999977,53.53,-1.03,-33.06,False,0
J03WQQ,2,0:23:41.640000,DFL-OBJ-J01L1F,DFL-OBJ-J0157X,4.952019789944303,8.559333903233393,22.99,18.23,3.0592267387445893,6.362546659946785,2,11.8,28.68,23.82,22.2,False,0
J03WQQ,2,0:23:44.720000,DFL-OBJ-J01L1F,DFL-OBJ-002GNL,1.4940214188558358,51.381200136326726,27.13,25.7,-1.2039964557250082,5.626011020252274,0,13.530000000000001,8.119999999999997,44.38,20.47,False,0
J03WQQ,2,0:23:46.320000,DFL-OBJ-0028LZ,DFL-OBJ-00008K,3.4083720454199242,85.66379464266882,4.9,17.79,2.651580794925513,9.541095324961386,1,29.83,102.92,50.42,4.17,False,0
J03WQQ,2,0:23:46.560000,DFL-OBJ-0028LZ,DFL-OBJ-00008K,3.5061659972111974,106.98977445242568,4.37,14.11,0.3948934078938804,8.186800351785793,1,30.009999999999998,102.65,50.15,3.99,False,0
J03WQQ,2,0:23:47.040000,DFL-OBJ-J0157X,DFL-OBJ-00008K,1.7947144619688105,135.3601353710501,8.12,6.42,1.7806395526552103,8.34563958004418,3,25.75,100.57,48.07,8.25,False,0
J03WQQ,2,0:23:47.680000,DFL-OBJ-002GN4,DFL-OBJ-00008K,1.823869512876401,114.13556315971867,3.36,4.64,0.49626332184817046,6.819501448053221,2,27.0,101.53999999999999,49.04,7.0,False,0
J03WQQ,2,0:23:47.960000,DFL-OBJ-J0157X,DFL-OBJ-00008K,0.45221676218380413,19.15042088610272,7.79,4.78,1.6610750095200428,7.752270635110724,2,24.98,101.50999999999999,49.01,9.02,False,0
J03WQQ,2,0:24:52.200000,DFL-OBJ-0028HW,DFL-OBJ-J01KJ5,4.468064457905682,25.021077664742695,10.52,15.75,7.045302752704887,5.736139816984941,2,11.54,38.88,-13.62,-22.46,False,0
J03WQQ,2,0:24:54.480000,DFL-OBJ-0002EL,DFL-OBJ-J0130T,4.750168418066878,1.979902332050272,3.53,28.43,7.983157076138465,5.9846887972558775,0,1.5,49.72,-2.78,-32.5,False,0
J03WQQ,2,0:25:12,DFL-OBJ-002FZR,DFL-OBJ-0000F8,2.415988410568228,1.8210860692975783,7.16,8.43,0.22446230788829347,5.291927815078358,1,2.0,34.96,-17.54,-32.0,False,0
J03WQQ,2,0:25:15.160000,DFL-OBJ-0028HW,DFL-OBJ-J01KJ5,1.8216750533506254,28.707194866358467,19.52,20.16,0.2023867642335453,5.279412846141133,3,4.390000000000001,23.95,-28.55,-29.61,False,0
J03WQQ,2,0:25:52.320000,DFL-OBJ-J01HCH,DFL-OBJ-002G5J,4.878903565351544,11.27789169792403,12.59,23.32,3.1420085071989567,18.142108477241557,0,19.869999999999997,53.63,1.13,14.13,False,0
J03WQQ,2,0:25:59.480000,DFL-OBJ-J01HCH,DFL-OBJ-002G5J,4.9764344665633855,58.80904736425677,9.45,8.17,4.246577690464976,17.29076343022482,0,6.899999999999999,64.11,11.61,27.1,False,0
J03WQQ,2,0:26:02.880000,DFL-OBJ-002GNL,DFL-OBJ-00008K,4.918099226327179,4.618012989905384,7.6,16.03,3.5324373303478485,9.1553536250655,0,19.73,63.83,11.33,14.27,False,0
J03WQQ,2,0:26:06.360000,DFL-OBJ-0027W9,DFL-OBJ-002G5J,4.837561369119778,61.914157775438404,12.33,19.69,4.570617272378077,11.416479317197576,1,1.9399999999999977,47.57,-4.93,32.06,False,0
J03WQQ,2,0:27:10.200000,DFL-OBJ-0028FW,DFL-OBJ-0028HW,4.952746712683784,41.26333713080721,12.57,21.06,3.0064404676276113,14.78254714181558,0,25.009999999999998,99.81,-47.31,8.99,False,0
J03WQQ,2,0:29:15.320000,DFL-OBJ-002FZR,DFL-OBJ-0000NZ,0.5381449618829476,56.75894976673825,2.23,1.28,1.0921055437998535,1.9751708786836648,2,3.0,46.49,-6.01,-31.0,False,0
J03WQQ,2,0:29:16.280000,DFL-OBJ-0028HW,DFL-OBJ-J0130T,1.6744252745345205,32.16558959652569,10.96,8.4,-1.3576360615901129,4.927413114403946,2,9.07,41.8,-10.7,-24.93,False,0
J03WQQ,2,0:29:21.760000,DFL-OBJ-J01HCH,DFL-OBJ-0026RH,1.6115210206509873,39.07057738425482,26.53,23.3,5.198636150417643,10.319423433506351,2,18.18,50.55,-1.95,15.82,False,0
J03WQQ,2,0:29:22.200000,DFL-OBJ-J01HCH,DFL-OBJ-0026RH,1.1988327656516555,15.112612369797217,26.04,23.75,0.7053666000301057,11.262064641973957,1,15.120000000000001,49.65,-2.85,18.88,False,0
J03WQQ,2,0:29:24.240000,DFL-OBJ-J01HCH,DFL-OBJ-0026RH,4.000049999687504,80.24635021164042,30.45,27.82,-3.375124999218758,14.296562523907626,0,5.219999999999999,37.269999999999996,-15.23,28.78,False,0
J03WQQ,2,0:30:30.840000,DFL-OBJ-002GN4,DFL-OBJ-00008K,4.965339867521657,30.13604064830922,5.41,17.42,4.170716479158487,11.74652714635266,1,29.14,75.34,22.84,-4.86,False,0
J03WQQ,2,0:30:32.080000,DFL-OBJ-J014L2,DFL-OBJ-00008K,4.9971291758368634,49.371169899833106,14.52,18.57,2.6528241248286966,12.219983633376929,1,32.52,66.65,14.15,1.48,False,0
J03WQQ,2,0:30:35.960000,DFL-OBJ-J01HCH,DFL-OBJ-002GMO,3.131597036657174,14.278069746982482,4.08,16.21,3.7633540215324977,10.268032917750118,1,4.030000000000001,48.53,-3.97,29.97,False,0
J03WQQ,2,0:30:41.240000,DFL-OBJ-0026V5,DFL-OBJ-002G5J,3.20657137765558,0.3196384107028265,11.11,21.3,2.8475602340583905,7.21099854389113,1,24.57,65.96000000000001,13.46,9.43,False,0
J03WQQ,2,0:30:43.280000,DFL-OBJ-002GN4,DFL-OBJ-00008K,4.920416649024754,10.31339290020349,10.67,18.94,2.854423563304238,11.719428313701993,2,24.36,81.22,28.72,9.64,False,0
J03WQQ,2,0:30:54,DFL-OBJ-0026V5,DFL-OBJ-J01KJ5,4.87483333048423,19.5819500191441,8.74,19.06,3.725333209312871,13.318877580336865,0,14.870000000000001,86.44,33.94,-19.13,False,0
J03WQQ,2,0:31:00.080000,DFL-OBJ-0026V5,DFL-OBJ-J01KJ5,2.521150531007616,14.191429405212316,12.54,15.3,1.460579732767503,14.33562346045682,0,4.100000000000001,100.9,48.4,-29.9,False,0
J03WQQ,2,0:31:01.760000,DFL-OBJ-002GNL,DFL-OBJ-J01L1F,2.8812497288503134,19.14788246437242,6.64,8.71,0.6966383325366932,5.549558541001259,1,13.21,99.3,46.8,-20.79,False,0
J03WQQ,2,0:31:03.520000,DFL-OBJ-002FZR,DFL-OBJ-0000NZ,2.8539446385660687,2.3054681356393707,9.61,7.2,-0.6533012132975347,7.6328369562044225,1,4.920000000000002,90.1,37.6,-29.08,False,0
J03WQQ,2,0:31:04.840000,DFL-OBJ-0002EL,DFL-OBJ-002G5J,4.9015303732609885,53.297633395757856,18.52,20.33,5.6933186865356396,7.485432519233608,3,15.629999999999999,84.9,32.4,-18.37,False,0
J03WQQ,2,0:31:05.320000,DFL-OBJ-002G5J,DFL-OBJ-0002EL,2.496096953245204,44.04563235190086,19.77,19.34,4.881835884908665,8.90461678007538,0,17.45,24.46,28.04,-16.55,False,0
J03WQQ,2,0:31:06.160000,DFL-OBJ-0000NZ,DFL-OBJ-0002EL,4.887228253314959,50.69989369823111,8.84,16.6,3.2844493231583916,5.717245840437506,1,8.780000000000001,23.54,28.96,-25.22,False,0
J03WQQ,2,0:31:06.440000,DFL-OBJ-0000NZ,DFL-OBJ-0002EL,3.818481373530582,29.44401099021479,8.72,18.44,3.784798966593401,4.821991289913325,1,8.39,24.07,28.43,-25.61,False,0
J03WQQ,2,0:31:08.080000,DFL-OBJ-0000F8,DFL-OBJ-0002EL,4.169244535884173,11.019658735779263,14.05,23.66,7.012376895495371,8.014917342056624,3,2.5,16.08,36.42,-31.5,False,0
J03WQQ,2,0:31:08.760000,DFL-OBJ-0000F8,DFL-OBJ-0002EL,0.8005623023850181,85.27326707141796,16.09,18.87,3.4587338942661794,3.7773668077114237,3,5.460000000000001,15.579999999999998,36.92,-28.54,False,0
J03WQQ,2,0:31:10.040000,DFL-OBJ-J01KJ5,DFL-OBJ-002FZR,2.3146490014686907,35.189329995530805,3.55,6.43,1.6754901328408056,4.97410293419829,1,11.3,18.880000000000003,33.62,-22.7,False,0
J03WQQ,2,0:31:11.400000,DFL-OBJ-J014L2,DFL-OBJ-002G5J,4.888568297569344,22.790707100494075,2.72,9.8,3.6392420732479325,7.737602988006039,2,22.23,85.81,33.31,-11.77,False,0
J03WQQ,2,0:31:38.040000,DFL-OBJ-J014L2,DFL-OBJ-J01KJ5,4.98317168076718,94.97546286726165,17.16,15.0,0.8605260388372638,7.79639019033809,2,32.9,53.2,0.7,-1.1,False,0
J03WQQ,2,0:31:40.600000,DFL-OBJ-0002EL,DFL-OBJ-0000F8,4.961058354827123,27.506359844889012,10.22,19.06,2.6597659384002514,15.987801599969897,0,5.66,47.09,-5.41,-28.34,False,0
J03WQQ,2,0:31:43.440000,DFL-OBJ-0028HW,DFL-OBJ-002GM9,4.9686718547314,56.90338205108102,16.28,13.87,1.8370457620281622,7.184705978674426,1,19.66,30.83,-21.67,-14.34,False,0
J03WQQ,2,0:31:43.680000,DFL-OBJ-0028HW,DFL-OBJ-002GM9,4.538821432927277,61.74596036830182,16.36,14.42,1.7458834449495964,6.321930085029414,1,18.71,30.3,-22.2,-15.29,False,0
J03WQQ,2,0:31:45,DFL-OBJ-002FZR,DFL-OBJ-0000NZ,4.511540756770351,90.01743632919782,3.11,5.84,-0.27873825614920245,7.62079392189554,3,8.89,24.48,-28.02,-25.11,False,0
J03WQQ,2,0:31:48.800000,DFL-OBJ-0026V5,DFL-OBJ-0000F8,4.962620275620534,54.762374656553796,20.57,22.36,1.9099171015735572,11.074222320325703,1,2.719999999999999,10.549999999999997,-41.95,-31.28,False,0
J03WQQ,2,0:31:54.080000,DFL-OBJ-002G5J,DFL-OBJ-0028HW,4.40709654988406,26.947258823029532,10.24,21.38,2.722823570007362,6.5034298643100605,6,23.48,88.24000000000001,-35.74,-10.52,False,0
J03WQQ,2,0:31:59.200000,DFL-OBJ-0026V5,DFL-OBJ-0000F8,2.537892826736383,9.478457112163554,12.98,15.31,0.7967401203204483,10.071370313914587,2,10.309999999999999,25.48,-27.02,-23.69,False,0
J03WQQ,2,0:33:01.480000,DFL-OBJ-002GM9,DFL-OBJ-0028HW,4.919400369963802,44.38638428226144,13.42,18.32,2.7150970782341743,18.02230007518463,0,14.09,97.37,-44.87,-19.91,False,0
J03WQQ,2,0:33:07.520000,DFL-OBJ-J0130T,DFL-OBJ-0026V5,4.491603277227408,71.13604980406159,18.3,5.43,3.73647292181716,6.155331022780172,2,19.91,74.97,-22.47,-14.09,False,0
J03WQQ,2,0:33:10.160000,DFL-OBJ-00008K,DFL-OBJ-J01HCH,4.114608122288196,22.385108751854855,2.29,12.39,3.3452440701774466,6.720543132813002,2,22.560000000000002,64.95,-12.45,-11.44,False,0
J03WQQ,2,0:33:16.400000,DFL-OBJ-J01KJ5,DFL-OBJ-J01HCH,4.877796633727158,60.17767926991988,30.01,28.73,3.8099023436007817,12.160694881461339,0,14.370000000000001,46.46,6.04,19.63,False,0
J03WQQ,2,0:33:21.400000,DFL-OBJ-J01KJ5,DFL-OBJ-002GN4,0.730273921210391,61.40074065569115,23.4,21.84,0.5935092776546091,6.413774239868441,3,23.93,11.509999999999998,40.99,10.07,False,0
J03WQQ,2,0:33:21.720000,DFL-OBJ-J01KJ5,DFL-OBJ-002GN4,0.478852795752517,37.691753524214235,23.49,21.21,0.7382297339148964,5.908163843361147,3,24.369999999999997,9.469999999999999,43.03,9.63,False,0
J03WQQ,2,0:34:15.720000,DFL-OBJ-0026V5,DFL-OBJ-00005H,2.4652180430947683,20.36189547025058,8.23,16.1,3.8502585429070577,5.2135976062600005,1,6.710000000000001,58.72,6.22,-27.29,False,0
J03WQQ,2,0:34:16.480000,DFL-OBJ-0002EL,DFL-OBJ-0000F8,4.260516400625633,29.003923081156675,8.45,15.32,1.251781080885892,6.592070994763328,1,0.740000000000002,62.63,10.13,-33.26,False,0
J03WQQ,2,0:34:19.640000,DFL-OBJ-002GN4,DFL-OBJ-J01L1F,4.939716591060664,17.053000392098507,5.11,23.51,6.709827074894259,19.694572856500344,0,28.25,71.95,19.45,-5.75,False,0
J03WQQ,2,0:34:27.040000,DFL-OBJ-0002EL,DFL-OBJ-0000F8,2.020396000787966,29.08008668565492,16.89,20.38,0.4091496482588175,15.328251694175691,1,1.4500000000000028,27.04,-25.46,-32.55,False,0
J03WQQ,2,0:34:27.400000,DFL-OBJ-0002EL,DFL-OBJ-0000F8,1.5071164520368,46.83683108461423,17.0,22.0,1.4230662172062214,13.72358553731495,1,2.280000000000001,25.6,-26.9,-31.72,False,0
J03WQQ,2,0:34:28.880000,DFL-OBJ-0000F8,DFL-OBJ-0002EL,1.4599315052426287,163.850768465792,3.1,5.25,-1.8145835478832797,5.325044600752184,2,4.43,83.53999999999999,-31.04,-29.57,False,0
J03WQQ,2,0:34:30.800000,DFL-OBJ-0026V5,DFL-OBJ-0000F8,0.651152823843989,163.1545156594192,7.33,2.54,-0.2549290378353866,9.279682106624126,0,1.4299999999999997,24.27,-28.23,-32.57,False,0
J03WQQ,2,0:34:31.800000,DFL-OBJ-0002EL,DFL-OBJ-0000F8,1.7042300314218142,154.98310652189963,14.29,3.17,1.785756453870722,7.273101126754666,0,2.129999999999999,24.23,-28.27,-31.87,False,0
J03WQQ,2,0:34:35.800000,DFL-OBJ-0026V5,DFL-OBJ-0000F8,4.981405424174992,48.10947454921339,7.2,10.51,1.449206497162756,5.438428081716259,1,1.1499999999999986,19.08,-33.42,-32.85,False,0
J03WQQ,2,0:34:39.920000,DFL-OBJ-002FZR,DFL-OBJ-J0130T,1.4741099009232637,18.3259637238153,14.56,15.15,2.964725247691841,3.845750901969601,0,21.35,15.39,-37.11,-12.65,False,0
J03WQQ,2,0:34:45.200000,DFL-OBJ-00008K,DFL-OBJ-0026V5,4.944501997168168,20.70142384601146,10.1,16.42,3.871909362805175,7.738533452793235,2,13.89,68.31,-15.81,-20.11,False,0
J03WQQ,2,0:34:45.440000,DFL-OBJ-00008K,DFL-OBJ-0026V5,4.265969995206248,27.90268044863233,10.66,16.21,3.1750759151635366,7.324868599504023,2,14.54,68.55,-16.05,-19.46,False,0
J03WQQ,2,0:34:52.240000,DFL-OBJ-0028LZ,DFL-OBJ-J01L1F,4.83182160266705,23.47516199425153,14.36,27.19,4.62751784928606,20.417663921222722,0,31.12,93.53,41.03,-2.88,False,0
J03WQQ,2,0:35:10.520000,DFL-OBJ-0002EL,DFL-OBJ-0000NZ,3.854166576576575,35.46062703290137,13.94,11.74,2.2446351156857447,7.047793981097914,1,17.53,39.89,-12.61,-16.47,False,0
J03WQQ,2,0:35:12.280000,DFL-OBJ-J01HCH,DFL-OBJ-002GM9,2.2620565863832858,66.27112558780172,8.43,4.89,-0.014607360042359074,3.8906297690733824,1,33.2,31.25,-21.25,-0.8,False,0
J03WQQ,2,0:35:15.040000,DFL-OBJ-0028FW,DFL-OBJ-002FZR,4.970764528721914,24.366611533870795,14.01,23.16,10.725437371146432,17.76559877966403,0,31.61,93.8,-41.3,-2.39,False,0
J03WQQ,2,0:35:29.120000,DFL-OBJ-0026V5,DFL-OBJ-0000F8,4.93025354317605,33.85791613279354,9.55,14.55,3.324366142059869,14.563687719805033,0,3.0500000000000007,18.07,-34.43,-30.95,False,0
J03WQQ,2,0:35:35.320000,DFL-OBJ-0000NZ,DFL-OBJ-0026V5,4.975751199567759,37.27765649007226,13.41,6.37,5.0730818511416365,7.676672456214346,1,14.27,93.67,-41.17,-19.73,False,0
J03WQQ,2,0:35:43.400000,DFL-OBJ-002GNL,DFL-OBJ-00008K,4.967343354349485,31.495293924740988,5.07,17.56,4.157075243446515,10.644082863262573,1,21.65,52.89,0.39,-12.35,False,0
J03WQQ,2,0:35:44.600000,DFL-OBJ-J014L2,DFL-OBJ-00008K,4.516248443121792,8.547038389273641,0.62,15.21,4.084378892195521,8.997255136984835,1,28.8,53.9,1.4,-5.2,False,0
J03WQQ,2,0:35:46.800000,DFL-OBJ-0002EL,DFL-OBJ-0000F8,1.255906047441449,11.603476298484127,6.03,18.43,3.872055258445409,6.111039191495992,2,19.060000000000002,42.3,-10.2,-14.94,False,0
J03WQQ,2,0:35:56.320000,DFL-OBJ-0026V5,DFL-OBJ-0000F8,4.962358310319802,62.10843970156741,6.78,1.92,2.5436861581543657,8.787923531756523,1,3.370000000000001,43.21,-9.29,-30.63,False,0
J03WQQ,2,0:35:57.240000,DFL-OBJ-0002EL,DFL-OBJ-00005H,3.5762829865657997,21.495110459138633,6.63,11.95,2.4747699655635436,5.9440137954079475,2,10.05,45.35,-7.15,-23.95,False,0
J03WQQ,2,0:35:58.520000,DFL-OBJ-0028HW,DFL-OBJ-002GMO,1.1363538181394044,31.4772048392556,14.2,17.4,0.32346767904118445,6.780656310417154,0,15.82,31.29,-21.21,-18.18,False,0
J03WQQ,2,0:36:02.680000,DFL-OBJ-0002EL,DFL-OBJ-00005H,4.962993048554471,17.980756191255274,9.46,9.32,3.123816422801984,6.88547020907069,0,3.6400000000000006,42.6,-9.9,-30.36,False,0
J03WQQ,2,0:36:03.920000,DFL-OBJ-0028HW,DFL-OBJ-0000F8,4.9616227184258985,105.93570610234917,7.88,8.92,1.059319452113121,5.911454981643689,2,7.539999999999999,32.19,-20.31,-26.46,False,0
J03WQQ,2,0:36:06.720000,DFL-OBJ-J01HCH,DFL-OBJ-002GMO,1.930025906561877,84.21740211281877,10.82,4.68,2.084394329646167,3.130575027051739,1,22.130000000000003,21.44,-31.06,-11.87,False,0
J03WQQ,2,0:36:08.840000,DFL-OBJ-0026V5,DFL-OBJ-0000F8,4.9703118614429025,51.26668461200973,5.17,9.66,3.0442720592992045,7.275960417704319,1,11.04,25.07,-27.43,-22.96,False,0
J03WQQ,2,0:36:12.600000,DFL-OBJ-J01HCH,DFL-OBJ-002GMO,1.5815498727514097,2.0297326772451174,2.63,10.66,3.2441285134528006,2.884042302047596,1,21.15,16.67,-35.83,-12.85,False,0
J03WQQ,2,0:36:13.600000,DFL-OBJ-0000F8,DFL-OBJ-J01HCH,3.008521231435803,30.502417591845173,10.34,12.75,2.431711540107686,3.939657345506076,3,17.77,86.78,-34.28,-16.23,False,0
J03WQQ,2,0:37:07.200000,DFL-OBJ-0027AY,DFL-OBJ-J0130T,2.7387588429797893,11.914832445990399,10.07,15.3,4.9376796774842955,4.98712341936712,3,20.560000000000002,61.9,9.4,13.44,False,0
J03WQQ,2,0:37:07.640000,DFL-OBJ-J01HCH,DFL-OBJ-J01L1F,4.4685680032869595,77.51941516999581,1.98,6.28,1.1676439757321133,5.578566124014307,2,20.14,68.15,15.65,13.86,False,0
J03WQQ,2,0:37:09.680000,DFL-OBJ-0027AY,DFL-OBJ-J01L1F,4.260633755675322,30.865133994544266,15.99,20.46,0.7946486156041455,5.961912444845194,2,22.67,57.95,5.45,11.33,False,0
J03WQQ,2,0:37:13.120000,DFL-OBJ-0027W9,DFL-OBJ-J01KJ5,4.9084620809373645,66.08783402157846,12.58,15.19,5.065384965752409,11.430297458946551,1,4.850000000000001,34.769999999999996,-17.73,29.15,False,0
J03WQQ,2,0:37:28.200000,DFL-OBJ-J01HCH,DFL-OBJ-J01KJ5,3.8424080990961906,16.01918960614669,1.18,17.52,4.6331203513265935,4.447313795989664,2,7.550000000000001,30.08,-22.42,26.45,False,0
J03WQQ,2,0:37:28.480000,DFL-OBJ-J01HCH,DFL-OBJ-J01KJ5,2.4110163831878033,4.859663017887399,0.2,18.91,5.043056361055336,3.3668085778671766,2,7.57,30.02,-22.48,26.43,False,0
J03WQQ,2,0:37:30.400000,DFL-OBJ-J01L1F,DFL-OBJ-002GN4,2.743027524469997,8.892999548753904,5.08,15.49,1.483781499176443,5.4089740247111555,3,5.120000000000001,65.65,-13.15,28.88,False,0
J03WQQ,2,0:37:51.400000,DFL-OBJ-002GMO,DFL-OBJ-0028HW,0.7733692520394122,85.27986306895644,6.86,0.82,-0.2113241201690791,7.795498701173646,5,24.11,83.75,-31.25,9.89,False,0
J03WQQ,2,0:37:55.080000,DFL-OBJ-002GMV,DFL-OBJ-002GMO,2.4070729112347196,5.6276537762347925,11.87,6.87,-1.0161200221511613,5.70148226341186,4,28.08,30.63,-21.87,5.92,False,0
J03WQQ,2,0:37:55.560000,DFL-OBJ-J014L2,DFL-OBJ-J0130T,2.2998478210525155,63.84555757925491,7.54,15.58,0.9735679354579729,6.529356783022352,2,26.86,36.16,-16.34,7.14,False,0
J03WQQ,2,0:37:56.760000,DFL-OBJ-0002EL,DFL-OBJ-0000F8,4.9948973963435925,9.61882879037474,4.82,16.14,2.516839286838559,6.820593815790528,1,30.81,32.2,-20.3,-3.19,False,0
J03WQQ,2,0:38:05.680000,DFL-OBJ-0028HW,DFL-OBJ-0026RH,2.5480973293812736,133.59961815077486,12.02,2.49,3.0592648821745128,10.183997250588792,1,1.9399999999999977,5.170000000000002,-47.33,32.06,False,0
J03WQQ,2,0:38:23.480000,DFL-OBJ-J01KJ5,DFL-OBJ-002GMV,4.909674123605356,17.24572613586382,6.02,18.65,6.358480898483593,12.966159801575795,0,0.9399999999999977,98.53999999999999,-46.04,33.06,False,0
J03WQQ,2,0:38:29.440000,DFL-OBJ-J01HCH,DFL-OBJ-00005H,4.940941205883757,23.76511912052646,7.49,13.71,3.7963698450092687,7.687424796380126,1,1.1599999999999966,32.34,-20.16,32.84,False,0
J03WQQ,2,0:38:32.160000,DFL-OBJ-002GMV,DFL-OBJ-J0130T,4.955491902929517,49.49489478342128,11.63,17.67,3.225066225716333,7.798493444249346,2,17.1,28.19,-24.31,16.9,False,0
J03WQQ,2,0:38:32.840000,DFL-OBJ-J014L2,DFL-OBJ-J0130T,4.80160389869885,77.99451738361711,9.89,20.46,0.6572007009154546,8.537177519531852,3,18.68,37.269999999999996,-15.23,15.32,False,0
J03WQQ,2,0:38:34.840000,DFL-OBJ-0002EL,DFL-OBJ-0000F8,4.830093166803307,2.0551599159892464,1.94,15.6,5.213943610519,8.666314095392574,2,33.02,38.35,-14.15,0.98,False,0
J03WQQ,2,0:38:38.200000,DFL-OBJ-002GNL,DFL-OBJ-00008K,4.928417595942941,8.699314535666648,11.37,22.84,3.498267784047353,13.859711396706642,0,30.59,52.88,0.38,3.41,False,0
J03WQQ,2,0:38:39.880000,DFL-OBJ-J014L2,DFL-OBJ-J0130T,2.061188977265306,8.417103631477223,10.41,20.35,3.486508154650474,6.458149889867842,2,22.990000000000002,47.05,-5.45,11.01,False,0
J03WQQ,2,0:38:42.240000,DFL-OBJ-0027W9,DFL-OBJ-0026RH,4.978483704904536,1.2946207732584145,6.43,8.39,4.588626369466959,14.456987929717586,0,3.0,37.95,-14.55,31.0,False,0
J03WQQ,2,0:38:44.320000,DFL-OBJ-J01HCH,DFL-OBJ-J01KJ5,2.38170107276291,25.428800755545822,14.47,21.15,1.5767250102652397,6.554647206371978,1,5.100000000000001,23.46,-29.04,28.9,False,0
J03WQQ,2,0:38:45.240000,DFL-OBJ-0027W9,DFL-OBJ-0026RH,4.991242330322182,89.32068450673333,2.04,6.94,0.4266413627294696,9.611893673985373,0,1.6199999999999974,31.37,-21.13,32.38,False,0
J03WQQ,2,0:38:48,DFL-OBJ-0028HW,DFL-OBJ-002GMO,0.5824946351684285,25.319263882153468,13.89,17.78,1.1948245203900878,6.506896341574838,3,19.689999999999998,23.78,-28.72,14.31,False,0
J03WQQ,2,0:39:27.640000,DFL-OBJ-J01KJ5,DFL-OBJ-0027W9,2.088372572124047,11.18934452278559,2.61,15.52,4.095753870804222,4.624554032552763,2,3.969999999999999,40.63,11.87,30.03,False,0
J03WQQ,2,0:39:27.960000,DFL-OBJ-0026RH,DFL-OBJ-002GMV,1.5861904047118665,59.59020720502317,5.86,3.35,2.3166414656319056,3.1260358283295484,2,6.800000000000001,40.99,11.51,27.2,False,0
J03WQQ,2,0:39:46.040000,DFL-OBJ-0002EL,DFL-OBJ-J0130T,4.964886705656035,41.500503039135225,20.2,28.03,4.813926158754753,6.07842907337085,2,8.649999999999999,87.27000000000001,34.77,-25.35,False,0
J03WQQ,2,0:39:47.080000,DFL-OBJ-J0130T,DFL-OBJ-0002EL,1.437532608325806,27.593565058100072,23.84,10.79,-0.2823930116466383,12.245999346725444,0,5.629999999999999,23.13,29.37,-28.37,False,0
J03WQQ,2,0:39:51.920000,DFL-OBJ-0027AY,DFL-OBJ-J0130T,1.8164801127455272,14.593429234149902,1.8,19.24,5.443944934906943,5.492139837986647,1,5.5,63.37,10.87,-28.5,False,0
J03WQQ,2,0:40:23.240000,DFL-OBJ-0028HW,DFL-OBJ-0000NZ,0.5885575587824917,104.40233051346789,3.08,6.4,0.1751934830512672,3.6920725886688643,2,32.94,13.590000000000003,-38.91,1.06,False,0
J03WQQ,2,0:40:25.080000,DFL-OBJ-J014L2,DFL-OBJ-002GMO,3.891554959139085,35.767266637001875,9.78,11.21,4.413447098267131,5.626482026986314,2,30.98,18.39,-34.11,3.02,False,0
J03WQQ,2,0:40:52.520000,DFL-OBJ-0000NZ,DFL-OBJ-0027AY,4.92302752379062,7.149313834261506,10.16,10.91,1.270216356006073,14.892941281023035,0,5.449999999999999,89.17,-36.67,-28.55,False,0
J03WQQ,2,0:41:17.720000,DFL-OBJ-J014L2,DFL-OBJ-00005H,4.9129420920666265,16.68029141878013,6.11,10.02,2.4187076565773746,4.943278264471869,3,9.760000000000002,76.11,23.61,-24.24,False,0
J03WQQ,2,0:41:18.960000,DFL-OBJ-J01HCH,DFL-OBJ-J01L1F,4.892156988486775,4.989183415611578,14.24,20.94,3.343885200636736,6.273515760719821,3,20.5,71.6,19.1,-13.5,False,0
J03WQQ,2,0:41:20.360000,DFL-OBJ-00005H,DFL-OBJ-J01HCH,4.028895630318561,80.2367885623852,17.22,12.08,1.9398902108871208,9.320134119206656,2,19.23,38.7,13.8,-14.77,False,0
J03WQQ,2,0:41:24.760000,DFL-OBJ-00005H,DFL-OBJ-0027AY,1.0617438485811934,60.54823345822367,8.4,11.88,0.04344040820080608,3.196623218335249,3,11.64,41.71,10.79,-22.36,False,0
J03WQQ,2,0:41:27.440000,DFL-OBJ-0002EL,DFL-OBJ-00005H,4.908054604423223,63.454533296820706,14.5,16.12,3.5346887015154738,5.816837628815161,2,3.2399999999999984,63.89,11.39,-30.76,False,0
J03WQQ,2,0:41:29.440000,DFL-OBJ-0027AY,DFL-OBJ-00005H,4.670770814330329,3.040694143892437,8.43,18.82,4.79854716068822,4.967293025381127,2,3.2600000000000016,49.5,-3.0,-30.74,False,0
J03WQQ,2,0:41:30.600000,DFL-OBJ-0002EL,DFL-OBJ-0000F8,4.552900174613978,72.53254280395602,15.97,17.92,-1.9881033225069755,7.133246105385682,1,8.239999999999998,53.67,1.17,-25.76,False,0
J03WQQ,2,0:41:33.960000,DFL-OBJ-0028HW,DFL-OBJ-002GMO,4.639073183298577,13.959883447148325,4.45,2.75,0.677698909540807,8.390148985566347,0,25.75,39.59,-12.91,-8.25,False,0
J03WQQ,2,0:42:01.880000,DFL-OBJ-J01KJ5,DFL-OBJ-J01HCH,4.983783703171717,86.81858876411894,29.39,23.77,4.450319717562971,6.894004641715872,0,2.710000000000001,57.14,-4.64,31.29,False,0
J03WQQ,2,0:42:08.320000,DFL-OBJ-0026RH,DFL-OBJ-002GMV,4.991442677222689,29.705587203949243,18.2,18.27,1.549601496159747,9.217119940632216,1,3.25,55.14,-2.64,30.75,False,0
J03WQQ,2,0:42:11,DFL-OBJ-002GMO,DFL-OBJ-0028HW,4.839938016132022,35.35864528044279,11.29,19.17,3.953970705466956,13.79762660750029,0,13.43,73.22,-20.72,20.57,False,0
J03WQQ,2,0:42:14.440000,DFL-OBJ-0028FW,DFL-OBJ-0027AY,4.987544486017144,52.37330817065346,4.11,11.95,2.4486201407356667,12.371903653035778,0,33.55,86.92,-34.42,-0.45,False,0
J03WQQ,2,0:42:22.120000,DFL-OBJ-J014L2,DFL-OBJ-0000F8,2.4681166909204273,29.37435812689521,7.9,19.87,2.5637293970150385,7.856112270073538,2,30.55,53.01,0.51,3.45,False,0
J03WQQ,2,0:42:23.440000,DFL-OBJ-0028HW,DFL-OBJ-002GMO,1.8777113729218353,24.89207564626541,9.24,15.22,1.650453634536373,7.12068816899041,2,25.29,37.59,-14.91,8.71,False,0
J03WQQ,2,0:42:28.480000,DFL-OBJ-0002EL,DFL-OBJ-00005H,4.891155282752736,61.30563805670851,19.98,23.46,5.938443976583263,10.158444762856176,0,16.82,27.8,-24.7,-17.18,False,0
J03WQQ,2,0:42:30.600000,DFL-OBJ-0028HW,DFL-OBJ-002GMO,3.7476926234684744,155.98419864571093,7.66,10.18,-1.583306758109596,5.171189418306005,2,28.77,15.270000000000003,-37.23,5.23,False,0
J03WQQ,2,0:43:18.520000,DFL-OBJ-J01L1F,DFL-OBJ-002GN4,1.0300485425454455,140.48241551120924,27.72,26.86,-0.12639719876643918,15.428577380951234,0,12.329999999999998,22.02,30.48,21.67,False,0
J03WQQ,2,0:43:18.760000,DFL-OBJ-002GN4,DFL-OBJ-J01L1F,1.0555093557141055,47.645431523038916,24.03,25.54,-0.11637373815937324,19.810030287710315,0,10.809999999999999,85.13,32.63,23.19,False,0
J03WQQ,2,0:43:34.240000,DFL-OBJ-002GMV,DFL-OBJ-00005H,1.852835664596295,80.22100070979465,13.33,14.18,0.9000894328787529,4.546581133115299,1,11.280000000000001,55.64,3.14,22.72,False,0
J03WQQ,2,0:43:34.480000,DFL-OBJ-002GMV,DFL-OBJ-00005H,1.6787197502859137,69.14021493442627,13.99,15.98,0.7187372175779594,3.8578361810735298,1,11.16,54.73,2.23,22.84,False,0
J03WQQ,2,0:43:37.640000,DFL-OBJ-J01HCH,DFL-OBJ-00005H,4.907677658526485,11.305331545639552,8.0,9.03,4.647679826140996,5.625317768802044,2,2.6999999999999993,54.8,2.3,31.3,False,0
J03WQQ,2,0:44:40.680000,DFL-OBJ-J01L1F,DFL-OBJ-J01HCH,0.6800735254367696,31.797764773329728,12.28,10.6,0.09998978914755124,9.414887147491463,1,1.009999999999998,20.340000000000003,32.16,32.99,False,0
J03WQQ,2,0:44:41.040000,DFL-OBJ-J01L1F,DFL-OBJ-J01HCH,0.646374504447692,3.59070914465308,11.19,9.21,0.14935408327175603,9.533855463557227,1,0.8100000000000023,19.18,33.32,33.19,False,0
J03WQQ,2,0:44:54.960000,DFL-OBJ-0028LZ,DFL-OBJ-00008K,4.964272353527755,23.71475474341289,23.97,27.22,1.1744672567052516,20.1183001269988,0,32.32,101.1,48.6,-1.68,False,0
J03WQQ,2,0:44:57.280000,DFL-OBJ-0002EL,DFL-OBJ-0000F8,4.872217154438011,27.300743932217916,4.87,20.02,4.132641965429202,16.2414777652774,0,7.68,92.35,39.85,-26.32,False,0
J03WQQ,2,0:45:00,DFL-OBJ-002GNL,DFL-OBJ-00005H,4.988596997152604,48.97981285874834,13.76,15.69,5.798855752294334,5.231156659860228,2,6.98,77.08,24.58,-27.02,False,0
J03WQQ,2,0:45:12.280000,DFL-OBJ-0002EL,DFL-OBJ-0000F8,4.943531126634079,14.780961778781732,7.04,18.15,2.567344666673863,7.211102550927981,1,0.7299999999999969,55.06,2.56,-33.27,False,0
J03WQQ,2,0:45:19.560000,DFL-OBJ-J01HCH,DFL-OBJ-00005H,4.968671854731403,55.986257215401096,19.82,25.63,4.371492338709646,8.32204301839398,0,30.259999999999998,30.4,-22.1,3.74,False,0
J03WQQ,2,0:45:23.560000,DFL-OBJ-J01KJ5,DFL-OBJ-J01HCH,2.146625258399796,6.768593080244298,24.99,16.56,-1.8764879319102534,8.035322022171856,3,22.23,78.44,-25.94,11.77,False,0
J03WQQ,2,0:45:26.200000,DFL-OBJ-0027W9,DFL-OBJ-0026RH,4.950646422438186,13.72434276731893,3.79,7.56,1.1105074326251785,6.332432392059151,1,14.91,33.1,-19.4,19.09,False,0
J03WQQ,2,0:45:26.720000,DFL-OBJ-J01HCH,DFL-OBJ-0026RH,2.7769407627819485,35.24945681547602,5.07,13.73,4.768033441102639,4.7652596991139955,2,20.18,30.49,-22.01,13.82,False,0
J03WQQ,2,0:45:27.160000,DFL-OBJ-0026RH,DFL-OBJ-J01HCH,1.2723600119463043,14.735521887886634,16.22,4.81,3.350992881075144,5.48760421313345,3,18.71,73.83,-21.33,15.29,False,0
J03WQQ,2,0:47:36.720000,DFL-OBJ-00005H,DFL-OBJ-0027AY,1.678392087683926,11.306383539123578,22.42,19.74,0.07967762491194907,6.789911634181994,1,4.129999999999999,46.35,6.15,-29.87,False,0
J03WQQ,2,0:47:37.080000,DFL-OBJ-00005H,DFL-OBJ-0027AY,2.1203773249117734,9.014134602744797,24.26,16.86,-1.1638398569619284,4.880163931672787,2,2.5799999999999983,44.62,7.88,-31.42,False,0
J03WR9,1,0:02:04.472000,DFL-OBJ-0002DT,DFL-OBJ-J0130T,0.8621484790916242,93.75110386844,10.63,16.23,1.1081583333155183,2.6943088167468865,1,-0.07000000000000028,76.78,24.28,34.07,False,1
J03WR9,1,0:02:05.895000,DFL-OBJ-0000YE,DFL-OBJ-002GM9,0.4404543109109054,73.4855956404775,12.87,13.17,0.387571715818676,7.537227607018378,1,3.5700000000000003,48.33,-4.17,30.43,False,1
J03WR9,1,0:02:18.024000,DFL-OBJ-0025YM,DFL-OBJ-J01KJ5,6.122393322876272,120.08935353466246,5.9,5.02,-1.8927202813643373,6.122393322876272,0,8.329999999999998,35.36,-17.14,25.67,False,1
J03WR9,1,0:02:53.580000,DFL-OBJ-0000YE,DFL-OBJ-002GM9,0.5977457653551385,146.3664053445798,2.45,5.34,0.6245975966538647,4.910661869850133,1,26.91,42.019999999999996,-10.48,7.09,False,1
J03WR9,1,0:05:04.371000,DFL-OBJ-002GM1,DFL-OBJ-0026MI,4.068734446974883,20.049737755638755,6.97,10.63,2.575541063771485,7.985142453331688,1,2.34,25.57,26.93,-31.66,False,1
J03WR9,1,0:05:09.820000,DFL-OBJ-002GM1,DFL-OBJ-0026MI,0.923471710449215,78.35888173756432,21.72,26.03,2.934947808252811,3.132299474826759,1,11.96,5.240000000000002,47.26,-22.04,False,1
J03WR9,1,0:05:21.154000,DFL-OBJ-0026RH,DFL-OBJ-0026WW,1.717352613763403,136.82424362755714,2.48,11.33,-1.4691559768440992,1.717352613763403,2,28.31,11.64,40.86,-5.69,False,1
J03WR9,1,0:05:35.145000,DFL-OBJ-002FXT,DFL-OBJ-002GPN,1.6521501142450712,78.77914923153523,1.83,8.44,-0.14940492651679682,6.094169344545655,1,7.239999999999998,24.31,28.19,-26.76,False,1
J03WR9,1,0:06:28.980000,DFL-OBJ-00008K,DFL-OBJ-002GPN,3.9902130268946796,45.644576198040994,5.04,6.31,-0.023616922497742276,4.836992867474586,3,29.490000000000002,9.350000000000001,43.15,4.51,False,1
J03WR9,1,0:07:41.955000,DFL-OBJ-002GM1,DFL-OBJ-0025YM,5.111496845347751,13.48568378249397,7.1,16.33,4.801235844523519,7.410006747635254,2,20.9,55.91,-3.41,-13.1,False,1
J03WR9,1,0:08:42.499000,DFL-OBJ-00008K,DFL-OBJ-0002DT,1.4261135999631978,154.3830445726985,16.46,13.09,-0.9142228915968353,3.8624603557836013,3,17.55,19.619999999999997,32.88,-16.45,False,1
J03WR9,1,0:09:27.580000,DFL-OBJ-002GM1,DFL-OBJ-0025YM,12.848198317273903,50.4563085496594,12.59,17.64,-0.4683137988893282,8.703332695008273,1,3.1900000000000013,64.64,-12.14,-30.81,True,1
J03WR9,1,0:10:29.261000,DFL-OBJ-002GM1,DFL-OBJ-00265G,8.660190529081909,165.3140197955903,8.95,23.63,-7.054886235284529,7.9825935634980185,1,31.1,44.769999999999996,7.73,2.9,False,1
J03WR9,1,0:10:35.884000,DFL-OBJ-00265G,DFL-OBJ-002GM9,1.1447707194019228,71.51136915192792,13.64,16.13,-1.1318617708252126,4.330011547328714,2,20.3,35.15,-17.35,13.7,False,1
J03WR9,1,0:12:19.784000,DFL-OBJ-0028GO,DFL-OBJ-002FXT,2.4129857024027315,168.5942448345095,4.18,15.06,-2.4341139395423563,7.372767458695546,1,14.600000000000001,89.86,37.36,-19.4,False,1
J03WR9,1,0:12:12.340000,DFL-OBJ-0026MI,DFL-OBJ-00008K,1.4068759717899844,58.0280476064907,3.96,10.17,1.2604925631149333,15.703022002149778,0,4.309999999999999,96.13,43.63,-29.69,False,1
J03WR9,1,0:13:08.150000,DFL-OBJ-0026RH,DFL-OBJ-00265G,3.2663894440191923,79.23971678928612,21.51,13.75,-0.5708682783228158,5.55409758646713,1,31.79,27.05,25.45,-2.21,False,1
J03WR9,1,0:13:09.300000,DFL-OBJ-0026RH,DFL-OBJ-0002DT,1.578131806916013,147.38618782675053,13.91,11.55,-2.015303610728155,3.049458968407346,2,30.95,28.56,23.94,3.05,False,1
J03WR9,1,0:15:01.032000,DFL-OBJ-00021G,DFL-OBJ-J0130T,1.078981000759513,119.55258015923428,6.56,4.32,-1.0482102516517169,10.860957600506504,2,1.3599999999999994,33.54,-18.96,32.64,False,1
J03WR9,1,0:14:21.100000,DFL-OBJ-002GPN,DFL-OBJ-002FXT,1.4024621207005903,53.762954052602,19.72,29.47,2.9114474438226043,10.39325261888693,0,8.260000000000002,72.68,20.18,-25.74,False,1
J03WR9,1,0:14:22.620000,DFL-OBJ-00265G,DFL-OBJ-00028V,6.194069744521774,11.999959718029256,7.14,22.12,5.131475463533743,6.194069744521774,1,10.829999999999998,58.230000000000004,5.73,-23.17,False,1
J03WR9,1,0:16:23.580000,DFL-OBJ-002FXT,DFL-OBJ-0028GO,2.7014810752622354,41.31043626315382,19.46,10.33,-2.9581460754833477,4.118252056394798,0,28.9,31.55,20.95,5.1,False,1
J03WR9,1,0:16:33.140000,DFL-OBJ-0002DT,DFL-OBJ-J01KJ5,10.837513552471341,13.509938826599168,4.43,14.57,5.350023309100651,13.893527269919618,3,19.25,82.77,30.27,14.75,True,1
J03WR9,1,0:18:17.747000,DFL-OBJ-0002DT,DFL-OBJ-0026RH,2.171128738697917,176.72918488737216,4.04,11.55,-3.6191621219762005,5.013790980884626,0,18.79,21.23,-31.27,15.21,False,1
J03WR9,1,0:18:42.619000,DFL-OBJ-002GPN,DFL-OBJ-002FXT,0.8421995013059558,27.424093069535715,4.29,4.27,1.2967982649273773,10.686538260821417,1,4.16,51.01,-1.49,-29.84,False,1
J03WR9,1,0:18:12.780000,DFL-OBJ-0000YE,DFL-OBJ-002GMO,1.7341568556506066,67.90069486425558,23.5,26.28,1.36926604519969,6.022167383924163,2,23.259999999999998,11.32,-41.18,10.74,False,1
J03WR9,1,0:20:53.180000,DFL-OBJ-00265G,DFL-OBJ-00028V,1.0062305898749038,150.06848815949184,17.1,6.35,3.594302820356138,2.086552180032889,2,16.95,76.18,23.68,-17.05,False,1
J03WR9,1,0:20:55.260000,DFL-OBJ-00265G,DFL-OBJ-J0130T,1.4638647478507012,0.8303154862578446,22.87,7.93,8.828057097422432,2.3640008460235387,2,22.96,64.44,11.94,-11.04,False,1
J03WR9,1,0:22:40.847000,DFL-OBJ-J0130T,DFL-OBJ-0000YE,2.5366316248127156,22.045775374631127,15.65,17.63,6.075370039901423,12.89208284180644,0,28.23,57.62,-5.12,5.77,False,1
J03WR9,1,0:23:09.207000,DFL-OBJ-002FXT,DFL-OBJ-0028GO,1.486606874731849,9.392970884807557,10.52,6.59,-0.4064945282969057,7.229280738773397,2,16.94,27.65,24.85,17.06,False,1
J03WR9,1,0:23:09.639000,DFL-OBJ-0028GO,DFL-OBJ-00028V,11.097049157321056,18.310277884788004,2.83,14.89,4.294562532386679,6.8088251556344135,3,17.64,78.13,25.63,16.36,True,1
J03WR9,1,0:23:14.487000,DFL-OBJ-0025YM,DFL-OBJ-J0130T,1.8696791168540132,84.90206797259003,13.17,14.91,-2.77354001126021,3.6519720699917726,3,15.879999999999999,59.96,7.46,18.12,False,1
J03WR9,1,0:24:14.776000,DFL-OBJ-0000NZ,DFL-OBJ-00265G,1.7517134468856477,55.635785431453854,14.55,15.14,-1.1713832135232531,12.997788273394827,0,10.59,8.079999999999998,44.42,-23.41,False,1
J03WR9,1,0:24:41.065000,DFL-OBJ-00265G,DFL-OBJ-0000NZ,2.5028184113115364,179.95608594279685,20.81,19.67,0.43791476324190004,6.495598509760285,1,5.789999999999999,48.5,-4.0,-28.21,False,1
J03WR9,1,0:26:22.105000,DFL-OBJ-0028GO,DFL-OBJ-J0130T,0.9334880824091961,88.03725795840133,20.41,6.92,4.458600825848222,1.9077997798511235,1,24.39,63.96,11.46,-9.61,False,1
J03WR9,1,0:26:55.209000,DFL-OBJ-0001ZY,DFL-OBJ-00028V,1.4073023839957073,148.89675925749287,13.63,14.41,-0.5164856489894459,6.9708679516972625,1,2.9400000000000013,65.25,12.75,31.06,False,1
J03WR9,1,0:26:58.410000,DFL-OBJ-0002DT,DFL-OBJ-002GM1,4.898418112003099,3.1075402461048305,6.5,9.03,0.5661803268101373,7.247516816123989,1,23.33,58.07,5.57,10.67,False,1
J03WR9,1,0:27:22.619000,DFL-OBJ-0025YM,DFL-OBJ-J0130T,0.8028075734570526,174.1632636845127,9.26,4.89,0.30490667069674876,2.306729286240585,3,10.350000000000001,23.65,-28.85,23.65,False,1
J03WR9,1,0:28:59.620000,DFL-OBJ-0026WW,DFL-OBJ-002GM9,24.093494972709955,87.37737273808065,15.54,4.74,-3.564825098821114,7.924424269308149,1,32.01,37.96,-14.54,-1.99,True,1
J03WR9,1,0:30:45.653000,DFL-OBJ-00028V,DFL-OBJ-0002DT,0.5024937810560445,87.56104629762207,23.76,24.74,0.4291809264282073,9.827644682221678,0,21.439999999999998,57.21,-4.71,12.56,False,1
J03WR9,1,0:30:52.141000,DFL-OBJ-002GM1,DFL-OBJ-00265G,4.997999599839921,38.118723625509666,22.92,32.31,4.964096051404412,6.186840873984073,1,17.75,35.72,16.78,-16.25,False,1
J03WR9,1,0:32:07.860000,DFL-OBJ-0000YE,DFL-OBJ-002GM9,6.551465484912516,126.52626327759728,5.57,5.8,0.15161154253524822,6.551465484912516,2,13.3,50.41,-2.09,20.7,False,1
J03WR9,1,0:32:27.940000,DFL-OBJ-002GM1,DFL-OBJ-0028GO,7.069688819177263,136.674154984413,16.3,9.12,-6.10481195062186,7.069688819177263,1,25.92,55.4,-2.9,8.08,False,1
J03WR9,1,0:32:32.140000,DFL-OBJ-002GM1,DFL-OBJ-0025YM,12.766769364251866,149.15080502107043,12.11,15.21,-7.059819295306822,12.766769364251866,2,33.96,51.16,1.34,-0.04,True,1
J03WR9,1,0:33:29.140000,DFL-OBJ-J0130T,DFL-OBJ-0028GO,1.5882380174268556,105.31208361819974,5.67,7.63,-1.1552353862586828,3.768885776990328,1,13.329999999999998,25.53,26.97,-20.67,False,1
J03WR9,1,0:33:34.260000,DFL-OBJ-J0130T,DFL-OBJ-00265G,4.515052602129903,155.0908163920295,1.61,4.99,-1.0726302816341815,9.65207231634741,1,13.739999999999998,25.35,27.15,-20.26,False,1
J03WR9,1,0:33:41.300000,DFL-OBJ-00021G,DFL-OBJ-J01KJ5,2.7060118255469634,76.35803271389884,13.11,8.78,4.900357270695783,2.7350319925002733,1,12.2,87.86,35.36,21.8,False,1
J03WR9,1,0:34:45.433000,DFL-OBJ-002FXT,DFL-OBJ-0026MI,2.395203540411546,1.541516173139318,6.97,14.58,2.5941310336385914,6.260391361568382,1,32.48,29.17,23.33,1.52,False,1
J03WR9,1,0:35:10.249000,DFL-OBJ-002GPN,DFL-OBJ-00008K,2.1403737991294904,64.22353034143826,6.7,6.68,-1.2240409930189349,20.81623645138573,0,2.9200000000000017,104.78,52.28,-31.08,False,1
J03WR9,1,0:35:54.820000,DFL-OBJ-0002DT,DFL-OBJ-002GMO,0.8030566605165539,93.38710566467728,17.0,24.12,1.995482128958228,2.4890962215229844,1,28.4,13.420000000000002,-39.08,-5.6,False,1
J03WR9,1,0:35:53.580000,DFL-OBJ-0002DT,DFL-OBJ-J01KJ5,0.6800735254367728,136.29161026877924,19.82,21.77,0.9395368155656305,2.4374166652421163,2,27.259999999999998,20.25,-32.25,-6.74,False,1
J03WR9,1,0:36:26.177000,DFL-OBJ-00028V,DFL-OBJ-0028GO,0.5948108943185223,73.66585440445104,18.14,18.21,0.9415783311906434,8.890320579146737,5,20.65,72.17,-19.67,13.35,False,1
J03WR9,1,0:36:26.802000,DFL-OBJ-00028V,DFL-OBJ-0025YM,4.60492128054324,45.848124733853986,17.57,14.04,6.926785713227674,4.60492128054324,4,23.82,71.9,-19.4,10.18,False,1
J03WR9,1,0:35:55.780000,DFL-OBJ-0002DT,DFL-OBJ-J01KJ5,1.549451515859724,1.6045923220092086,4.25,8.73,2.870998701917592,2.2853008554673973,2,29.240000000000002,11.46,-41.04,-4.76,False,1
J03WR9,1,0:36:51.394000,DFL-OBJ-002GMO,DFL-OBJ-0000YE,1.20208152801713,49.546835327701935,23.04,21.85,-0.3849700518457916,9.470480452437458,0,12.100000000000001,27.39,25.11,-21.9,False,1
J03WR9,1,0:36:51.834000,DFL-OBJ-002GMO,DFL-OBJ-0026MI,10.375668653151951,94.82048483411272,18.97,6.25,5.23498633489849,8.491648838712065,0,12.690000000000001,24.93,27.57,-21.31,True,1
J03WR9,1,0:38:08.915000,DFL-OBJ-0025YM,DFL-OBJ-J0130T,1.1414026458704218,66.01722374892212,14.97,15.6,1.2453499331919016,8.949620103669204,3,14.329999999999998,56.92,4.42,-19.67,False,1
J03WR9,1,0:39:17.806000,DFL-OBJ-0026RH,DFL-OBJ-0026MI,4.07461654637587,22.278733913435584,14.15,18.51,3.410907843378954,4.07461654637587,2,13.370000000000001,7.030000000000001,45.47,-20.63,False,1
J03WR9,1,0:39:24.496000,DFL-OBJ-00028V,DFL-OBJ-0028GO,6.051793122703388,22.78649667079111,1.03,5.78,1.0947274975984045,6.051793122703388,1,15.629999999999999,22.09,30.41,-18.37,False,1
J03WR9,1,0:39:31.156000,DFL-OBJ-00028V,DFL-OBJ-0028GO,1.2486793023030394,24.000944232695073,4.57,3.8,-0.029369036544354965,3.1500634914236256,3,16.9,20.450000000000003,32.05,-17.1,False,1
J03WR9,1,0:39:50.940000,DFL-OBJ-0028GO,DFL-OBJ-00028V,1.170042734262301,25.277722235552964,16.34,23.26,1.5348539265034882,9.55471087997957,0,27.72,76.85,24.35,-6.28,False,1
J03WR9,1,0:40:01.956000,DFL-OBJ-0028GO,DFL-OBJ-00028V,0.7831347265956217,113.12464520966742,17.82,22.34,-0.04439750467381376,10.99841806806779,0,21.740000000000002,76.78,24.28,-12.26,False,1
J03WR9,1,0:40:46.780000,DFL-OBJ-00028V,DFL-OBJ-0028GO,0.4596737973824484,129.71989064842236,11.64,7.49,0.7750036470332644,10.241215748142404,2,13.16,48.79,3.71,20.84,False,1
J03WR9,1,0:41:33.660000,DFL-OBJ-0000NZ,DFL-OBJ-0026MI,1.4729901561110303,55.72496034313696,20.3,11.07,7.072581559827338,6.336718393616685,0,6.219999999999999,44.01,8.49,-27.78,False,1
J03WR9,1,0:43:22.232000,DFL-OBJ-0026RH,DFL-OBJ-00021G,4.200773738253466,12.646263592985521,5.47,5.57,0.2994833853866452,4.200773738253466,3,29.490000000000002,6.490000000000002,46.01,4.51,False,1
J03WR9,1,0:44:51.904000,DFL-OBJ-002GM1,DFL-OBJ-0002DT,1.5007331541616566,80.20267649602931,14.25,15.49,0.5792322260897936,3.1918803235710436,2,24.21,35.97,16.53,-9.79,False,1
J03WR9,1,0:44:52.601000,DFL-OBJ-002GM1,DFL-OBJ-0025YM,4.733244130614858,101.64025039440506,4.13,8.01,-1.536266149800276,1.7844326829555663,2,23.18,34.85,17.65,-10.82,False,1
J03WR9,1,0:45:23.020000,DFL-OBJ-J01KJ5,DFL-OBJ-0002DT,1.4268847185389566,81.34569946053716,24.76,29.91,4.5062787746509985,3.0365934861288224,1,14.18,39.85,12.65,19.82,False,1
J03WR9,2,0:01:17.380000,DFL-OBJ-002FXT,DFL-OBJ-0026WW,3.1439624679693616,176.5131933582413,6.12,15.81,-3.6746642414322954,9.491285476688603,0,15.21,39.85,-12.65,-18.79,False,1
J03WR9,2,0:01:21.420000,DFL-OBJ-0026WW,DFL-OBJ-002FXT,1.03600193050013,49.737180184923346,29.01,26.09,-0.8981123946814586,2.9210443337957046,1,12.84,39.05,13.45,-21.16,False,1
J03WR9,2,0:02:04.860000,DFL-OBJ-002GM1,DFL-OBJ-00265G,0.769220384545287,141.99977113482277,13.54,8.62,3.8337927919446657,2.110852908186642,3,18.28,59.42,6.92,15.72,False,1
J03WR9,2,0:02:49.380000,DFL-OBJ-0028G2,DFL-OBJ-002GMO,1.6510905486980414,101.38879791562789,3.51,11.5,-0.5666520956312221,5.822619685330651,2,33.6,36.62,15.88,-0.4,False,1
J03WR9,2,0:06:23.408000,DFL-OBJ-002GMO,DFL-OBJ-0000YE,4.175547868244358,111.50303792274079,0.37,3.19,-0.31383880646040474,13.435672666450312,0,9.649999999999999,57.99,5.49,24.35,False,1
J03WR9,2,0:08:11.950000,DFL-OBJ-0025YM,DFL-OBJ-J0130T,0.8886506625215526,123.74394357714756,7.18,9.19,-0.7859212547677576,5.161414534795669,2,24.060000000000002,14.43,38.07,-9.94,False,1
J03WR9,2,0:08:14.500000,DFL-OBJ-0002DT,DFL-OBJ-00028V,1.6070158679988196,54.06605625815646,3.69,16.59,3.651391155091935,2.39493214935204,2,32.87,15.149999999999999,37.35,1.13,False,1
J03WR9,2,0:09:16.620000,DFL-OBJ-0000YE,DFL-OBJ-J0130T,3.7740429250341077,156.34151020638146,9.07,12.71,-5.087406770919591,3.7740429250341077,1,30.71,26.64,25.86,-3.29,False,1
J03WR9,2,0:10:20.740000,DFL-OBJ-J0130T,DFL-OBJ-002GPN,0.667308024828115,41.16005126450812,25.66,23.03,-0.3226753979904981,5.259743339745771,1,28.97,60.4,7.9,-5.03,False,1
J03WR9,2,0:14:09.567000,DFL-OBJ-002GM1,DFL-OBJ-002GPN,0.9338094023943005,63.38522910049553,19.79,18.52,0.4731668259418989,4.978051827773592,2,11.690000000000001,49.1,-3.4,22.31,False,1
J03WR9,2,0:14:53.048000,DFL-OBJ-002FXT,DFL-OBJ-0000F9,1.1308846094982472,16.152821388780673,15.68,3.09,-1.473512886677523,1.7044940598312452,2,21.59,22.03,-30.47,-12.41,False,1
J03WR9,2,0:14:55.401000,DFL-OBJ-0002DT,DFL-OBJ-002FXT,3.7215588131856796,162.4206806021629,14.95,9.66,-2.9147460721557206,3.7215588131856796,4,16.47,77.53,-25.03,-17.53,False,1
J03WR9,2,0:15:13.624000,DFL-OBJ-0028G2,DFL-OBJ-J01KJ5,0.6802940540677976,53.32329548354504,7.42,2.69,-0.5098845987880299,13.172444723740542,0,11.18,1.2199999999999989,51.28,-22.82,False,1
J03WR9,2,0:15:32.944000,DFL-OBJ-00028V,DFL-OBJ-0000YE,1.2571793825862718,58.67130713219586,22.99,15.74,-1.6576033787143851,4.887463554851329,1,20.59,47.43,-5.07,-13.41,False,1
J03WR9,2,0:16:52.673000,DFL-OBJ-002GM1,DFL-OBJ-002GPN,3.5727860277380157,173.702817224765,1.31,1.53,-1.1103204213186402,3.5727860277380157,1,30.22,22.33,-30.17,3.78,False,1
J03WR9,2,0:18:32.980000,DFL-OBJ-002FXT,DFL-OBJ-0025YM,3.4182597911803017,144.77897597274657,20.39,11.43,0.03649040671670489,6.863963869368777,1,20.65,48.2,-4.3,13.35,False,1
J03WR9,2,0:18:46.859000,DFL-OBJ-002GMO,DFL-OBJ-0002DT,8.470897237010965,5.242550486431808,11.74,15.94,6.313346206358124,8.470897237010965,0,21.939999999999998,75.77,23.27,12.06,False,1
J03WR9,2,0:20:46.925000,DFL-OBJ-J0130T,DFL-OBJ-0028G2,10.684736777291238,47.714395965056376,18.75,15.5,1.5402818707438337,10.684736777291238,0,18.92,30.48,-22.02,-15.08,True,1
J03WR9,2,0:20:48.597000,DFL-OBJ-J0130T,DFL-OBJ-0025YM,11.005112448312376,17.50079121062935,7.15,6.24,0.3544599518476854,11.005112448312376,1,12.68,31.09,-21.41,-21.32,True,1
J03WR9,2,0:21:51.327000,DFL-OBJ-00028V,DFL-OBJ-00265G,0.7280109889280569,99.92937807828997,14.81,19.39,-0.1270271769864459,1.9672569735548013,2,7.09,18.939999999999998,-33.56,26.91,False,1
J03WR9,2,0:21:53.060000,DFL-OBJ-00265G,DFL-OBJ-00028V,2.0124860247961953,30.5476607194429,13.37,7.09,-1.7103529751220747,10.276716401652815,1,-1.6099999999999994,87.28999999999999,-34.79,35.61,False,1
J03WR9,2,0:24:00.016000,DFL-OBJ-00265G,DFL-OBJ-0000NZ,6.404568681808323,121.5657504701052,8.77,13.8,-1.3919783156636334,13.71204215279402,1,-0.7100000000000009,24.26,28.24,34.71,False,1
J03WR9,2,0:24:15.625000,DFL-OBJ-00008K,DFL-OBJ-00021G,2.357477465427826,16.034237677421842,9.56,25.87,3.564272555443909,4.126620893661061,0,0.9699999999999989,42.67,-9.83,33.03,False,1
J03WR9,2,0:25:16.866000,DFL-OBJ-00008K,DFL-OBJ-002GPN,3.9401142115426038,69.67653067917504,12.03,12.02,1.6585426043636586,3.9401142115426038,4,31.240000000000002,44.47,-8.03,2.76,False,1
J03WR9,2,0:26:43.827000,DFL-OBJ-00008K,DFL-OBJ-0000F9,0.9847842403288135,152.41945414607662,0.59,6.41,-0.9812513113259527,5.5835830789914835,1,16.82,22.27,-30.23,17.18,False,1
J03WR9,2,0:26:52.555000,DFL-OBJ-002GMO,DFL-OBJ-00265G,8.732909022771278,153.39794607727507,6.1,21.37,-4.4172646614375894,8.732909022771278,0,8.100000000000001,54.12,1.62,25.9,False,1
J03WR9,2,0:26:55.180000,DFL-OBJ-002GM9,DFL-OBJ-0000YE,1.40687597178998,162.74052878001208,12.17,16.45,-1.5646275104982856,17.67659752327919,0,32.31,71.46000000000001,18.96,-1.69,False,1
J03WR9,2,0:28:35.700000,DFL-OBJ-J0130T,DFL-OBJ-00017G,0.5147815070493515,9.112219517380106,18.94,21.52,0.6810718927784378,6.772067631085795,2,9.809999999999999,26.95,-25.55,-24.19,False,1
J03WR9,2,0:28:11.060000,DFL-OBJ-J01KJ5,DFL-OBJ-0002DT,1.2298373876248847,173.1922132705322,13.32,13.55,1.475475211738112,7.100176054155277,2,9.95,46.1,-6.4,-24.05,False,1
J03WR9,2,0:29:39.751000,DFL-OBJ-0001ZY,DFL-OBJ-002GMO,0.5977457653551368,108.39361982346841,3.66,12.72,0.8135025671810137,3.5997361014385483,1,25.3,29.25,23.25,-8.7,False,1
J03WR9,2,0:31:28.167000,DFL-OBJ-00008K,DFL-OBJ-0000F9,1.0104454463255281,80.16854304051844,5.57,1.82,-0.8689322738961675,4.023046109604011,2,0.5200000000000031,26.67,-25.83,33.48,False,1
J03WR9,2,0:31:50.633000,DFL-OBJ-002FXT,DFL-OBJ-0001ZY,12.059854891332648,88.14748309584402,12.23,14.18,2.4667409427651865,7.229965421770702,1,30.07,24.18,-28.32,3.93,True,1
J03WR9,2,0:32:58.080000,DFL-OBJ-002GPN,DFL-OBJ-0000F8,1.0423531071570709,127.81386651871705,5.59,18.14,2.3753319434001376,3.878582215191523,1,10.46,60.14,-7.64,23.54,False,1
J03WR9,2,0:32:06.780000,DFL-OBJ-0002DT,DFL-OBJ-J01KJ5,0.7324616030891994,41.56857816314332,5.79,1.73,-0.5811540077229973,1.4208800090085034,1,5.149999999999999,53.98,-1.48,-28.85,False,1
J03WR9,2,0:32:08.220000,DFL-OBJ-0002DT,DFL-OBJ-002FXT,2.705124766069027,156.2519373646742,5.81,6.07,-2.3270904405982176,3.078830946966722,2,4.780000000000001,54.39,-1.89,-29.22,False,1
J03WR9,2,0:32:36.280000,DFL-OBJ-0028G2,DFL-OBJ-002FXT,8.076341993749399,,0.0,0.0,0.0,8.076341993749399,1,3.469999999999999,68.78,-16.28,-30.53,False,1
J03WR9,2,0:32:55.980000,DFL-OBJ-00021G,DFL-OBJ-002G5J,0.8935882720806034,28.382188085492594,18.14,17.77,0.4776939377038747,3.906161799004232,2,0.6300000000000026,64.44,-11.94,33.37,False,1
J03WR9,2,0:36:05.667000,DFL-OBJ-J01KJ5,DFL-OBJ-0028G2,1.3729530217745982,59.309076222548704,25.83,28.24,2.249386536260523,12.086426270821331,1,3.6799999999999997,19.310000000000002,-33.19,-30.32,False,1
J03WR9,2,0:36:11.580000,DFL-OBJ-002G5J,DFL-OBJ-0001ZY,1.3885243966167784,134.2671368457257,3.8,9.82,-1.8925456511572574,3.8062317323042762,3,22.880000000000003,8.380000000000003,-44.12,-11.12,False,1
J03WR9,2,0:37:07.388000,DFL-OBJ-0000F8,DFL-OBJ-00017G,1.447791421441638,128.16176109565083,2.0,3.54,-0.34944415011534835,3.3458780611373156,2,4.920000000000002,39.39,-13.11,-29.08,False,1
J03WR9,2,0:37:07.947000,DFL-OBJ-00017G,DFL-OBJ-00028V,1.3290974381135485,48.71843497812686,9.48,7.25,-0.6652071421002087,1.9800000000000004,4,7.050000000000001,66.21000000000001,-13.71,-26.95,False,1
J03WR9,2,0:38:35.461000,DFL-OBJ-002GPN,DFL-OBJ-J0130T,5.719868879616035,170.2859743796666,1.42,6.09,-1.4715780303804293,7.947307720228277,0,-2.549999999999997,67.67,-15.17,36.55,False,1
J03WR9,2,0:39:14.638000,DFL-OBJ-002FXT,DFL-OBJ-002GPN,4.080906761983175,62.96182020082093,19.24,17.11,4.7279876139710675,4.080906761983175,2,22.16,49.74,-2.76,-11.84,False,1
J03WR9,2,0:39:13.340000,DFL-OBJ-002FXT,DFL-OBJ-0001ZY,1.3101526628603246,158.9762184201782,7.23,7.6,-2.083481913044788,6.762640017034768,3,24.25,54.33,1.83,-9.75,False,1
J03WR9,2,0:39:57.119000,DFL-OBJ-0028G2,DFL-OBJ-00008K,7.113683996355196,8.155889394510659,3.55,22.47,4.373252070458289,8.158069624610958,1,20.3,82.47,-29.97,-13.7,False,1
J03WR9,2,0:40:32.215000,DFL-OBJ-0000NZ,DFL-OBJ-002GPI,18.570998896128337,169.88703886110164,2.57,13.51,-3.497015645071997,14.790003380662224,0,3.530000000000001,40.32,-12.18,30.47,True,1
J03WR9,2,0:40:05.060000,DFL-OBJ-J0130T,DFL-OBJ-0002DT,0.7891767862779554,1.9077403373834116,22.71,17.57,-0.6275795609875134,2.5611325619733165,3,32.79,30.93,-21.57,1.21,False,1
J03WR9,2,0:41:49.008000,DFL-OBJ-J01CVM,DFL-OBJ-002GPI,4.533574748473881,84.14535408409985,0.66,0.62,-0.25552317607473896,4.533574748473881,4,26.6,6.710000000000001,-45.79,7.4,False,1
J03WR9,2,0:45:25.452000,DFL-OBJ-002G5J,DFL-OBJ-0001ZY,6.285515094246455,167.24539323960815,1.71,5.36,-0.7936670926722633,14.189080308462563,0,-3.5700000000000003,1.0499999999999972,-51.45,-37.57,False,1
J03WR9,2,0:45:47.420000,DFL-OBJ-0000NZ,DFL-OBJ-002G0F,4.7087684164758,29.30104962908348,10.42,22.58,7.517000649770829,8.627798096849508,2,4.489999999999998,15.39,-37.11,29.51,False,1
J03WR9,2,0:46:24.620000,DFL-OBJ-00021G,DFL-OBJ-0000F8,0.7602631123499279,55.404778631962536,7.26,19.56,3.174034328012188,13.580622224331258,1,1.3299999999999983,80.94,-28.44,32.67,False,1
J03WR9,2,0:46:29.300000,DFL-OBJ-00017G,DFL-OBJ-J0130T,1.5727682601069999,73.90106998227853,10.85,5.63,-0.8879717347960214,1.5727682601069999,1,3.9499999999999993,54.23,-1.73,30.05,False,1
J03WR9,2,0:47:18.260000,DFL-OBJ-002FXT,DFL-OBJ-0026WW,3.2230420413019734,9.99689958894878,10.71,12.46,0.5726469208750684,4.994176608811507,3,33.45,18.15,-34.35,-0.55,False,1
J03WR9,2,0:47:38.279000,DFL-OBJ-J01KJ5,DFL-OBJ-0001ZY,3.296604313532337,36.34059162232032,1.63,0.69,-0.1983459838282997,3.296604313532337,1,20.92,29.11,-23.39,-13.08,False,1
J03WR9,2,0:46:31.380000,DFL-OBJ-00017G,DFL-OBJ-00028V,0.6041522986797325,73.9830142410645,8.79,10.87,0.029911433375604812,1.9801010075246201,2,0.04999999999999716,57.69,-5.19,33.95,False,1
J03WR9,2,0:48:56.534000,DFL-OBJ-0001ZY,DFL-OBJ-0000F8,0.730068489937759,131.15739479627106,3.81,1.85,-0.4098532393725768,5.80538543078752,3,3.0,60.84,-8.34,-31.0,False,1
J03WR9,2,0:49:00.839000,DFL-OBJ-J01KJ5,DFL-OBJ-00017G,1.8015548839821671,136.44004114403708,4.91,6.34,-0.28836529683480716,3.8780665285680707,2,7.140000000000001,45.480000000000004,-7.02,-26.86,False,1
J03WR9,2,0:47:21.980000,DFL-OBJ-J01NQ8,DFL-OBJ-002G0F,1.7184004189943627,171.0523235458212,6.68,8.76,-1.2833195176855876,3.2934176777323594,2,21.57,40.1,-12.4,12.43,False,1
J03WR9,2,0:49:17.980000,DFL-OBJ-002GPI,DFL-OBJ-J01KJ5,1.1329607230614838,99.68577366437988,14.49,11.98,-1.388016125088285,2.9657545414278683,0,20.34,4.909999999999997,47.59,-13.66,False,1
J03WR9,1,0:00:19.800000,DFL-OBJ-0002DT,DFL-OBJ-00028V,3.6398488979626618,15.15134609729249,24.73,29.0,0.7502825769685284,5.699903507955201,1,14.5,31.25,-21.25,19.5,False,0
J03WR9,1,0:00:22.120000,DFL-OBJ-0001ZY,DFL-OBJ-J01KJ5,4.967293025381129,102.73294251660046,16.03,17.96,1.6406614186497492,9.143221532917158,0,3.3000000000000007,17.14,-35.36,30.7,False,0
J03WR9,1,0:00:47.840000,DFL-OBJ-002GM9,DFL-OBJ-0000YE,4.978112091948113,16.06399963537543,23.02,23.05,1.7296315864338974,14.039391012433553,0,19.14,83.66,-31.16,14.86,False,0
J03WR9,1,0:00:51.600000,DFL-OBJ-00028V,DFL-OBJ-0001ZY,4.597912569851672,27.677109580723098,18.68,24.64,1.1074257233270846,10.966571934747886,2,6.219999999999999,52.67,-0.17,27.78,False,0
J03WR9,1,0:00:52.440000,DFL-OBJ-00028V,DFL-OBJ-0001ZY,2.8160255680657436,24.87968235348214,23.01,29.0,2.2315324903789735,9.729398748124162,1,6.100000000000001,48.09,4.41,27.9,False,0
J03WR9,1,0:00:52.880000,DFL-OBJ-00028V,DFL-OBJ-0001ZY,2.02192977128287,34.84525621875658,23.64,30.76,1.7837152550877922,8.441101823814234,1,6.510000000000002,45.17,7.33,27.49,False,0
J03WR9,1,0:00:54.960000,DFL-OBJ-0001ZY,DFL-OBJ-00028V,1.2539936203984465,91.5677141828752,4.55,10.37,0.8918788719253906,8.347987781495608,1,7.600000000000001,65.35,12.85,26.4,False,0
J03WR9,1,0:00:56.760000,DFL-OBJ-00028V,DFL-OBJ-0001ZY,2.2539742678211745,17.843856372223815,20.29,10.23,-2.1010815412674955,4.7845793963524095,1,10.420000000000002,36.980000000000004,15.52,23.58,False,0
J03WR9,1,0:00:59.160000,DFL-OBJ-00008K,DFL-OBJ-0026WW,2.5068306683938535,134.3284917952152,5.78,12.66,0.08371068177722263,5.7526515625405334,2,23.369999999999997,18.369999999999997,34.13,10.63,False,0
J03WR9,1,0:01:00.120000,DFL-OBJ-00028V,DFL-OBJ-0028GO,2.9248760657504795,97.70603244894554,26.1,16.65,-3.13651656602108,4.205234832919558,3,20.869999999999997,17.520000000000003,34.98,13.13,False,0
J03WR9,1,0:01:02.040000,DFL-OBJ-0026RH,DFL-OBJ-00021G,2.338289973463512,64.48605529654141,26.74,23.79,2.911450695503851,9.473927379920116,0,14.690000000000001,5.859999999999999,46.64,19.31,False,0
J03WR9,1,0:01:03.920000,DFL-OBJ-00003W,DFL-OBJ-002FXT,4.97860422206867,39.149960320392914,7.49,4.94,2.424707451434238,6.1126835350768784,3,30.17,100.87,48.37,3.83,False,0
J03WR9,1,0:01:06.680000,DFL-OBJ-00003W,DFL-OBJ-002FXT,3.495425582100125,117.10367075367078,5.83,10.98,-0.23764488729066113,6.145909208571178,2,31.48,96.18,43.68,2.52,False,0
J03WR9,1,0:01:17.240000,DFL-OBJ-0026MI,DFL-OBJ-002GM1,4.848020214479312,23.00801830817589,6.8,18.86,6.883978641847103,13.93809886605774,0,0.4399999999999977,81.73,29.23,-33.56,False,0
J03WR9,1,0:01:18.480000,DFL-OBJ-0028GO,DFL-OBJ-00008K,3.5354349095974027,22.758529174211443,16.68,25.8,3.7418042143505623,7.276297135219257,1,11.39,80.77,28.27,-22.61,False,0
J03WR9,1,0:02:00.600000,DFL-OBJ-00021G,DFL-OBJ-0026RH,4.97808195995205,8.331624424854482,8.17,17.22,5.902853580515015,11.315586595488544,1,3.289999999999999,94.59,42.09,30.71,False,0
J03WR9,1,0:02:02.920000,DFL-OBJ-0002DT,DFL-OBJ-J0130T,4.369633851937712,7.994946659370096,17.84,23.53,2.4170406975034853,10.985758963312456,1,6.640000000000001,74.41,21.91,27.36,False,0
J03WR9,1,0:02:26.360000,DFL-OBJ-0026WW,DFL-OBJ-00008K,4.881331785486417,8.8368845873337,4.08,13.2,4.64006686837803,15.963182640062726,0,9.54,69.07,16.57,24.46,False,0
J03WR9,1,0:02:55.480000,DFL-OBJ-0002DT,DFL-OBJ-0026RH,2.491304878974069,1.1443891520873746,16.83,9.33,5.9163096352808715,7.12351738960466,3,21.630000000000003,54.75,2.25,12.37,False,0
J03WR9,1,0:03:01.680000,DFL-OBJ-0025YM,DFL-OBJ-0026RH,4.835131849288085,30.67290015486054,12.36,8.36,4.431552931827058,5.472339536249554,2,6.75,45.25,-7.25,27.25,False,0
J03WR9,1,0:03:03.120000,DFL-OBJ-00021G,DFL-OBJ-0026RH,4.862519922838364,8.83964789556138,5.02,17.17,4.475071152629564,9.644278096363667,0,0.46000000000000085,50.55,-1.95,33.54,False,0
J03WR9,1,0:03:06.160000,DFL-OBJ-0026WW,DFL-OBJ-00008K,4.842860724819578,19.668256126464527,13.36,18.87,4.910945173219414,17.52986309130793,0,17.02,68.22,15.72,16.98,False,0
J03WR9,1,0:03:14.560000,DFL-OBJ-0026WW,DFL-OBJ-00008K,4.8703695958315105,25.731291910016644,1.5,15.75,4.779624512312868,17.0735467902835,0,12.43,77.87,25.37,21.57,False,0
J03WR9,1,0:03:26.400000,DFL-OBJ-0000NZ,DFL-OBJ-00265G,2.0769207977195467,32.51851107391986,19.65,23.72,1.464461483548305,19.433334762721504,0,15.920000000000002,82.78999999999999,-30.29,-18.08,False,0
J03WR9,1,0:03:56.600000,DFL-OBJ-002GPN,DFL-OBJ-002FXT,2.7159712811441885,98.07220824441795,6.41,12.39,2.1628995627117042,8.31300186454929,0,4.559999999999999,92.75,40.25,-29.44,False,0
J03WR9,1,0:03:59.280000,DFL-OBJ-002GPN,DFL-OBJ-002FXT,1.8346934348822403,18.325908874690704,12.2,12.21,-0.17354313131091592,6.859365859902795,0,5.370000000000001,92.36,39.86,-28.63,False,0
J03WR9,1,0:04:12.760000,DFL-OBJ-00021G,DFL-OBJ-0026RH,4.804706026387047,32.294852406222205,15.63,14.94,7.292654764734367,19.982775082555474,0,3.1099999999999994,69.15,16.65,30.89,False,0
J03WR9,1,0:04:13.840000,DFL-OBJ-0025YM,DFL-OBJ-J0130T,4.081384568991265,23.46347663139035,11.9,21.93,1.7878375063285112,11.251457683340412,0,13.77,51.17,-1.33,20.23,False,0
J03WR9,1,0:04:15,DFL-OBJ-0025YM,DFL-OBJ-J0130T,2.4622144504490264,62.64084700184139,15.58,8.02,-1.7276415925998883,6.896035092718133,1,13.11,54.0,1.5,20.89,False,0
J03WR9,1,0:04:26.160000,DFL-OBJ-002GPN,DFL-OBJ-002FXT,4.872555797525562,17.030004371813035,4.41,20.83,4.5740014297068,17.4088713017243,0,18.189999999999998,81.15,28.65,-15.81,False,0
J03WR9,1,0:04:29.120000,DFL-OBJ-00003W,DFL-OBJ-002FXT,4.824987046614738,27.64996831768578,16.49,24.43,5.1982174799475995,18.041355270599823,0,31.09,91.14,38.64,2.91,False,0
J03WR9,1,0:04:52.680000,DFL-OBJ-002GM9,DFL-OBJ-0001ZY,4.902754327926293,9.334497989010883,3.66,13.35,4.3084771402887,10.608722826052153,1,5.98,49.89,2.61,28.02,False,0
J03WR9,1,0:04:59.800000,DFL-OBJ-002GMO,DFL-OBJ-0000YE,4.948504824692001,18.30528550861474,17.94,23.67,3.960398141690833,11.588567642292986,0,11.649999999999999,50.08,2.42,-22.35,False,0
J03WR9,1,0:05:05.200000,DFL-OBJ-0026MI,DFL-OBJ-002GM1,1.1566330446602282,71.99197843709928,9.67,6.75,3.70548112913593,12.586421254669652,2,2.8099999999999987,81.18,28.68,-31.19,False,0
J03WR9,1,0:05:08.160000,DFL-OBJ-002GPN,DFL-OBJ-002GM1,2.8182441342083893,11.745280666551398,0.65,15.81,4.465172652616711,10.451913700370861,1,10.149999999999999,92.02000000000001,39.52,-23.85,False,0
J03WR9,1,0:05:13.960000,DFL-OBJ-002GMO,DFL-OBJ-0000YE,0.9848857801796115,7.415084114138471,18.43,17.85,2.1800506216897855,20.721064161861957,1,18.45,41.91,10.59,-15.55,False,0
J03WR9,1,0:05:14.680000,DFL-OBJ-J0130T,DFL-OBJ-0000YE,4.86128583812966,64.40974884112129,1.68,15.79,3.099858865457452,13.479146857275502,2,22.84,37.76,14.74,-11.16,False,0
J03WR9,1,0:05:16.640000,DFL-OBJ-00028V,DFL-OBJ-00265G,2.3792856070678035,50.29008120537147,1.5,16.35,3.836787259795916,7.373038722263706,2,17.74,23.81,28.69,-16.26,False,0
J03WR9,1,0:05:24.040000,DFL-OBJ-002GMO,DFL-OBJ-0000YE,3.0658930183553377,46.49419528337022,15.89,22.08,2.308042895281482,10.724201601984177,1,32.47,42.74,9.76,1.53,False,0
J03WR9,1,0:05:30.040000,DFL-OBJ-0000NZ,DFL-OBJ-00265G,4.792076794042432,45.028111604540236,17.42,12.45,6.081507824158829,13.377552092965288,0,5.890000000000001,35.72,16.78,-28.11,False,0
J03WR9,1,0:05:32.680000,DFL-OBJ-002GM1,DFL-OBJ-0026MI,4.885672932155814,71.2595410545575,10.37,8.43,3.1664060848824804,7.545515224290515,0,0.5200000000000031,23.54,28.96,-33.48,False,0
J03WR9,1,0:05:33.880000,DFL-OBJ-002FXT,DFL-OBJ-002GPN,1.6604818577750262,31.65918227478621,7.86,16.86,3.5579619771889273,7.758305227303188,0,9.79,23.53,28.97,-24.21,False,0
J03WR9,1,0:06:25.560000,DFL-OBJ-002GPN,DFL-OBJ-00008K,4.812151286067385,7.704119277512725,15.74,13.63,6.271346430339679,6.246671113481165,5,26.64,97.08,44.58,7.36,False,0
J03WR9,1,0:06:56.080000,DFL-OBJ-00003W,DFL-OBJ-0026RH,2.7504545078950136,25.873527191713478,8.33,6.67,2.755744387745721,4.003610870202048,2,32.94,103.35,50.85,1.06,False,0
J03WR9,1,0:06:59.560000,DFL-OBJ-00003W,DFL-OBJ-0026RH,3.1175150360503476,114.18009234238029,3.01,14.05,-1.3869065236474265,4.925413688209345,3,32.9,95.36,42.86,1.1,False,0
J03WR9,1,0:07:07.360000,DFL-OBJ-0026MI,DFL-OBJ-002GM1,4.8321630767183334,34.52442667047565,12.1,16.65,9.313297574006066,11.567527825771588,0,10.5,72.47,19.97,-23.5,False,0
J03WR9,1,0:07:12.960000,DFL-OBJ-0026WW,DFL-OBJ-00008K,4.933041658044254,31.231424670023706,9.39,14.54,5.764650480936928,18.137364747945057,1,28.34,81.02,28.52,5.66,False,0
J03WR9,1,0:07:17.760000,DFL-OBJ-00021G,DFL-OBJ-0026RH,4.966145386514578,21.8198168891811,8.63,6.8,4.5723526839204505,15.197042475429226,0,2.5599999999999987,57.86,5.36,31.44,False,0
J03WR9,1,0:07:25.760000,DFL-OBJ-0026MI,DFL-OBJ-002GM1,4.904222670311781,36.88098389518493,3.44,11.26,3.1959144609321832,14.38029554633701,0,9.129999999999999,60.65,8.15,-24.87,False,0
J03WR9,1,0:07:27.840000,DFL-OBJ-002GPN,DFL-OBJ-002FXT,4.930821432580983,2.9783770629153823,8.2,18.72,3.1626607477403113,14.392654376451897,0,20.82,69.31,16.81,-13.18,False,0
J03WR9,1,0:07:42,DFL-OBJ-002GM1,DFL-OBJ-0025YM,4.884557298261532,12.077289721858584,7.97,16.63,4.980483469818508,7.281346029409671,2,20.93,55.83,-3.33,-13.07,False,0
J03WR9,1,0:07:44.680000,DFL-OBJ-0028GO,DFL-OBJ-002GM1,2.957059350097662,94.01185141325412,6.51,10.53,2.165888385160127,2.993008519867593,2,22.9,61.99,9.49,-11.1,False,0
J03WR9,1,0:07:45.240000,DFL-OBJ-0025YM,DFL-OBJ-002GM1,2.072993005294518,144.00608155862412,7.21,4.85,-2.2931703113446393,2.420743687382041,4,21.42,61.6,9.1,-12.58,False,0
J03WR9,1,0:08:13.600000,DFL-OBJ-002GM9,DFL-OBJ-0000YE,4.879118772893319,11.6420781997672,10.73,14.98,4.965699943403674,19.148263628851574,0,18.42,54.93,-2.43,15.58,False,0
J03WR9,1,0:08:31.800000,DFL-OBJ-002GM9,DFL-OBJ-0000YE,4.939574880493261,41.18166280765679,4.27,8.83,2.5326159771148693,12.059220538658376,0,14.11,47.12,5.38,19.89,False,0
J03WR9,1,0:08:38.960000,DFL-OBJ-0000NZ,DFL-OBJ-0026MI,4.807670953798731,13.12522164957786,3.37,19.76,6.400275647555995,7.035630746422101,1,1.4299999999999997,36.95,15.55,-32.57,False,0
J03WR9,1,0:08:39.720000,DFL-OBJ-002GM1,DFL-OBJ-0028GO,2.2536414976654995,37.12337624896654,13.69,16.76,0.6798193627484672,5.65442304749123,2,7.780000000000001,30.3,22.2,-26.22,False,0
J03WR9,1,0:08:40.920000,DFL-OBJ-00008K,DFL-OBJ-002GPN,2.8230657094725964,69.93106635278467,10.55,5.85,-1.71766193285804,7.084645368682895,3,13.41,22.43,30.07,-20.59,False,0
J03WR9,1,0:08:42.840000,DFL-OBJ-002GPN,DFL-OBJ-00008K,2.998266165636401,52.25034699488756,16.0,20.47,2.2858541508845764,8.091390486189626,1,15.629999999999999,89.34,36.84,-18.37,False,0
J03WR9,1,0:09:27.480000,DFL-OBJ-00008K,DFL-OBJ-0026MI,4.51642557782147,4.488669437076006,16.22,20.39,5.459103965052483,4.828685121231246,2,2.0599999999999987,55.26,-2.76,-31.94,False,0
J03WR9,1,0:09:29.200000,DFL-OBJ-002GM1,DFL-OBJ-0000YE,4.8841990131443245,7.720186796109496,7.18,15.25,4.805120293124829,4.950010100999793,1,2.870000000000001,63.46,-10.96,-31.13,False,0
J03WR9,1,0:09:38.320000,DFL-OBJ-J01KJ5,DFL-OBJ-0001ZY,4.95698497072565,73.94223438894282,25.38,22.27,1.6295069427145359,11.247079620950501,0,10.670000000000002,34.05,18.45,23.33,False,0
J03WR9,1,0:09:41.720000,DFL-OBJ-002GM1,DFL-OBJ-0002DT,4.881854155953454,15.713189699083589,9.76,12.15,3.4063583324903512,6.763113188465796,1,19.490000000000002,25.17,27.33,14.51,False,0
J03WR9,1,0:09:44.800000,DFL-OBJ-0026RH,DFL-OBJ-00021G,4.962307930791883,41.60144395799263,7.88,18.24,4.082654142581488,9.547758899343865,1,6.239999999999998,13.270000000000003,39.23,27.76,False,0
J03WR9,1,0:10:19.440000,DFL-OBJ-00021G,DFL-OBJ-0026RH,4.992684648563336,9.212717522115334,5.01,19.65,6.212622413266444,10.594961066469285,1,3.5199999999999996,96.58,44.08,30.48,False,0
J03WR9,1,0:10:24.240000,DFL-OBJ-J0130T,DFL-OBJ-0025YM,1.7502571239677887,52.72838567993448,1.42,13.97,3.270148516032342,1.9785095400325974,2,12.27,42.58,9.92,21.73,False,0
J03WR9,1,0:10:27.960000,DFL-OBJ-002GM1,DFL-OBJ-00265G,0.9716480844420997,59.91508636516533,5.49,28.56,6.43259519845288,8.73184974676042,0,31.759999999999998,43.29,9.21,2.24,False,0
J03WR9,1,0:10:28.200000,DFL-OBJ-00265G,DFL-OBJ-002GM1,1.220040982918197,33.616622851945685,26.25,4.69,1.8004774049477845,11.83,2,30.25,61.51,9.01,3.75,False,0
J03WR9,1,0:10:31.800000,DFL-OBJ-0002DT,DFL-OBJ-J0130T,4.930283967480981,112.31881365167891,19.61,10.7,3.628051393289149,5.236917031995064,1,14.18,56.92,4.42,19.82,False,0
J03WR9,1,0:10:33.200000,DFL-OBJ-J0130T,DFL-OBJ-0002DT,1.8213456563760761,26.343592569277547,12.48,12.03,0.843046703315462,6.806327938029433,1,11.629999999999999,55.4,-2.9,22.37,False,0
J03WR9,1,0:10:34.840000,DFL-OBJ-00265G,DFL-OBJ-002GM9,2.2574321695235926,50.176931342386865,18.94,12.71,5.889253139543958,8.130387444642476,2,15.04,36.7,-15.8,18.96,False,0
J03WR9,1,0:10:36.160000,DFL-OBJ-002GM1,DFL-OBJ-00265G,2.9145497079308833,15.952283191955694,7.48,8.9,5.764727216254338,8.030952620953508,2,23.990000000000002,70.37,-17.87,10.01,False,0
J03WR9,1,0:12:10.360000,DFL-OBJ-0026MI,DFL-OBJ-00008K,4.907178415342157,14.623304946214308,4.69,16.69,5.137261515707269,20.183681527412183,0,4.010000000000002,95.47999999999999,42.98,-29.99,False,0
J03WR9,1,0:12:13.800000,DFL-OBJ-002GPN,DFL-OBJ-002FXT,4.460313890299646,32.39821061313924,1.54,13.63,3.2247587422384516,6.6684106052342,1,12.41,92.92,40.42,-21.59,False,0
J03WR9,1,0:12:15,DFL-OBJ-0028GO,DFL-OBJ-00028V,1.3892803892663261,83.00660856737522,8.32,8.26,-1.6420469654428145,4.403861941523605,2,13.329999999999998,86.47999999999999,33.98,-20.67,False,0
J03WR9,1,0:12:15.840000,DFL-OBJ-0028GO,DFL-OBJ-002FXT,1.646238135872211,138.09232257622452,6.52,14.01,-1.3043456175818318,3.6467108467768576,2,12.11,87.63,35.13,-21.89,False,0
J03WR9,1,0:12:55.280000,DFL-OBJ-0026RH,DFL-OBJ-0026MI,4.730169130168602,50.50441470893796,18.95,21.79,1.8558828505730207,10.675509355529602,0,6.859999999999999,10.619999999999997,41.88,-27.14,False,0
J03WR9,1,0:12:59.640000,DFL-OBJ-0000NZ,DFL-OBJ-00265G,4.9431366560110375,13.371320922884358,11.91,5.84,2.6485736547721617,13.73115071652773,1,10.879999999999999,24.58,27.92,-23.12,False,0
J03WR9,1,0:13:03.200000,DFL-OBJ-0026RH,DFL-OBJ-00265G,4.967947262199952,70.08627917754333,13.67,5.02,3.8329008393514274,6.634892614051864,0,2.8500000000000014,11.219999999999999,41.28,-31.15,False,0
J03WR9,1,0:13:07.240000,DFL-OBJ-002GM9,DFL-OBJ-0002DT,3.5135309874825364,103.84386922581922,1.73,17.46,-0.14999141513201364,3.924499968148809,2,32.5,23.01,29.49,-1.5,False,0
J03WR9,1,0:13:11.720000,DFL-OBJ-J01KJ5,DFL-OBJ-00021G,4.76201637964424,20.762651150871136,21.99,12.78,9.876903982414676,7.396979113124491,1,20.6,23.09,29.41,13.4,False,0
J03WR9,1,0:14:14.520000,DFL-OBJ-0025YM,DFL-OBJ-002FXT,4.911506897073443,4.360792420481593,8.36,19.59,5.042101673164698,11.530416297775202,3,30.25,60.11,7.61,-3.75,False,0
J03WR9,1,0:14:20.040000,DFL-OBJ-002GPN,DFL-OBJ-002FXT,4.864668539582117,27.17518060097924,16.3,28.72,3.6462578323132067,11.227858210718553,0,13.309999999999999,75.19,22.69,-20.69,False,0
J03WR9,1,0:14:46.680000,DFL-OBJ-0000YE,DFL-OBJ-002GM9,2.1717504460687915,137.68095706194447,22.47,25.23,-0.9123942688502512,13.121131810937653,0,20.03,31.67,-20.83,13.97,False,0
J03WR9,1,0:14:47.080000,DFL-OBJ-0000YE,DFL-OBJ-002GM9,2.6161995336747563,105.8838537339211,24.32,26.18,-1.111122719014912,14.168733182610223,0,18.130000000000003,29.97,-22.53,15.87,False,0
J03WR9,1,0:14:59.040000,DFL-OBJ-00021G,DFL-OBJ-J0130T,4.999249943741561,3.2194421609736317,15.7,25.26,5.062698014304387,9.686098285687587,0,1.1000000000000014,25.35,-27.15,32.9,False,0
J03WR9,1,0:15:02.200000,DFL-OBJ-J0130T,DFL-OBJ-00021G,0.6711929677819909,140.1358505256949,4.83,5.55,-0.1738215238058488,6.395349873150021,2,1.6499999999999986,71.98,-19.48,32.35,False,0
J03WR9,1,0:15:13.360000,DFL-OBJ-00265G,DFL-OBJ-0000NZ,1.4201408380861331,39.572449359561,7.94,4.35,-0.508970830066216,3.690338737839658,3,33.52,14.939999999999998,-37.56,-0.48,False,0
J03WR9,1,0:15:13.800000,DFL-OBJ-002GM1,DFL-OBJ-00265G,2.2565681908597397,13.639052052372055,14.64,7.61,4.4116884947060635,3.9412307722334656,4,32.66,87.15,-34.65,-1.34,False,0
J03WR9,1,0:15:15.200000,DFL-OBJ-002GPN,DFL-OBJ-002GM1,2.555386467836127,1.5866311685889503,6.9,13.47,6.58084857714939,7.600085525834561,1,24.4,20.88,-31.62,-9.6,False,0
J03WR9,1,0:15:16.040000,DFL-OBJ-002GM1,DFL-OBJ-002GPN,0.704059656563278,61.9097127532414,8.08,5.08,0.9437831802300511,6.554670090858884,5,25.98,82.85,-30.35,-8.02,False,0
J03WR9,1,0:15:44.400000,DFL-OBJ-002GPN,DFL-OBJ-00028V,4.999379961555236,32.16259161344198,2.22,9.77,1.8941263074786607,15.005185770259562,1,27.17,85.7,33.2,-6.83,False,0
J03WR9,1,0:15:52.800000,DFL-OBJ-0026MI,DFL-OBJ-002GM1,4.97739891911428,33.82963985694632,0.41,17.49,4.650818277866926,19.573665982641064,0,1.1000000000000014,69.55,17.05,-32.9,False,0
J03WR9,1,0:15:54.440000,DFL-OBJ-0025YM,DFL-OBJ-00028V,4.904538714293121,6.765852426683037,17.53,19.64,4.955396518388331,8.096400434761119,2,12.309999999999999,64.24,11.74,-21.69,False,0
J03WR9,1,0:16:04.480000,DFL-OBJ-002GPN,DFL-OBJ-00028V,4.958638926157057,57.828822053200696,7.92,12.32,1.72152047700447,10.250312190367667,0,19.09,70.86,18.36,-14.91,False,0
J03WR9,1,0:16:10.920000,DFL-OBJ-00021G,DFL-OBJ-0026RH,4.900795853736412,34.863543285093385,11.81,16.24,3.2764721375151895,14.425827532588901,0,1.2899999999999991,60.63,8.13,32.71,False,0
J03WR9,1,0:16:16.480000,DFL-OBJ-00003W,DFL-OBJ-00028V,4.861532680132885,5.044497178654002,8.51,25.05,6.713219606112053,13.66110537255313,0,22.310000000000002,93.89,41.39,11.69,False,0
J03WR9,1,0:16:28.400000,DFL-OBJ-0026RH,DFL-OBJ-0001ZY,4.210760026408532,2.345005475216409,17.7,17.77,-0.0004452972019697299,4.880829847474706,1,9.120000000000001,18.939999999999998,33.56,24.88,False,0
J03WR9,1,0:16:31.040000,DFL-OBJ-J01KJ5,DFL-OBJ-0001ZY,4.916746892000849,41.0480791396579,5.07,3.38,2.6799604807351374,12.525992974610835,1,4.699999999999999,29.35,23.15,29.3,False,0
J03WR9,1,0:16:34.480000,DFL-OBJ-0002DT,DFL-OBJ-J01KJ5,4.819813274391447,43.08941718610234,15.26,21.94,5.257997689336899,11.966687093761582,3,18.61,79.63,27.13,15.39,False,0
J03WR9,1,0:16:35.760000,DFL-OBJ-0001ZY,DFL-OBJ-J0130T,2.8953928921650673,80.99218588636147,14.57,10.48,3.523400736800828,6.915099420832646,2,15.559999999999999,67.8,15.3,18.44,False,0
J03WR9,1,0:16:36.360000,DFL-OBJ-0002DT,DFL-OBJ-J01KJ5,3.5382481541011237,106.25070631572531,20.89,20.46,-2.7275120174646106,4.854770849381052,2,16.33,71.19,18.69,17.67,False,0
J03WR9,1,0:16:40.680000,DFL-OBJ-0025YM,DFL-OBJ-002GM9,4.818599381563069,70.9312994219745,27.26,17.76,7.530433123844748,10.031016897603154,1,9.350000000000001,38.19,-14.31,24.65,False,0
J03WR9,1,0:17:15.760000,DFL-OBJ-00028V,DFL-OBJ-0025YM,2.593260495977988,3.162808661034069,15.01,18.75,0.7916339802522521,6.473391692150261,2,11.920000000000002,44.019999999999996,8.48,-22.08,False,0
J03WR9,1,0:17:17.080000,DFL-OBJ-0000NZ,DFL-OBJ-00265G,4.848886470108368,14.374678913547024,6.85,19.84,3.1868701789175646,8.1315988587731,1,1.240000000000002,48.9,3.6,-32.76,False,0
J03WR9,1,0:17:22.480000,DFL-OBJ-00028V,DFL-OBJ-00265G,4.9358484579654585,29.014920578780526,10.46,21.74,3.1420010246136765,8.046645263710833,0,6.100000000000001,34.519999999999996,17.98,-27.9,False,0
J03WR9,1,0:17:24.520000,DFL-OBJ-00265G,DFL-OBJ-00028V,0.7000714249274869,119.30996030461577,28.51,24.34,1.6712611931058878,6.009675532006698,2,9.98,80.68,28.18,-24.02,False,0
J03WR9,1,0:17:26.040000,DFL-OBJ-0000NZ,DFL-OBJ-0026MI,4.9291885741975845,62.81507705779341,12.56,17.05,3.4915195458813186,7.551768004911166,2,2.8999999999999986,12.420000000000002,40.08,-31.1,False,0
J03WR9,1,0:17:28.520000,DFL-OBJ-002GM1,DFL-OBJ-00265G,4.940010121447126,50.99205511726786,15.56,18.87,2.80030472579079,8.010124842972173,0,11.11,19.560000000000002,32.94,-22.89,False,0
J03WR9,1,0:17:55.280000,DFL-OBJ-0026WW,DFL-OBJ-00008K,4.932930163705949,29.70051443560866,11.7,21.91,6.169042783385092,20.401666598589436,1,19.740000000000002,101.62,49.12,14.26,False,0
J03WR9,1,0:17:57.680000,DFL-OBJ-00021G,DFL-OBJ-0026RH,4.770010482168775,10.34548346189893,3.34,18.73,5.87850223699645,9.141476904745751,1,1.5300000000000011,97.39,44.89,32.47,False,0
J03WR9,1,0:18:01.360000,DFL-OBJ-0000YE,DFL-OBJ-002GM9,0.5632051136131487,7.854958323755667,17.42,18.86,0.6671378129118416,7.750774154882853,2,15.780000000000001,53.09,0.59,18.22,False,0
J03WR9,1,0:18:03.160000,DFL-OBJ-0001ZY,DFL-OBJ-00028V,4.928295851508918,37.117992504127585,15.75,22.85,6.090024885500327,7.611681811531535,2,17.24,62.33,9.83,16.76,False,0
J03WR9,1,0:18:10.360000,DFL-OBJ-0001ZY,DFL-OBJ-002GM1,4.828436599977263,49.644769261771636,19.7,24.29,4.67691211242808,5.2064959425702035,1,20.71,34.18,-18.32,13.29,False,0
J03WR9,1,0:18:13.240000,DFL-OBJ-002GMO,DFL-OBJ-0000YE,0.8544588931013598,71.30968814574852,21.74,16.89,1.8370441797008288,13.080829484401974,1,23.16,96.77000000000001,-44.27,10.84,False,0
J03WR9,1,0:18:18.600000,DFL-OBJ-0026RH,DFL-OBJ-0002DT,2.100975963689256,21.66384877243235,10.73,11.86,0.8033424514632104,5.616137462705129,5,21.91,81.73,-29.23,12.09,False,0
J03WR9,1,0:18:32.640000,DFL-OBJ-0026MI,DFL-OBJ-002GM1,4.973781257755512,53.92163119082941,7.93,2.29,2.445483011388234,10.909395033639584,2,3.710000000000001,50.87,-1.63,-30.29,False,0
J03WR9,1,0:18:33.280000,DFL-OBJ-0025YM,DFL-OBJ-00028V,3.747332384510347,1.7540468172747516,14.72,14.49,2.4096410628036566,6.003440680143346,2,12.379999999999999,45.83,-6.67,-21.62,False,0
J03WR9,1,0:18:37.960000,DFL-OBJ-002GPN,DFL-OBJ-002FXT,4.998849867719573,18.73028527686904,10.92,10.32,2.792782132248286,11.044731775828692,1,7.460000000000001,57.61,5.11,-26.54,False,0
J03WR9,1,0:19:16.360000,DFL-OBJ-0026MI,DFL-OBJ-002GM1,4.986481725625794,3.2452327698211008,12.12,16.34,3.013540515873765,7.810966649525524,1,2.3000000000000007,47.54,-4.96,-31.7,False,0
J03WR9,1,0:19:18.320000,DFL-OBJ-002GPN,DFL-OBJ-002FXT,4.9896392655181,29.806007569579823,8.54,13.74,2.725100005845147,9.571128460113783,0,6.73,57.86,5.36,-27.27,False,0
J03WR9,1,0:19:25.360000,DFL-OBJ-00021G,DFL-OBJ-0026RH,4.915536593292742,18.206726620572713,0.91,10.84,4.275370692419598,19.61554995405431,0,5.449999999999999,62.21,9.71,28.55,False,0
J03WR9,1,0:19:33.160000,DFL-OBJ-0026MI,DFL-OBJ-002GM1,4.865192699164135,3.2013200454284276,7.21,15.01,6.519981748280512,10.15319161643274,1,2.9499999999999993,72.32,19.82,-31.05,False,0
J03WR9,1,0:19:40.360000,DFL-OBJ-0028GO,DFL-OBJ-00028V,4.509412378569962,19.996499881276453,14.21,18.25,0.8578333626707502,8.955852834878426,1,31.02,79.87,27.37,-2.98,False,0
J03WR9,1,0:19:43.480000,DFL-OBJ-002GPN,DFL-OBJ-00028V,4.819232304008599,42.10459820876606,18.87,24.81,5.830275568231951,15.982881467370019,0,6.899999999999999,80.66,28.16,-27.1,False,0
J03WR9,1,0:19:45.160000,DFL-OBJ-0026MI,DFL-OBJ-002GM1,4.890010224938184,38.48315962763739,9.6,21.98,4.098366395210424,12.787012942826014,0,0.7100000000000009,56.85,4.35,-33.29,False,0
J03WR9,1,0:20:01.560000,DFL-OBJ-002GMO,DFL-OBJ-0000YE,4.8603909307791255,9.913461860019444,12.92,23.88,5.750593833148718,25.010797668207225,0,2.5500000000000007,82.81,-30.31,-31.45,False,0
J03WR9,1,0:20:26.080000,DFL-OBJ-J0130T,DFL-OBJ-0000YE,4.9068625413801845,28.397079235267196,8.04,13.73,2.8421123250792824,9.677861333993167,0,27.69,48.09,4.41,-6.31,False,0
J03WR9,1,0:20:32.560000,DFL-OBJ-002GMO,DFL-OBJ-0000YE,4.97667559722351,46.99842063564359,14.73,19.27,1.5040316767381068,7.601697178919981,0,8.510000000000002,31.18,21.32,-25.49,False,0
J03WR9,1,0:21:49.280000,DFL-OBJ-0028FW,DFL-OBJ-00265G,1.6956709586473442,114.29996340237088,16.11,18.1,2.0228111054470945,4.087297395590394,0,22.04,99.45,-46.95,-11.96,False,0
J03WR9,1,0:21:53.760000,DFL-OBJ-0028FW,DFL-OBJ-0025YM,2.9516944286290885,96.16588960799825,9.13,16.11,1.7281784902005615,9.270755093302808,2,25.08,91.64,-39.14,-8.92,False,0
J03WR9,1,0:22:17.240000,DFL-OBJ-002GM9,DFL-OBJ-0025YM,4.867401770965696,17.153247808396415,2.38,13.75,4.036008832785836,17.46034650286185,1,13.14,51.3,1.2,20.86,False,0
J03WR9,1,0:22:27.200000,DFL-OBJ-002GMO,DFL-OBJ-00265G,4.91736718173455,11.83163387994449,8.52,18.21,3.478808426235269,13.171715909478156,1,16.14,63.62,-11.12,-17.86,False,0
J03WR9,1,0:22:35.480000,DFL-OBJ-002GM9,DFL-OBJ-0001ZY,4.959697571425096,25.4710636142557,4.6,15.77,3.6414270362067835,19.492649896820083,0,10.21,62.35,-9.85,23.79,False,0
J03WR9,1,0:22:42.480000,DFL-OBJ-0000YE,DFL-OBJ-J0130T,0.6865857557508749,19.851869997417662,14.19,12.58,-0.41046860071629054,10.517195443653218,3,24.53,53.94,1.44,9.47,False,0
J03WR9,1,0:22:42.800000,DFL-OBJ-0025YM,DFL-OBJ-J0130T,4.3664745504811995,38.65248570037527,4.81,11.05,3.1177234496438233,6.204675656309523,3,24.86,58.51,6.01,9.14,False,0
J03WR9,1,0:23:06.360000,DFL-OBJ-J01KJ5,DFL-OBJ-00021G,4.939169970754195,18.353351918958623,3.44,10.56,4.569318495138092,14.50276180594579,0,0.14999999999999858,36.69,15.81,33.85,False,0
J03WR9,1,0:23:12.160000,DFL-OBJ-0002DT,DFL-OBJ-J01KJ5,1.4773286702694144,9.269688111484733,3.19,13.67,2.412873948444644,9.062008607367353,3,15.66,66.21000000000001,13.71,18.34,False,0
J03WR9,1,0:23:14.600000,DFL-OBJ-0000YE,DFL-OBJ-J0130T,4.782572529507525,46.94672324032683,6.68,15.55,3.5696757221071773,5.44390484854392,2,14.629999999999999,53.27,0.77,19.37,False,0
J03WR9,1,0:23:16.120000,DFL-OBJ-002GM1,DFL-OBJ-0002DT,2.613541658363226,5.684474686601506,17.11,12.43,3.0231459064096087,6.076158325784475,4,20.43,52.87,-0.37,13.57,False,0
J03WR9,1,0:23:24.400000,DFL-OBJ-0000NZ,DFL-OBJ-00265G,4.978453575157653,40.56231252358723,3.29,11.79,3.494635334634717,11.958281649133374,1,4.41,36.75,15.75,-29.59,False,0
J03WR9,1,0:23:28.920000,DFL-OBJ-002GM1,DFL-OBJ-0002DT,3.6828521555989706,13.158845373445871,5.65,15.32,3.192718400403194,10.879912683473155,1,30.52,36.15,16.35,3.48,False,0
J03WR9,1,0:23:35.840000,DFL-OBJ-002GM1,DFL-OBJ-0000YE,4.962358310319802,0.9057866601110123,2.08,17.5,3.979654260741836,5.4471276834676825,0,14.96,29.07,23.43,19.04,False,0
J03WR9,1,0:23:38.080000,DFL-OBJ-0026RH,DFL-OBJ-00021G,3.63324923450071,19.68410723679437,4.12,10.3,1.3683122218769583,5.3622476630607085,4,10.940000000000001,22.07,30.43,23.06,False,0
J03WR9,1,0:23:43.120000,DFL-OBJ-J0130T,DFL-OBJ-0000YE,4.9537258704938445,13.151644914039283,11.72,21.66,3.4478124708040925,14.669890933473228,0,25.07,45.82,6.68,8.93,False,0
J03WR9,1,0:23:51.880000,DFL-OBJ-002GM1,DFL-OBJ-0002DT,4.980923609131142,86.83519419942695,12.13,6.94,3.126141638261648,11.453877072851798,1,9.59,30.71,21.79,24.41,False,0
J03WR9,1,0:23:54.800000,DFL-OBJ-00008K,DFL-OBJ-0028GO,4.9751884386423,47.36221345624183,6.57,15.33,2.989054702296645,6.527541650575659,1,25.23,23.56,28.94,8.77,False,0
J03WR9,1,0:23:55.920000,DFL-OBJ-002GM1,DFL-OBJ-002GPN,4.893597858426864,48.24172633167491,19.96,15.58,5.897900594089069,5.720314676658967,1,26.98,27.08,25.42,7.02,False,0
J03WR9,1,0:23:59.560000,DFL-OBJ-0000NZ,DFL-OBJ-00265G,4.949191853222103,43.58388343864493,13.0,5.0,4.695485441461549,14.296468095302421,0,7.579999999999998,15.89,36.61,-26.42,False,0
J03WR9,1,0:24:08.040000,DFL-OBJ-J01KJ5,DFL-OBJ-00021G,4.920365840057019,19.495639862200477,13.47,2.92,5.77581422450933,16.393248610327362,0,3.969999999999999,3.9200000000000017,48.58,30.03,False,0
J03WR9,1,0:24:15.080000,DFL-OBJ-0000NZ,DFL-OBJ-00265G,1.5138031576133013,38.987456501713595,12.11,13.5,0.521665000777165,13.286722695984889,0,9.46,8.100000000000001,44.4,-24.54,False,0
J03WR9,1,0:24:20.320000,DFL-OBJ-00003W,DFL-OBJ-002FXT,1.2030378215168471,117.4765800837291,7.89,2.75,-1.6987305425212733,2.4750353532828546,1,31.9,100.42,47.92,-2.1,False,0
J03WR9,1,0:24:22.720000,DFL-OBJ-00003W,DFL-OBJ-00008K,4.646127419690512,146.74398310615967,4.33,9.26,-1.7997696598365465,6.370761335978611,0,30.009999999999998,101.65,49.15,-3.99,False,0
J03WR9,1,0:24:36.680000,DFL-OBJ-0026MI,DFL-OBJ-002GM1,4.8419933911561674,2.762990551922693,2.22,12.88,4.959965979989611,13.045957228199088,0,4.059999999999999,85.68,33.18,-29.94,False,0
J03WR9,1,0:24:37.840000,DFL-OBJ-0028GO,DFL-OBJ-00028V,2.426211037811839,32.3004841599198,13.58,20.79,3.036669942329283,6.1170581164478035,1,16.66,85.21000000000001,32.71,-17.34,False,0
J03WR9,1,0:24:45.520000,DFL-OBJ-J0130T,DFL-OBJ-0025YM,2.378444870077926,51.09499186176045,21.78,23.1,1.5309360391742743,8.468352850466259,2,27.12,55.19,-2.69,-6.88,False,0
J03WR9,1,0:24:54.640000,DFL-OBJ-J0130T,DFL-OBJ-0000YE,4.988436628844752,38.95843501429794,12.6,17.58,2.5939756365002298,8.072477934314842,2,19.28,47.65,4.85,-14.72,False,0
J03WR9,1,0:25:26.200000,DFL-OBJ-J01KJ5,DFL-OBJ-0001ZY,4.968057970676267,16.84221298806132,2.56,8.49,3.1600107207988604,13.523845606927047,0,1.0399999999999991,37.88,14.62,32.96,False,0
J03WR9,1,0:25:41.200000,DFL-OBJ-J0130T,DFL-OBJ-0000YE,4.989519014895122,18.94210209229448,1.93,11.11,3.465148475595039,15.519284777334295,1,33.07,61.62,-9.12,-0.93,False,0
J03WR9,1,0:25:44.280000,DFL-OBJ-002GM9,DFL-OBJ-0001ZY,4.900663220422313,23.167666006379946,11.54,23.76,4.202558733707932,15.322000522125041,1,13.989999999999998,58.13,-5.63,20.01,False,0
J03WR9,1,0:26:01.040000,DFL-OBJ-J01KJ5,DFL-OBJ-0001ZY,4.959969757972319,5.408953781663042,2.37,13.98,3.5104692205647003,8.63307592923866,1,0.5600000000000023,33.54,18.96,33.44,False,0
J03WR9,1,0:26:01.960000,DFL-OBJ-0026RH,DFL-OBJ-00021G,1.6650825805346698,99.82559997293495,25.03,25.4,-0.6059347409228649,4.114425840867716,1,4.190000000000001,27.36,25.14,29.81,False,0
J03WR9,1,0:26:18.960000,DFL-OBJ-002GMO,DFL-OBJ-0000YE,4.899234634103576,28.0332279054489,17.08,23.32,3.583626051092188,11.500069565006987,0,12.170000000000002,44.16,8.34,-21.83,False,0
J03WR9,1,0:26:20.760000,DFL-OBJ-0028GO,DFL-OBJ-002GM1,2.08,72.61761111877203,16.75,14.64,1.7201246376058887,5.9040409890176075,4,22.65,71.66,19.16,-11.35,False,0
J03WR9,1,0:26:22,DFL-OBJ-002GM1,DFL-OBJ-0028GO,1.9200520826269267,105.58433881870758,24.34,21.51,-0.4463244001492078,6.843281376649656,2,26.0,39.58,12.92,-8.0,False,0
J03WR9,1,0:26:23.200000,DFL-OBJ-00028V,DFL-OBJ-0002DT,4.709235606762525,21.049945671841687,16.38,14.41,8.411589578503623,9.543819989920179,3,31.23,37.24,15.26,-2.77,False,0
J03WR9,1,0:26:25.160000,DFL-OBJ-002FXT,DFL-OBJ-0028GO,4.950040403875509,4.077168077194838,8.34,14.32,3.825149759975257,6.946653870749571,3,25.68,36.62,15.88,-8.32,False,0
J03WR9,1,0:26:29.840000,DFL-OBJ-J01KJ5,DFL-OBJ-0001ZY,4.921646066104308,52.38922241811096,15.35,4.55,4.614975383583753,12.710192760143332,1,7.09,28.61,23.89,26.91,False,0
J03WR9,1,0:26:33.120000,DFL-OBJ-0026RH,DFL-OBJ-00021G,4.9550176588989086,56.19307509061317,5.75,13.44,3.2999110319715697,8.675909174259493,1,5.289999999999999,13.079999999999998,39.42,28.71,False,0
J03WR9,1,0:26:38,DFL-OBJ-002GM1,DFL-OBJ-0002DT,4.8586932399566045,1.232992153775812,6.32,10.46,4.492095735095645,7.9879158733677205,0,7.66,24.68,27.82,26.34,False,0
J03WR9,1,0:26:39.800000,DFL-OBJ-00008K,DFL-OBJ-0026WW,3.7811373950175335,26.184391488410885,15.07,15.31,2.141821233783805,6.677192523808191,2,20.83,22.41,30.09,13.17,False,0
J03WR9,1,0:26:40.880000,DFL-OBJ-002GM1,DFL-OBJ-0002DT,4.982549548173101,24.995462975573748,6.42,9.29,0.7208081120701837,10.482747731391804,1,8.96,26.33,26.17,25.04,False,0
J03WR9,1,0:26:47.200000,DFL-OBJ-J0130T,DFL-OBJ-0025YM,4.965561398271094,25.430999610923166,8.48,11.7,2.7457675099872647,14.731768393509315,1,13.370000000000001,40.01,12.49,20.63,False,0
J03WR9,1,0:26:49.040000,DFL-OBJ-00028V,DFL-OBJ-0026WW,4.186096033298805,32.28615741499704,9.14,9.26,4.59549114070092,5.282802286665666,2,17.71,22.1,30.4,16.29,False,0
J03WR9,1,0:26:49.360000,DFL-OBJ-0026WW,DFL-OBJ-00028V,2.781456453011622,3.3172836234221865,7.68,9.46,4.450113731549702,7.232212662802443,2,19.9,85.75999999999999,33.26,14.1,False,0
J03WR9,1,0:26:49.840000,DFL-OBJ-0002DT,DFL-OBJ-00028V,3.925213369996591,93.5925444538297,7.93,8.2,1.7846495332549694,8.26329232207115,4,21.689999999999998,81.78,29.28,12.31,False,0
J03WR9,1,0:26:50.680000,DFL-OBJ-0002DT,DFL-OBJ-00028V,1.0929318368498573,46.70847275660957,14.49,11.87,2.5951932844100036,7.536743328520612,4,19.57,82.08,29.58,14.43,False,0
J03WR9,1,0:26:52.560000,DFL-OBJ-0001ZY,DFL-OBJ-J0130T,4.923839964905438,5.054554908321559,9.53,14.61,3.319959422535319,6.693616361877937,2,7.23,76.03,23.53,26.77,False,0
J03WR9,1,0:26:54.920000,DFL-OBJ-0002DT,DFL-OBJ-J0130T,3.546857764275301,91.10672360861952,16.89,17.7,-0.7809679347510612,6.737714746113846,0,12.7,66.86,14.36,21.3,False,0
J03WR9,1,0:27:36.720000,DFL-OBJ-002GM1,DFL-OBJ-0026MI,4.958164983136403,172.4542714704852,25.03,17.65,2.1827604386505173,8.249242389456136,1,17.35,38.0,14.5,-16.65,False,0
J03WR9,1,0:27:38.840000,DFL-OBJ-002FXT,DFL-OBJ-002GPN,2.1541123461880987,27.400143408077874,12.97,12.06,6.354927820920302,3.027242970096719,2,31.69,23.33,29.17,-2.31,False,0
J03WR9,1,0:27:39.360000,DFL-OBJ-002FXT,DFL-OBJ-0002DT,1.6368261972488087,35.92502065038299,12.96,20.74,2.590935329861616,1.936620768245553,2,31.32,21.53,30.97,-2.68,False,0
J03WR9,1,0:27:43,DFL-OBJ-0025YM,DFL-OBJ-00028V,3.0129387647278856,9.657506188917958,3.45,18.69,5.622310058242257,9.864684485577834,3,23.83,73.27,20.77,-10.17,False,0
J03WR9,1,0:27:44.360000,DFL-OBJ-002GPN,DFL-OBJ-002FXT,4.9040799340956935,5.8186899288563385,15.94,24.7,2.4165888121454526,6.814939471484688,6,29.509999999999998,72.24,19.74,-4.49,False,0
J03WR9,1,0:27:46.240000,DFL-OBJ-0000YE,DFL-OBJ-002GM9,3.3264094756959794,12.694721664841206,8.63,17.02,1.6919731133174953,7.44120957909398,1,29.78,55.54,3.04,4.22,False,0
J03WR9,1,0:27:49,DFL-OBJ-0001ZY,DFL-OBJ-0026RH,4.921229521166431,53.03209146538057,8.86,19.65,2.538443134378434,11.966273438293143,1,12.23,58.18,5.68,21.77,False,0
J03WR9,1,0:28:45.200000,DFL-OBJ-0026WW,DFL-OBJ-002GM9,1.3661625086350495,80.2627875578828,7.06,2.09,0.9009144996248208,1.4150971698084907,3,27.06,6.460000000000001,-46.04,-6.94,False,0
J03WR9,1,0:29:27.360000,DFL-OBJ-00028V,DFL-OBJ-0025YM,3.5753181676600483,2.06063443085813,10.9,22.71,2.766858360275418,8.98568305695232,2,20.43,54.04,-1.54,-13.57,False,0
J03WR9,1,0:29:49.960000,DFL-OBJ-002GMO,DFL-OBJ-00265G,4.848391485843527,10.171078170935578,5.55,19.8,5.20908908675884,15.581145657492584,0,14.75,64.53,-12.03,-19.25,False,0
J03WR9,1,0:29:56.320000,DFL-OBJ-002GM9,DFL-OBJ-0001ZY,4.770167711936342,13.643688980627669,8.84,22.09,8.48549997922242,18.455660378322957,0,16.1,70.59,-18.09,17.9,False,0
J03WR9,1,0:30:00.440000,DFL-OBJ-J01KJ5,DFL-OBJ-0001ZY,4.893597858426867,42.251216133057724,13.99,10.0,3.999169709658441,8.804345517981448,0,0.759999999999998,59.4,-6.9,33.24,False,0
J03WR9,1,0:30:11.480000,DFL-OBJ-002GPN,DFL-OBJ-00008K,2.191278165820123,177.48679626812861,10.67,2.35,0.11309245140686541,9.330342973331689,0,11.370000000000001,76.28,23.78,-22.63,False,0
J03WR9,1,0:30:14.480000,DFL-OBJ-00265G,DFL-OBJ-0000NZ,4.931287864239929,34.33623740091127,13.63,22.16,3.141448241459359,12.261362077681259,2,2.789999999999999,57.1,4.6,-31.21,False,0
J03WR9,1,0:30:52.160000,DFL-OBJ-002GM1,DFL-OBJ-00265G,4.997999599839921,38.118723625509666,22.92,32.31,4.964096051404412,6.186840873984073,1,17.75,35.72,16.78,-16.25,False,0
J03WR9,1,0:30:54.480000,DFL-OBJ-002GM1,DFL-OBJ-0002DT,4.6598819727542455,104.7342503717231,15.17,10.44,1.9400430422307524,6.387965247244229,0,20.61,26.66,25.84,-13.39,False,0
J03WR9,1,0:31:21.400000,DFL-OBJ-0002DT,DFL-OBJ-J0130T,4.9923541541040555,42.252576841045645,8.7,18.57,4.104443221674368,13.233178000767612,0,4.329999999999998,72.71000000000001,20.21,29.67,False,0
J03WR9,1,0:31:23.480000,DFL-OBJ-0025YM,DFL-OBJ-00028V,4.844873579362003,7.798978097784323,10.09,22.65,4.1499845724288615,12.768743086145951,1,13.170000000000002,60.480000000000004,7.98,20.83,False,0
J03WR9,1,0:31:26.560000,DFL-OBJ-0001ZY,DFL-OBJ-J01KJ5,1.3020752666416795,7.7584018629154174,15.35,21.88,2.066054639357581,13.637976389479489,0,4.48,30.02,-22.48,29.52,False,0
J03WR9,1,0:31:26.920000,DFL-OBJ-J01KJ5,DFL-OBJ-0001ZY,1.0636728820459804,134.86123223698874,17.28,10.42,0.727648909658864,21.399897196014752,1,3.5199999999999996,74.97,-22.47,30.48,False,0
J03WR9,1,0:31:59.320000,DFL-OBJ-J01KJ5,DFL-OBJ-00021G,4.4917368578312775,19.391217361356937,3.42,15.47,4.824025882100815,8.22708332278214,1,0.6099999999999994,40.29,12.21,33.39,False,0
J03WR9,1,0:32:22.040000,DFL-OBJ-00028V,DFL-OBJ-0025YM,3.165469949312423,104.40282245285063,14.05,4.71,-0.44319128786304396,3.5916848414079983,2,4.260000000000002,63.7,-11.2,29.74,False,0
J03WR9,1,0:32:22.560000,DFL-OBJ-J01KJ5,DFL-OBJ-0001ZY,4.991392591251463,4.0229337316038745,7.96,12.31,2.250083455360281,7.899569608529314,0,0.740000000000002,67.35,-14.85,33.26,False,0
J03WR9,1,0:32:31.040000,DFL-OBJ-0028GO,DFL-OBJ-002GM1,4.9948973963435925,56.606018959852626,7.77,18.79,3.1652722813739276,9.99608923529597,2,32.13,55.95,3.45,1.87,False,0
J03WR9,1,0:32:36.600000,DFL-OBJ-0025YM,DFL-OBJ-J0130T,4.6631534394656144,38.72948112816483,21.37,21.89,-0.32077638385831886,9.00207198371575,2,7.75,32.95,-19.55,26.25,False,0
J03WR9,1,0:32:40.200000,DFL-OBJ-00021G,DFL-OBJ-0026RH,4.957176615776363,30.457801034896686,15.94,16.11,1.502831199057657,14.333195735773652,0,2.8000000000000007,44.41,-8.09,31.2,False,0
J03WR9,1,0:32:44.160000,DFL-OBJ-0026WW,DFL-OBJ-00008K,4.8695379657622535,27.006090394040765,11.75,20.97,3.8798345703729264,17.437453942591503,0,18.43,65.43,12.93,15.57,False,0
J03WR9,1,0:32:50.200000,DFL-OBJ-0028GO,DFL-OBJ-00028V,4.763664555780559,9.359332149201226,14.9,15.0,0.22369688879450234,9.56613297001458,0,27.95,64.12,11.62,6.05,False,0
J03WR9,1,0:33:18.160000,DFL-OBJ-002FXT,DFL-OBJ-0002DT,4.895406009719722,21.982955091239816,2.42,7.53,2.5400589935144557,15.234490473921337,0,26.06,36.06,16.44,7.94,False,0
J03WR9,1,0:33:21.600000,DFL-OBJ-J0130T,DFL-OBJ-00265G,4.840661111873048,106.5881376612442,23.62,9.98,5.764796223966648,9.030448493845697,1,14.309999999999999,30.26,22.24,-19.69,False,0
J03WR9,1,0:33:23.560000,DFL-OBJ-002GM1,DFL-OBJ-0026MI,4.932342242788918,1.8493636637820527,3.21,9.68,2.844720988333731,8.150539859420357,2,1.8999999999999986,23.32,29.18,-32.1,False,0
J03WR9,1,0:33:24.040000,DFL-OBJ-J0130T,DFL-OBJ-00265G,2.5890925051067617,9.870718150208011,10.21,14.78,2.386233123661121,5.254883443046095,1,7.640000000000001,26.18,26.32,-26.36,False,0
J03WR9,1,0:33:26.080000,DFL-OBJ-002GM1,DFL-OBJ-00265G,4.972936758093756,26.41792540508287,2.24,6.48,1.744862518894661,8.632960094892134,0,1.7299999999999969,24.76,27.74,-32.27,False,0
J03WR9,1,0:33:27.880000,DFL-OBJ-J0130T,DFL-OBJ-0028GO,0.7543208866258436,21.18715898502002,14.68,19.76,1.1490989350381844,5.663011566295796,2,11.989999999999998,21.22,31.28,-22.01,False,0
J03WR9,1,0:33:38.600000,DFL-OBJ-J01KJ5,DFL-OBJ-0001ZY,4.919278402367566,87.5842055253709,16.68,7.82,3.4523000180163277,10.589173716584309,1,7.449999999999999,30.58,21.92,26.55,False,0
J03WR9,1,0:33:39.880000,DFL-OBJ-00008K,DFL-OBJ-0026WW,3.043566986284353,33.271923972060804,18.82,18.36,-0.5567458143682935,5.696534033954328,3,13.649999999999999,16.450000000000003,36.05,20.35,False,0
J03WR9,1,0:33:41.520000,DFL-OBJ-0001ZY,DFL-OBJ-J01KJ5,2.350765832659648,123.34251582452357,5.4,5.92,-1.4718039133457628,4.540099117860753,2,12.899999999999999,85.28,32.78,21.1,False,0
J03WR9,1,0:34:06.320000,DFL-OBJ-00028V,DFL-OBJ-0025YM,4.9080546044232225,7.35026664470637,5.57,15.94,3.0315178112693197,6.157052866428872,2,27.55,48.58,3.92,6.45,False,0
J03WR9,1,0:34:06.640000,DFL-OBJ-00028V,DFL-OBJ-0025YM,4.196724913548659,30.679428244301437,9.81,17.73,2.3527390901546186,6.446929501708547,2,28.21,48.54,3.96,5.79,False,0
J03WR9,1,0:34:13.360000,DFL-OBJ-0000NZ,DFL-OBJ-00265G,4.942226219023165,45.500762579839886,3.4,9.54,3.2926971355644574,13.412520270254953,1,1.8900000000000006,36.019999999999996,16.48,-32.11,False,0
J03WR9,1,0:34:17.600000,DFL-OBJ-J0130T,DFL-OBJ-0000YE,4.955501992734944,9.82088670178775,10.08,22.8,3.429944395797959,14.961777969212083,0,19.11,56.9,-4.4,-14.89,False,0
J03WR9,1,0:34:33.560000,DFL-OBJ-002GM9,DFL-OBJ-0025YM,4.975218588162736,56.9439414424748,25.29,21.39,2.5341986852136067,8.418343067373769,1,11.129999999999999,39.15,13.35,22.87,False,0
J03WR9,1,0:34:37.920000,DFL-OBJ-J01KJ5,DFL-OBJ-0025YM,4.952746712683779,9.478087464874308,4.38,7.48,3.029330446280345,5.209990403062179,1,1.4600000000000009,15.350000000000001,37.15,32.54,False,0
J03WR9,1,0:34:38.720000,DFL-OBJ-0026RH,DFL-OBJ-00021G,4.972413900712612,54.729152546415484,2.43,9.21,1.1985287041769932,7.700292202247912,0,15.54,16.07,36.43,18.46,False,0
J03WR9,1,0:35:04.400000,DFL-OBJ-002GPN,DFL-OBJ-00008K,4.93996963553421,18.69944000711454,2.79,13.42,2.8349573726708566,21.4759516669227,0,12.79,91.72,39.22,-21.21,False,0
J03WR9,1,0:35:57.200000,DFL-OBJ-J0130T,DFL-OBJ-0000YE,3.1578632015969292,46.764167249312194,18.29,21.26,6.559169343807301,7.563808564473323,4,26.12,85.78999999999999,-33.29,-7.88,False,0
J03WR9,1,0:36:37.200000,DFL-OBJ-002FXT,DFL-OBJ-0026WW,4.989128180353756,18.097534996392476,3.3,12.06,4.2308468111272575,14.603081866510232,1,0.20000000000000284,6.859999999999999,45.64,33.8,False,0
J03WR9,1,0:36:42.640000,DFL-OBJ-J01KJ5,DFL-OBJ-0001ZY,4.94251960036579,54.1185432435226,23.01,20.23,2.5545192194247424,10.301621231631458,1,13.969999999999999,28.42,24.08,20.03,False,0
J03WR9,1,0:36:49.920000,DFL-OBJ-002GMO,DFL-OBJ-0000YE,4.92978701365485,33.955871978411835,23.27,25.8,3.7629693344258697,12.810308349138205,1,14.84,36.66,15.84,-19.16,False,0
J03WR9,1,0:37:04.640000,DFL-OBJ-0000NZ,DFL-OBJ-00265G,2.4532631330536057,27.844205564380022,7.54,18.67,3.270465139391181,2.774617090699183,2,6.920000000000002,42.44,10.06,-27.08,False,0
J03WR9,1,0:37:05.280000,DFL-OBJ-J0130T,DFL-OBJ-0025YM,4.444378471732577,2.3625541939041614,6.21,20.51,3.595706226977753,8.562832475296947,1,2.0599999999999987,49.09,3.41,-31.94,False,0
J03WR9,1,0:37:22,DFL-OBJ-J0130T,DFL-OBJ-0025YM,4.914071631549544,11.703692642570125,2.12,9.91,2.0166127669054656,11.941130599738035,1,20.27,51.99,0.51,-13.73,False,0
J03WR9,1,0:37:29.280000,DFL-OBJ-002GMO,DFL-OBJ-00265G,4.937661389767427,10.467400852385603,12.27,20.9,3.174222729295526,12.195646764317177,1,16.36,66.63,-14.13,-17.64,False,0
J03WR9,1,0:37:51.840000,DFL-OBJ-0000NZ,DFL-OBJ-0026MI,4.839101156206593,66.62100915799424,18.79,14.74,4.507404440867046,8.470478144709425,0,0.28000000000000114,28.16,24.34,-33.72,False,0
J03WR9,1,0:38:15.280000,DFL-OBJ-0026RH,DFL-OBJ-00021G,4.785530273647844,111.44609053928475,22.99,5.85,5.612312259126055,5.72116246928891,1,27.83,28.92,23.58,6.17,False,0
J03WR9,1,0:38:20.360000,DFL-OBJ-J01KJ5,DFL-OBJ-00021G,4.978845247645279,46.515822477039016,7.11,8.67,3.1171488293378125,14.37201795156129,0,3.1799999999999997,18.229999999999997,34.27,30.82,False,0
J03WR9,1,0:38:21.520000,DFL-OBJ-0026RH,DFL-OBJ-0001ZY,3.600277767061871,30.45111091560514,14.97,10.17,-1.738291234134779,5.581549963943709,1,13.940000000000001,17.200000000000003,35.3,20.06,False,0
J03WR9,1,0:38:28.400000,DFL-OBJ-J01KJ5,DFL-OBJ-00021G,4.974344177879135,42.622941171797116,6.12,9.28,1.4891395553021547,17.41892361772105,0,0.4099999999999966,18.92,33.58,33.59,False,0
J03WR9,1,0:38:34.880000,DFL-OBJ-0026RH,DFL-OBJ-00021G,3.3559797377219085,89.14683168960545,18.88,10.32,0.34396444047694263,4.754292797041431,0,3.2399999999999984,19.78,32.72,30.76,False,0
J03WR9,1,0:38:45.280000,DFL-OBJ-002GM9,DFL-OBJ-0000YE,4.919349550499536,5.202681216407744,2.94,16.49,4.007089165321,9.39541377481588,0,22.47,43.480000000000004,9.02,11.53,False,0
J03WR9,1,0:38:53.680000,DFL-OBJ-0028FW,DFL-OBJ-0000YE,4.983863962830446,28.89694529275496,10.89,19.8,6.014731151900636,16.561044653040458,0,31.56,61.7,-9.2,-2.44,False,0
J03WR9,1,0:39:20.960000,DFL-OBJ-0028GO,DFL-OBJ-002GM1,2.5672553437474823,67.19640316002014,13.15,12.8,3.530259752890373,7.533929917380442,3,9.05,94.94,42.44,-24.95,False,0
J03WR9,1,0:39:21.240000,DFL-OBJ-002GM1,DFL-OBJ-0028GO,1.816177304119839,68.3700380049642,7.4,8.27,2.8847250879602595,2.828462479864279,2,6.829999999999998,10.46,42.04,-27.17,False,0
J03WR9,1,0:39:24.720000,DFL-OBJ-00028V,DFL-OBJ-0002DT,4.3993635903389485,37.54997999271579,3.68,10.1,1.8493777985352056,5.47416660323743,1,15.54,22.05,30.45,-18.46,False,0
J03WR9,1,0:39:28.720000,DFL-OBJ-0002DT,DFL-OBJ-00028V,4.176745144248089,4.0820144801527,18.43,5.82,-2.7755404045791208,4.592003919858953,5,15.3,82.85,30.35,-18.7,False,0
J03WR9,1,0:39:29.120000,DFL-OBJ-0002DT,DFL-OBJ-002GM1,4.857869903568848,18.824214296030647,17.95,17.81,-0.6646649592747389,5.5638565761529115,5,14.16,81.14,28.64,-19.84,False,0
J03WR9,1,0:39:53.240000,DFL-OBJ-002GPN,DFL-OBJ-00008K,4.997999599839923,25.9656997508749,17.5,26.61,3.7671695212340617,7.456460286221608,1,11.309999999999999,76.93,24.43,-22.69,False,0
J03WR9,1,0:39:55.680000,DFL-OBJ-00265G,DFL-OBJ-002GMO,1.4360013927569855,25.756114729547317,11.41,19.92,3.7738015807093466,3.855191305240249,1,9.91,56.53,4.03,-24.09,False,0
J03WR9,1,0:39:57.880000,DFL-OBJ-002GPN,DFL-OBJ-00008K,4.973529933558257,37.18268460010213,11.23,18.87,1.5988379568935729,12.183242589721342,0,4.699999999999999,71.38,18.88,-29.3,False,0
J03WR9,1,0:40:02.480000,DFL-OBJ-00028V,DFL-OBJ-0028GO,0.5994163828258268,4.857155317213507,22.47,21.19,0.43682076623162286,14.853770565078753,0,23.55,25.26,27.24,-10.45,False,0
J03WR9,1,0:40:46.920000,DFL-OBJ-0028GO,DFL-OBJ-00028V,0.4177319714841083,72.17008524523771,5.03,9.58,0.4763607038642857,6.745613389455405,2,12.600000000000001,56.66,4.16,21.4,False,0
J03WR9,1,0:41:44.480000,DFL-OBJ-J0130T,DFL-OBJ-0000YE,4.9039677812971,5.898927746124744,12.28,15.91,5.739959018569221,14.841337540801367,0,32.55,61.26,-8.76,-1.45,False,0
J03WR9,1,0:41:49.840000,DFL-OBJ-002GM9,DFL-OBJ-0025YM,4.942165517260627,59.404717854155145,19.82,19.76,1.8310674478045552,12.726232749718196,1,12.649999999999999,47.47,5.03,21.35,False,0
J03WR9,1,0:41:51.640000,DFL-OBJ-J01KJ5,DFL-OBJ-0001ZY,4.504087032906893,8.486288224445733,3.12,14.17,2.8878609091746354,8.548128450134568,1,0.11999999999999744,39.21,13.29,33.88,False,0
J03WR9,1,0:42:30.720000,DFL-OBJ-0026MI,DFL-OBJ-002GM1,4.986231041578398,22.06111953173273,5.42,15.16,3.976536767387151,13.039953987648882,0,5.84,89.97999999999999,37.48,-28.16,False,0
J03WR9,1,0:42:35.680000,DFL-OBJ-002GM1,DFL-OBJ-0026MI,1.8232114523554315,27.777008303149287,10.15,12.21,1.235178598272142,9.476412823426385,1,8.86,26.91,25.59,-25.14,False,0
J03WR9,1,0:42:36.080000,DFL-OBJ-0026MI,DFL-OBJ-002FXT,1.3800362314084358,68.27082825906182,5.56,16.34,4.8097520349915985,2.332595121318744,1,9.690000000000001,79.23,26.73,-24.31,False,0
J03WR9,1,0:42:37.440000,DFL-OBJ-0026MI,DFL-OBJ-002GM1,4.676077415954534,72.45813953276537,20.45,14.06,-1.193021301611874,5.422075248463449,2,13.440000000000001,76.89,24.39,-20.56,False,0
J03WR9,1,0:42:39.760000,DFL-OBJ-0025YM,DFL-OBJ-J0130T,4.936273898397454,3.897098795341531,17.65,18.2,1.8008542438051744,6.2475995390229695,2,25.85,67.37,14.87,-8.15,False,0
J03WR9,1,0:42:40.640000,DFL-OBJ-0002DT,DFL-OBJ-0026RH,3.5418921496849682,102.99447072497694,18.96,15.71,1.7202991765737141,9.900045454441104,3,32.62,66.97,14.47,1.38,False,0
J03WR9,1,0:42:43.920000,DFL-OBJ-00021G,DFL-OBJ-0026RH,4.869630376116858,52.38101457806355,21.1,18.49,6.539171372774608,18.36596036149485,0,11.39,59.79,7.29,22.61,False,0
J03WR9,1,0:42:45.080000,DFL-OBJ-0002DT,DFL-OBJ-J01KJ5,2.4145600013252926,53.19797863038301,17.63,23.14,9.667898771226177,6.339022006587451,1,14.399999999999999,45.519999999999996,-6.98,19.6,False,0
J03WR9,1,0:42:45.800000,DFL-OBJ-J01KJ5,DFL-OBJ-00021G,3.75932174733688,39.881774534731655,22.22,6.1,6.666019458075142,4.367161549565118,2,11.739999999999998,57.14,-4.64,22.26,False,0
J03WR9,1,0:42:49.600000,DFL-OBJ-J01KJ5,DFL-OBJ-00021G,4.987955492985078,21.855837236667192,23.44,28.86,1.832405663892036,7.976421503406149,0,12.45,28.93,23.57,21.55,False,0
J03WR9,1,0:43:03.600000,DFL-OBJ-J0130T,DFL-OBJ-0025YM,4.930162269134761,67.23366376272014,12.47,10.55,1.698903579315234,8.737808649770262,1,20.65,32.55,19.95,13.35,False,0
J03WR9,1,0:43:06.200000,DFL-OBJ-00008K,DFL-OBJ-0002DT,4.742003795865204,67.19523556844176,6.25,8.31,-0.039236133678224316,4.80554887603903,3,16.36,19.68,32.82,17.64,False,0
J03WR9,1,0:43:08.800000,DFL-OBJ-0026RH,DFL-OBJ-00021G,4.874833330484233,63.17457055984044,22.48,21.03,2.9193722474837336,7.988203803108682,1,6.170000000000002,10.189999999999998,42.31,27.83,False,0
J03WR9,1,0:44:48.280000,DFL-OBJ-0026RH,DFL-OBJ-0025YM,2.9477109763340077,53.96485358018293,19.81,17.73,7.385149860825997,6.122458656454938,3,12.260000000000002,39.38,13.12,-21.74,False,0
J03WR9,1,0:44:49.360000,DFL-OBJ-002GM1,DFL-OBJ-0002DT,3.5705041660807515,9.56195233641375,5.93,19.49,2.9076157460565244,7.694004159083877,2,27.58,38.0,14.5,-6.42,False,0
J03WR9,2,0:00:20,DFL-OBJ-0025YM,DFL-OBJ-002GM1,3.919451492237147,3.7517290705258466,2.03,14.75,4.1485259971643345,4.374025605777818,3,18.259999999999998,38.09,14.41,15.74,False,0
J03WR9,2,0:00:20.720000,DFL-OBJ-0025YM,DFL-OBJ-002GM1,1.896364943780599,17.752753727805917,1.54,8.55,2.5742260534563557,2.317088690577035,3,18.689999999999998,37.99,14.51,15.31,False,0
J03WR9,2,0:00:21.040000,DFL-OBJ-00021G,DFL-OBJ-00028V,4.050580205353303,63.165108437090346,3.79,11.75,1.0641984847758756,4.286595385617822,3,18.869999999999997,43.38,9.12,15.13,False,0
J03WR9,2,0:00:23.680000,DFL-OBJ-0025YM,DFL-OBJ-J0130T,4.546757086099938,76.81994598375786,2.12,3.58,1.4168127334844893,5.070749451511089,3,20.17,36.129999999999995,16.37,13.83,False,0
J03WR9,2,0:00:27.120000,DFL-OBJ-00265G,DFL-OBJ-002GM1,4.9244796679446265,30.525335845826717,10.49,19.39,3.4944366920707215,10.07401608098776,1,3.2699999999999996,31.04,21.46,30.73,False,0
J03WR9,2,0:00:31.960000,DFL-OBJ-0000YE,DFL-OBJ-002GMO,2.2944498251214793,45.687990785482846,11.06,11.32,0.1269484369124041,3.9407740356432526,2,24.04,9.299999999999997,43.2,9.96,False,0
J03WR9,2,0:00:33.200000,DFL-OBJ-0025YM,DFL-OBJ-00028V,4.916299421312742,10.808322869120929,8.25,19.18,2.972053450282246,5.186636675148932,0,20.689999999999998,16.54,35.96,13.31,False,0
J03WR9,2,0:00:37.720000,DFL-OBJ-0002DT,DFL-OBJ-J01KJ5,0.8502352615599934,57.44678652984092,26.14,24.85,2.5818527644759346,7.0551683183323135,1,14.16,19.869999999999997,32.63,-19.84,False,0
J03WR9,2,0:00:39.880000,DFL-OBJ-J01KJ5,DFL-OBJ-0002DT,3.8971784665319067,0.7552428956894566,7.29,9.71,0.06317437137524196,6.000966588808841,1,10.84,88.91,36.41,-23.16,False,0
J03WR9,2,0:00:40.280000,DFL-OBJ-0026RH,DFL-OBJ-0002DT,4.905609034564415,13.355203517800897,8.5,11.77,3.1292592274192965,5.073549053670418,2,12.649999999999999,84.58,32.08,-21.35,False,0
J03WR9,2,0:00:44.080000,DFL-OBJ-0002DT,DFL-OBJ-0026RH,1.3094273557551792,114.11589712850366,8.93,8.9,3.291919025876814,10.851082895269025,2,7.07,34.3,18.2,-26.93,False,0
J03WR9,2,0:00:45.600000,DFL-OBJ-0028G2,DFL-OBJ-0026RH,4.196403221807935,59.02530205960511,17.62,3.96,3.997112078886016,8.072998203889309,2,7.510000000000002,30.93,21.57,-26.49,False,0
J03WR9,2,0:00:48.400000,DFL-OBJ-00265G,DFL-OBJ-00028V,4.661770050098996,23.73684030880824,9.07,22.81,5.068930548779182,11.325656713851078,1,31.6,30.11,22.39,-2.4,False,0
J03WR9,2,0:01:19.800000,DFL-OBJ-002FXT,DFL-OBJ-0026WW,1.319469590403658,149.10740568410137,28.52,23.61,1.3036352269888456,7.710648481159025,2,11.670000000000002,52.92,0.42,-22.33,False,0
J03WR9,2,0:01:22.520000,DFL-OBJ-0028G2,DFL-OBJ-J01KJ5,2.9338882050957578,94.66405395975418,25.7,22.73,-0.25371599360512476,5.415607075850314,1,12.420000000000002,26.8,25.7,-21.58,False,0
J03WR9,2,0:01:25.560000,DFL-OBJ-0025YM,DFL-OBJ-00028V,3.1894356867634115,33.89170551495544,14.18,25.58,5.195716953121844,3.7264728631777255,1,32.79,20.03,32.47,1.21,False,0
J03WR9,2,0:01:56.880000,DFL-OBJ-002GM9,DFL-OBJ-0000YE,4.919400369963803,24.58535527534115,18.73,23.07,2.475314594447706,9.668634857103664,1,14.09,85.0,32.5,-19.91,False,0
J03WR9,2,0:02:05.800000,DFL-OBJ-0000NZ,DFL-OBJ-0025YM,4.925494898992384,10.195838168759543,6.6,21.95,4.558595875119487,8.171621626091115,1,12.73,67.39,14.89,21.27,False,0
J03WR9,2,0:02:10.600000,DFL-OBJ-J0130T,DFL-OBJ-0025YM,4.974032569254045,41.04029648989336,13.48,19.17,2.552350811907682,11.66969579723482,1,23.59,63.769999999999996,11.27,10.41,False,0
J03WR9,2,0:02:14.520000,DFL-OBJ-00008K,DFL-OBJ-002GPN,2.19535874061621,10.006429195394348,13.03,23.81,3.7965371816123183,7.591258130244286,0,27.89,27.89,-24.61,6.11,False,0
J03WR9,2,0:03:00.280000,DFL-OBJ-00021G,DFL-OBJ-002GM1,4.975791394341206,45.30239652522374,14.34,20.95,5.018363591563082,10.367458705005776,2,19.369999999999997,57.91,-5.41,14.63,False,0
J03WR9,2,0:03:01.280000,DFL-OBJ-0025YM,DFL-OBJ-002GMO,1.7044940598312461,54.369889410800674,5.32,17.71,4.334439634870165,5.956122900008024,1,26.04,43.730000000000004,8.77,7.96,False,0
J03WR9,2,0:03:26.160000,DFL-OBJ-00003W,DFL-OBJ-002FXT,4.8781143898026835,34.94346960790123,14.21,16.53,5.021221365833837,15.68496413767019,0,30.81,83.32,-30.82,-3.19,False,0
J03WR9,2,0:03:36.720000,DFL-OBJ-00021G,DFL-OBJ-002GM1,4.984475900232641,27.513443419760513,5.93,14.37,2.9361517407278637,12.625894027751064,1,8.530000000000001,55.14,-2.64,25.47,False,0
J03WR9,2,0:03:41.400000,DFL-OBJ-0026WW,DFL-OBJ-00008K,4.9104073150808984,34.047499914516685,17.48,25.11,6.200757675652399,20.957652540301357,0,22.6,71.61,-19.11,-11.4,False,0
J03WR9,2,0:04:19.360000,DFL-OBJ-002GM9,DFL-OBJ-0000YE,0.6166036003787198,84.75779122587491,26.22,29.49,0.6010653851597858,23.132634955836746,1,19.6,84.81,32.31,-14.4,False,0
J03WR9,2,0:04:21.160000,DFL-OBJ-002GM9,DFL-OBJ-0000YE,0.8205485969764358,77.08417498663209,20.22,15.92,-0.1063457856701,22.589878264390894,1,20.03,96.13,43.63,-13.97,False,0
J03WR9,2,0:06:13.880000,DFL-OBJ-00008K,DFL-OBJ-0001ZY,3.3228000240760807,48.045348087633855,19.29,21.29,1.1669444720519018,6.065945927882971,3,29.39,44.65,-7.85,-4.61,False,0
J03WR9,2,0:06:17,DFL-OBJ-002GMO,DFL-OBJ-0000YE,4.890255617040894,22.11331909277875,11.06,21.27,2.6350473480057057,11.189298458795351,0,20.86,60.33,7.83,13.14,False,0
J03WR9,2,0:06:19.640000,DFL-OBJ-0000NZ,DFL-OBJ-00265G,4.902948092729518,49.57196393822748,5.88,14.48,2.8464372351694256,13.422518392611725,1,0.8599999999999994,47.29,-5.21,33.14,False,0
J03WR9,2,0:07:48.400000,DFL-OBJ-002GM9,DFL-OBJ-0025YM,4.941912585224469,35.1684673733571,19.25,27.87,4.678458099629183,11.913060060286778,0,14.510000000000002,63.019999999999996,10.52,-19.49,False,0
J03WR9,2,0:07:49.960000,DFL-OBJ-0026RH,DFL-OBJ-0002DT,4.9268651290653365,22.71388746094582,13.76,17.79,4.445612156438418,6.537346556516644,3,11.73,43.58,-8.92,-22.27,False,0
J03WR9,2,0:07:50.800000,DFL-OBJ-J01KJ5,DFL-OBJ-0001ZY,4.8711805550605485,6.706723890616368,19.7,12.51,7.1087830430395815,9.102181057307089,1,0.17999999999999972,43.79,-8.71,-33.82,False,0
J03WR9,2,0:08:02.600000,DFL-OBJ-0000YE,DFL-OBJ-002GM9,1.6086329600005094,57.27154121996281,32.23,29.28,3.0304563123144823,2.453507693079441,1,10.29,22.46,30.04,-23.71,False,0
J03WR9,2,0:08:06.800000,DFL-OBJ-0028G2,DFL-OBJ-002GMO,4.669271891847806,23.02245901766956,2.63,11.25,2.0575340173056533,5.835614791947802,0,1.5399999999999991,12.799999999999997,39.7,-32.46,False,0
J03WR9,2,0:08:10.240000,DFL-OBJ-0000YE,DFL-OBJ-002GM9,1.2592458060283542,28.117604901773003,15.28,16.83,1.4139573826527763,2.765248632582611,1,13.739999999999998,14.700000000000003,37.8,-20.26,False,0
J03WR9,2,0:08:12.160000,DFL-OBJ-0028G2,DFL-OBJ-J01KJ5,2.73358738656733,16.690991925320645,18.3,8.4,-0.656539794227935,3.0306599941266916,1,20.95,17.880000000000003,34.62,-13.05,False,0
J03WR9,2,0:08:13.360000,DFL-OBJ-0002DT,DFL-OBJ-00028V,4.956944623455056,26.878058498489388,15.74,14.65,0.5105693099673725,5.950210080324899,2,33.31,17.560000000000002,34.94,0.69,False,0
J03WR9,2,0:09:08.240000,DFL-OBJ-J0130T,DFL-OBJ-0002DT,4.948413887297626,67.89380369689356,14.84,10.1,4.266366671396087,12.812169995750136,0,22.740000000000002,61.0,8.5,-11.26,False,0
J03WR9,2,0:09:11.400000,DFL-OBJ-0028G2,DFL-OBJ-J01KJ5,4.899846936384849,51.64382744352372,19.89,24.78,4.198976823889777,8.986934961375873,1,13.5,52.54,-0.04,-20.5,False,0
J03WR9,2,0:09:12.760000,DFL-OBJ-0000YE,DFL-OBJ-002GMO,4.014299440749283,71.62098472347854,11.86,20.25,2.2402696858290416,11.078849218217567,0,31.75,32.42,20.08,-2.25,False,0
J03WR9,2,0:09:13.280000,DFL-OBJ-0000YE,DFL-OBJ-002GMO,3.4218416094261266,113.70039358848251,5.8,14.14,0.780444181987775,10.448358722785125,0,31.91,31.4,21.1,-2.09,False,0
J03WR9,2,0:09:18.640000,DFL-OBJ-0001ZY,DFL-OBJ-0026RH,4.9845059935764935,56.27258525125689,6.2,19.78,2.274575677520869,12.167353861871526,0,10.420000000000002,23.98,28.52,-23.58,False,0
J03WR9,2,0:09:19.680000,DFL-OBJ-0002DT,DFL-OBJ-0026RH,4.955643247853911,54.4798601659296,6.62,12.4,2.001014360733484,6.242387363821633,1,14.43,15.939999999999998,36.56,-19.57,False,0
J03WR9,2,0:10:17.440000,DFL-OBJ-00028V,DFL-OBJ-002GPN,4.864576034969542,3.9903179810124274,6.56,21.35,3.891012996139418,10.77368089373358,1,22.78,58.84,6.34,11.22,False,0
J03WR9,2,0:10:24.040000,DFL-OBJ-J01KJ5,DFL-OBJ-0028G2,4.766088543029809,12.27666347222003,2.52,16.74,5.60984996895651,13.188237183187148,1,0.509999999999998,53.53,1.03,-33.49,False,0
J03WR9,2,0:10:30.640000,DFL-OBJ-0028G2,DFL-OBJ-J01KJ5,3.551788281978531,71.52711105996947,28.1,24.54,-1.1080084873195772,8.053949341782575,2,2.1400000000000006,38.14,14.36,-31.86,False,0
J03WR9,2,0:10:33.160000,DFL-OBJ-0028G2,DFL-OBJ-002GM9,2.2520435164534427,113.07699229090855,27.4,26.36,2.677906916603111,9.197608384792217,1,7.52,17.659999999999997,34.84,-26.48,False,0
J03WR9,2,0:10:33.760000,DFL-OBJ-002GM9,DFL-OBJ-0028G2,1.4894629904767673,39.303308402997416,21.78,23.71,1.0769284255496585,15.408130970367562,0,10.02,92.28999999999999,39.79,-23.98,False,0
J03WR9,2,0:10:36.880000,DFL-OBJ-0028FW,DFL-OBJ-0025YM,4.980140560265344,11.43234745492524,9.11,16.01,4.491386998922444,13.14273944046674,0,24.75,103.08,50.58,-9.25,False,0
J03WR9,2,0:11:12.440000,DFL-OBJ-0002DT,DFL-OBJ-002FXT,4.9568538408954534,28.72124547082799,11.4,15.86,1.0597472363741356,7.997624647356237,4,23.36,68.1,-15.6,-10.64,False,0
J03WR9,2,0:11:47.960000,DFL-OBJ-0028FW,DFL-OBJ-0025YM,4.966387016735607,29.68988546848437,11.36,13.05,2.6718793887206838,10.20935355446171,0,26.02,94.53999999999999,42.04,7.98,False,0
J03WR9,2,0:11:48.240000,DFL-OBJ-0028FW,DFL-OBJ-0025YM,4.360791212612682,32.91133523731255,9.22,9.91,2.1932978342146914,9.79086308759345,0,25.47,93.97999999999999,41.48,8.53,False,0
J03WR9,2,0:11:52.600000,DFL-OBJ-00028V,DFL-OBJ-002GPN,3.2578827480435817,33.85782223925699,13.98,19.63,4.088700259550387,10.553369130282519,0,33.3,54.13,1.63,-0.7,False,0
J03WR9,2,0:11:53.320000,DFL-OBJ-00028V,DFL-OBJ-002GPN,2.0924626639440906,67.32961525505475,16.57,21.56,0.7212588162301314,8.67274466359987,0,30.59,53.09,0.59,-3.41,False,0
J03WR9,2,0:12:29.120000,DFL-OBJ-0000YE,DFL-OBJ-002GM1,2.2766861883008827,13.91562095241953,10.35,18.64,1.7583264754384276,8.595929269136644,1,7.949999999999999,42.42,10.08,26.05,False,0
J03WR9,2,0:12:31.720000,DFL-OBJ-00021G,DFL-OBJ-002GM1,4.901122320448654,39.008516556027104,9.58,12.27,3.0044056085691917,11.579050047391625,1,3.879999999999999,53.09,-0.59,30.12,False,0
J03WR9,2,0:12:33.800000,DFL-OBJ-002GPN,DFL-OBJ-00008K,4.057647101461635,41.90324731758334,18.78,8.46,-3.2141105386506252,7.026307707466276,1,19.61,48.35,4.15,14.39,False,0
J03WR9,2,0:12:34.360000,DFL-OBJ-002GPN,DFL-OBJ-00028V,4.985509001095074,48.4459730220986,20.21,22.43,3.515999867355699,5.781600124533002,0,21.83,46.31,6.19,12.17,False,0
J03WR9,2,0:12:34.600000,DFL-OBJ-002GPN,DFL-OBJ-00028V,4.2368974497856335,47.911638356903715,21.21,23.86,3.171204344704106,6.560464922549316,0,22.96,45.54,6.96,11.04,False,0
J03WR9,2,0:12:38.600000,DFL-OBJ-0001ZY,DFL-OBJ-0026RH,4.9206605247669755,58.663571653699634,17.95,21.45,3.598387996210073,14.666049229427806,0,9.61,30.73,21.77,-24.39,False,0
J03WR9,2,0:13:12.160000,DFL-OBJ-J0130T,DFL-OBJ-0025YM,4.9525952792450125,17.784443496756253,9.87,8.44,4.092677182871111,12.09991735508966,1,33.82,66.53999999999999,14.04,-0.18,False,0
J03WR9,2,0:13:48,DFL-OBJ-J0130T,DFL-OBJ-0025YM,4.954452542915311,33.47077631671626,10.83,15.06,1.8994601600413463,19.15971294148219,1,21.880000000000003,73.18,20.68,12.12,False,0
J03WR9,2,0:13:54.120000,DFL-OBJ-002GMO,DFL-OBJ-00265G,3.0902750686629807,14.094958424255045,20.71,29.98,3.4533104945468893,17.279204264085774,1,16.33,82.4,29.9,17.67,False,0
J03WR9,2,0:14:00.760000,DFL-OBJ-002GMO,DFL-OBJ-00265G,4.861244696577208,44.50668606719833,16.32,19.95,3.2866502385876273,10.56038351576305,0,0.6899999999999977,80.22,27.72,33.31,False,0
J03WR9,2,0:14:03.040000,DFL-OBJ-002FXT,DFL-OBJ-0000F9,1.3462912017836266,22.862922803959414,18.5,17.52,4.90942305156402,8.31986177769799,1,23.6,60.64,8.14,10.4,False,0
J03WR9,2,0:14:03.760000,DFL-OBJ-002FXT,DFL-OBJ-0000F9,2.8694424545545427,83.16359759728834,19.83,8.78,-4.319114062478986,6.081290981362428,1,19.939999999999998,61.41,8.91,14.06,False,0
J03WR9,2,0:14:04.200000,DFL-OBJ-002FXT,DFL-OBJ-0000F9,4.220000000000001,20.40988283380403,19.26,10.24,-2.948602102244616,6.569573806572233,1,17.66,62.22,9.72,16.34,False,0
J03WR9,2,0:14:08.200000,DFL-OBJ-002GM1,DFL-OBJ-002GPN,2.806439024814187,62.18924249063143,16.2,16.57,3.133840861423075,5.995139698122135,1,6.789999999999999,46.61,-5.89,27.21,False,0
J03WR9,2,0:14:11.360000,DFL-OBJ-00028V,DFL-OBJ-002GPN,4.90634283351663,27.526095683822522,11.13,19.14,2.749551668553465,6.124197906665002,2,22.78,44.64,-7.86,11.22,False,0
J03WR9,2,0:14:13.640000,DFL-OBJ-J0130T,DFL-OBJ-002GPN,4.979899597381457,44.436305749901585,19.86,24.78,2.2645510238764377,8.055588122539532,0,31.47,41.26,-11.24,-2.53,False,0
J03WR9,2,0:14:17.200000,DFL-OBJ-J01KJ5,DFL-OBJ-0001ZY,4.981214711292818,93.16800337895154,13.75,10.61,3.349811066381281,6.424772369508509,1,4.670000000000002,21.51,-30.99,-29.33,False,0
J03WR9,2,0:14:21.400000,DFL-OBJ-0002DT,DFL-OBJ-00028V,2.906217472936257,70.51121746066342,19.28,9.1,1.6367734317594795,9.129671407011315,5,26.43,83.1,-30.6,-7.57,False,0
J03WR9,2,0:14:26.440000,DFL-OBJ-002GMO,DFL-OBJ-00265G,2.845487655921213,40.74848713447451,20.47,30.31,6.824223678274531,14.552140735987953,1,31.06,67.03999999999999,14.54,2.94,False,0
J03WR9,2,0:14:36.960000,DFL-OBJ-0000NZ,DFL-OBJ-0025YM,4.999849997749933,109.0910197440304,9.54,7.89,1.7955883653480642,8.757060008929937,1,7.890000000000001,40.9,-11.6,26.11,False,0
J03WR9,2,0:14:39.120000,DFL-OBJ-00028V,DFL-OBJ-002GPN,4.958154898750139,1.9751832996368874,4.21,9.2,2.9226576675384996,9.873180845097492,2,16.65,44.8,-7.7,17.35,False,0
J03WR9,2,0:14:42.440000,DFL-OBJ-J0130T,DFL-OBJ-0002DT,4.959939515760248,25.46532724899361,8.19,11.76,3.232849314253783,9.217119940632214,1,27.509999999999998,48.36,-4.14,6.49,False,0
J03WR9,2,0:14:43.640000,DFL-OBJ-00008K,DFL-OBJ-0026WW,4.171390655404982,6.157724802019303,13.72,19.45,1.3275058810390306,9.709582895263832,1,24.77,33.120000000000005,-19.38,-9.23,False,0
J03WR9,2,0:14:47.200000,DFL-OBJ-J01KJ5,DFL-OBJ-0028G2,4.8487627287793735,24.681506564534406,5.12,13.83,4.524808319484121,14.855561248232931,0,3.1000000000000014,45.21,-7.29,-30.9,False,0
J03WR9,2,0:14:47.880000,DFL-OBJ-0026RH,DFL-OBJ-0028G2,4.979086261554423,34.65175899415148,8.93,13.92,5.310838622856178,5.558506993788888,1,0.8500000000000014,37.38,-15.12,-33.15,False,0
J03WR9,2,0:14:59.680000,DFL-OBJ-0000YE,DFL-OBJ-002GM9,2.469109151090737,87.4518539715241,16.89,17.19,-0.42032774543744766,15.777632902308255,1,0.7999999999999972,45.82,6.68,-33.2,False,0
J03WR9,2,0:15:02.040000,DFL-OBJ-0028G2,DFL-OBJ-J01KJ5,4.830165628630141,145.349898282105,9.41,15.88,-3.33148760802364,6.804594036384536,1,3.460000000000001,53.39,-0.89,-30.54,False,0
J03WR9,2,0:15:05.400000,DFL-OBJ-0028G2,DFL-OBJ-002GM9,4.951949111208636,27.751310406609758,16.57,4.27,5.8427779621973,10.258094364939327,1,6.100000000000001,46.95,5.55,-27.9,False,0
J03WR9,2,0:15:06.800000,DFL-OBJ-0002DT,DFL-OBJ-00028V,4.927413114403947,8.748125420295407,13.24,20.43,1.5127045049919752,5.408779899385812,0,14.600000000000001,44.019999999999996,8.48,-19.4,False,0
J03WR9,2,0:15:10.240000,DFL-OBJ-0028G2,DFL-OBJ-J01KJ5,2.083962571640863,95.7768537639699,27.87,29.0,2.512180400246503,12.27065605418064,0,9.34,13.420000000000002,39.08,-24.66,False,0
J03WR9,2,0:15:31.280000,DFL-OBJ-00028V,DFL-OBJ-0000YE,4.999289949582842,27.704254984580956,16.0,23.11,3.4103027134722264,9.026682668621955,1,15.95,54.43,1.93,-18.05,False,0
J03WR9,2,0:15:33.800000,DFL-OBJ-00008K,DFL-OBJ-0000F9,3.6220022087237864,7.754618265055486,12.75,12.05,0.4745537544634859,6.723094525588644,2,32.53,35.68,-16.82,-1.47,False,0
J03WR9,2,0:15:36.480000,DFL-OBJ-002GM1,DFL-OBJ-00021G,4.961783953378058,174.66567040661724,15.79,6.05,2.21543238701978,7.685863646982034,0,29.8,35.65,-16.85,4.2,False,0
J03WR9,2,0:15:38.200000,DFL-OBJ-002FXT,DFL-OBJ-0001ZY,3.273606573795942,71.84045146218556,11.7,16.83,0.4259342041607528,4.94251960036579,3,27.8,18.11,-34.39,-6.2,False,0
J03WR9,2,0:16:20.360000,DFL-OBJ-J0130T,DFL-OBJ-00265G,4.979176638762679,6.135605424122999,7.15,15.85,2.986941784576951,18.282324797464902,2,28.29,69.51,17.01,5.71,False,0
J03WR9,2,0:16:25.840000,DFL-OBJ-00028V,DFL-OBJ-002GPN,4.921148239994403,65.51857686751987,14.08,13.4,4.147699298956704,11.247688651451908,2,15.77,54.63,2.13,18.23,False,0
J03WR9,2,0:16:27.560000,DFL-OBJ-0000NZ,DFL-OBJ-0025YM,4.933609226519668,20.769294730634865,1.63,12.55,3.4512746819221163,11.935279636439189,0,1.9600000000000009,49.55,-2.95,32.04,False,0
J03WR9,2,0:16:31.040000,DFL-OBJ-00008K,DFL-OBJ-0000F9,4.904538714293117,30.581462535532477,7.05,8.78,3.0749867069896486,5.314028603611388,2,1.3100000000000023,37.68,-14.82,32.69,False,0
J03WR9,2,0:16:40.760000,DFL-OBJ-J0130T,DFL-OBJ-00265G,4.9435311266340785,27.32448712940589,20.55,21.62,2.956381127467771,13.66004758410453,1,31.73,60.88,8.38,-2.27,False,0
J03WR9,2,0:16:46.280000,DFL-OBJ-J01KJ5,DFL-OBJ-0028G2,4.895099590406716,77.63316370411862,16.04,18.74,4.93508567642194,13.203018594245787,1,2.710000000000001,36.260000000000005,-16.24,-31.29,False,0
J03WR9,2,0:16:50.040000,DFL-OBJ-002GM1,DFL-OBJ-002GPN,3.9458839313897727,18.063248331681386,5.63,14.91,5.236614616752224,4.179102774519908,1,33.13,26.34,-26.16,0.87,False,0
J03WR9,2,0:16:50.480000,DFL-OBJ-002GM1,DFL-OBJ-002GPN,2.4288680491125905,26.37436993505715,11.96,17.08,3.3366023795165822,2.998166106138886,1,32.35,25.63,-26.87,1.65,False,0
J03WR9,2,0:17:31.440000,DFL-OBJ-0028FW,DFL-OBJ-00265G,1.0944404963267769,14.301438081594712,7.95,6.25,0.9193741044699077,15.868887799716779,0,18.22,95.71000000000001,43.21,15.78,False,0
J03WR9,2,0:17:49.480000,DFL-OBJ-J0130T,DFL-OBJ-0000YE,4.9024585668825384,50.471110248231504,6.61,5.58,2.6344966179348828,10.800041666586292,1,30.25,67.6,15.1,-3.75,False,0
J03WR9,2,0:18:02.600000,DFL-OBJ-J0130T,DFL-OBJ-0000YE,4.925616712656397,4.686770114530073,10.52,7.04,2.2001969169611546,16.91490467014225,0,22.0,73.69,21.19,12.0,False,0
J03WR9,2,0:18:11.720000,DFL-OBJ-J01KJ5,DFL-OBJ-0028G2,4.874474330632995,26.500257429213068,8.24,13.49,4.792403631909048,13.817336935893255,0,1.2800000000000011,55.01,2.51,-32.72,False,0
J03WR9,2,0:18:13.560000,DFL-OBJ-00028V,DFL-OBJ-0002DT,2.2138202275704324,42.83334261942311,14.18,13.75,1.864647022705055,7.8671468779984,0,15.059999999999999,56.55,4.05,-18.94,False,0
J03WR9,2,0:18:14.120000,DFL-OBJ-00028V,DFL-OBJ-0002DT,2.0063897926375125,50.227564989352246,15.02,16.39,0.14184724855548891,5.489672121356612,1,12.8,57.1,4.6,-21.2,False,0
J03WR9,2,0:18:15.400000,DFL-OBJ-J01KJ5,DFL-OBJ-0028G2,4.838284820057621,6.072456407207811,8.33,14.02,1.9727811172139953,7.017834423809101,0,2.0599999999999987,58.78,6.28,-31.94,False,0
J03WR9,2,0:18:30.520000,DFL-OBJ-002FXT,DFL-OBJ-0025YM,3.5481826334054456,1.4924167270807076,11.87,20.0,4.64994466792859,8.627444581102795,2,26.06,51.99,-0.51,7.94,False,0
J03WR9,2,0:18:31.600000,DFL-OBJ-0025YM,DFL-OBJ-002FXT,0.6911584478250989,64.21880989560033,18.37,6.81,2.0915442844755185,12.636653037889424,1,24.759999999999998,55.55,-3.05,9.24,False,0
J03WR9,2,0:18:33.680000,DFL-OBJ-00021G,DFL-OBJ-002GM1,4.8740947877529015,8.94855781584456,2.09,13.61,3.9425341103423106,5.74283031265943,1,13.02,62.41,-9.91,20.98,False,0
J03WR9,2,0:18:37.960000,DFL-OBJ-00265G,DFL-OBJ-002GM1,3.926576116669586,169.3962246140246,7.87,3.5,-1.9498574884486675,5.142217420529786,2,15.66,53.55,-1.05,18.34,False,0
J03WR9,2,0:18:38.480000,DFL-OBJ-0025YM,DFL-OBJ-002FXT,2.6117618574441286,7.835777308597418,8.26,12.74,4.618745427141326,6.740741798941715,0,18.869999999999997,53.32,-0.82,15.13,False,0
J03WR9,2,0:18:38.960000,DFL-OBJ-00265G,DFL-OBJ-002FXT,2.5386019774671245,10.93966340790385,6.35,12.03,2.931021666372172,5.019581655875318,1,16.8,53.77,-1.27,17.2,False,0
J03WR9,2,0:18:42.160000,DFL-OBJ-002GPN,DFL-OBJ-002FXT,4.822302354684949,14.426878295367063,4.44,19.58,5.400224463872352,8.336773956393445,0,5.949999999999999,63.26,-10.76,28.05,False,0
J03WR9,2,0:18:43.240000,DFL-OBJ-00021G,DFL-OBJ-002GM1,4.910498956317981,5.79204826171105,5.31,17.34,3.2080188171982416,10.906002934164285,2,1.0600000000000023,48.81,3.69,32.94,False,0
J03WR9,2,0:18:44.240000,DFL-OBJ-00265G,DFL-OBJ-00028V,4.868028348315158,2.8229358268171234,12.23,13.1,6.466469178266274,7.654129604337777,1,10.18,51.98,0.52,23.82,False,0
J03WR9,2,0:18:47.160000,DFL-OBJ-002GMO,DFL-OBJ-0000YE,3.5040690632463276,133.82945436830718,14.03,5.97,1.6217828416924895,5.901228685621323,1,22.89,75.08,22.58,11.11,False,0
J03WR9,2,0:18:47.960000,DFL-OBJ-J0130T,DFL-OBJ-0002DT,4.128001937984038,40.881062275046474,16.23,16.29,8.377722289641047,4.928792955683979,4,20.32,69.26,16.76,13.68,False,0
J03WR9,2,0:18:48.560000,DFL-OBJ-00028V,DFL-OBJ-00265G,4.624305353239553,85.82936458925707,6.31,1.43,-0.6767154228958439,6.049801649641085,3,20.15,62.18,9.68,13.85,False,0
J03WR9,2,0:18:50.640000,DFL-OBJ-J0130T,DFL-OBJ-0000YE,4.871550061325451,18.710133458502856,13.78,14.43,5.189378932805681,8.094251046267345,2,28.89,67.64,15.14,5.11,False,0
J03WR9,2,0:18:56.560000,DFL-OBJ-J0130T,DFL-OBJ-0000YE,4.867792107311075,41.012128019121306,11.89,18.2,3.5021900319806742,12.524795407510656,2,24.060000000000002,58.15,5.65,-9.94,False,0
J03WR9,2,0:19:05.280000,DFL-OBJ-J0130T,DFL-OBJ-0025YM,4.283654981438164,1.3051259279875282,11.67,8.74,-0.32880749737532744,9.53923477014797,1,21.77,56.6,4.1,12.23,False,0
J03WR9,2,0:19:06.480000,DFL-OBJ-002GMO,DFL-OBJ-0025YM,4.99433679280843,45.122327948023354,10.67,5.78,1.6245486929389918,13.677667929877522,2,26.46,57.47,4.97,7.54,False,0
J03WR9,2,0:19:14.400000,DFL-OBJ-J0130T,DFL-OBJ-0025YM,4.948019805942575,65.57813610589615,4.13,3.6,2.0917320144019813,13.50902291063273,0,33.1,55.76,3.26,0.9,False,0
J03WR9,2,0:19:18.800000,DFL-OBJ-00028V,DFL-OBJ-0002DT,4.909297302058615,18.34793136695009,7.75,14.95,3.2179841010057153,6.590295896240168,2,22.14,50.11,-2.39,11.86,False,0
J03WR9,2,0:19:24.880000,DFL-OBJ-J0130T,DFL-OBJ-0025YM,4.96864166548565,4.537173383915856,6.45,13.39,1.9170237343798924,10.838025650458667,0,26.19,59.730000000000004,7.23,7.81,False,0
J03WR9,2,0:19:39.480000,DFL-OBJ-002GMO,DFL-OBJ-00265G,4.941710230274536,42.256859580960715,17.27,19.05,4.0438950539906156,15.004032791219831,0,13.170000000000002,66.65,14.15,20.83,False,0
J03WR9,2,0:19:52.880000,DFL-OBJ-002GMO,DFL-OBJ-00265G,4.911720676097124,32.240175147638844,11.63,15.92,3.549232670208886,12.765586551349688,0,9.829999999999998,62.11,9.61,24.17,False,0
J03WR9,2,0:19:55.840000,DFL-OBJ-J0130T,DFL-OBJ-0025YM,4.983813800695207,34.57551652778848,12.15,17.83,2.672963639679349,19.170104329397898,1,31.59,67.91,15.41,2.41,False,0
J03WR9,2,0:19:57.240000,DFL-OBJ-0026RH,DFL-OBJ-0028G2,3.971901307938051,4.011320994745917,20.56,18.38,-0.5135106540243128,8.604446524907921,1,25.11,58.97,6.47,-8.89,False,0
J03WR9,2,0:20:06.120000,DFL-OBJ-00028V,DFL-OBJ-002GPN,3.7430068127108713,30.14281906051842,4.0,15.63,3.66769889733509,8.676133931654121,1,25.35,48.49,-4.01,8.65,False,0
J03WR9,2,0:20:06.640000,DFL-OBJ-00028V,DFL-OBJ-002GPN,3.0176315215744944,29.530275990501057,12.72,15.26,1.0763185186933888,7.241270606737467,1,26.45,49.19,-3.31,7.55,False,0
J03WR9,2,0:21:15.840000,DFL-OBJ-0000YE,DFL-OBJ-002GMO,1.232598880414874,37.057343404746156,24.92,24.34,-0.13435875841186384,6.390618123468184,2,8.18,76.09,-23.59,-25.82,False,0
J03WR9,2,0:21:17.280000,DFL-OBJ-0001ZY,DFL-OBJ-0026RH,4.911710496354606,10.368956142900752,8.96,13.1,4.113652875046374,8.092193769306318,0,9.29,86.43,-33.93,-24.71,False,0
J03WR9,2,0:21:20.800000,DFL-OBJ-0000NZ,DFL-OBJ-0025YM,4.913206692171621,18.08727370628942,18.4,22.37,7.307606026390092,6.573043435121966,1,15.41,55.13,2.63,-18.59,False,0
J03WR9,2,0:21:22.320000,DFL-OBJ-00028V,DFL-OBJ-0002DT,4.421402492422511,37.18725642402685,8.37,12.58,4.5408837858696804,8.517423319290877,2,13.86,39.9,-12.6,-20.14,False,0
J03WR9,2,0:21:22.680000,DFL-OBJ-0000NZ,DFL-OBJ-0002DT,2.5825955935840983,88.39013308376693,23.63,12.94,3.698712885032812,4.475634033296286,1,14.559999999999999,44.46,-8.04,-19.44,False,0
J03WR9,2,0:21:26.600000,DFL-OBJ-J0130T,DFL-OBJ-0025YM,4.832597645159382,41.856642176294706,14.68,19.79,5.778517085306323,13.608071134440767,1,32.93,50.49,-2.01,-1.07,False,0
J03WR9,2,0:21:41,DFL-OBJ-J0130T,DFL-OBJ-00265G,4.982057807773812,4.30520883050911,4.12,16.32,4.531412665586809,15.776542713788722,1,21.84,60.980000000000004,8.48,12.16,False,0
J03WR9,2,0:21:47.680000,DFL-OBJ-0000NZ,DFL-OBJ-002GPN,4.9479288596340965,53.12828312287767,7.04,7.66,2.6918220174724095,13.2521432228904,0,0.8400000000000034,35.83,-16.67,33.16,False,0
J03WR9,2,0:21:50,DFL-OBJ-00028V,DFL-OBJ-00265G,2.663118472768343,39.12482732803864,17.53,23.52,2.3904771340218076,6.4855840137955205,2,10.21,23.05,-29.45,23.79,False,0
J03WR9,2,0:21:54.360000,DFL-OBJ-00021G,DFL-OBJ-00028V,4.999859998039952,,5.21,0.0,1.007061299660228,8.95594774437636,0,4.010000000000002,90.7,-38.2,29.99,False,0
J03WR9,2,0:21:57,DFL-OBJ-002GPN,DFL-OBJ-002GM1,4.880829847474709,17.22231767882006,2.27,16.23,3.2721983852381586,7.240441975459784,2,10.59,77.9,-25.4,23.41,False,0
J03WR9,2,0:22:02.440000,DFL-OBJ-00265G,DFL-OBJ-00008K,4.98688279389039,21.305185269857073,8.53,15.53,2.7927078249969184,13.464055852528242,0,2.9499999999999993,82.97,-30.47,31.05,False,0
J03WR9,2,0:22:04.240000,DFL-OBJ-0025YM,DFL-OBJ-J0130T,4.242793890822412,116.7727241213878,9.13,8.12,-1.116726564076479,9.492944748601458,2,12.05,59.68,-7.18,21.95,False,0
J03WR9,2,0:22:04.800000,DFL-OBJ-0025YM,DFL-OBJ-J0130T,4.979015967036056,126.90936829896646,6.03,6.89,-1.3548339808044774,7.7331300260631854,2,12.77,60.53,-8.03,21.23,False,0
J03WR9,2,0:22:14,DFL-OBJ-0001ZY,DFL-OBJ-0026RH,4.914682085343874,7.175468848961645,3.17,14.19,5.332620114245798,15.753174283299222,1,1.1799999999999997,57.11,-4.61,-32.82,False,0
J03WR9,2,0:22:20.680000,DFL-OBJ-00003W,DFL-OBJ-00008K,4.869630376116856,14.403843976876416,11.5,18.32,6.4656162513723965,15.457587133831721,0,24.619999999999997,87.22,-34.72,-9.38,False,0
J03WR9,2,0:22:25.400000,DFL-OBJ-002GM9,DFL-OBJ-0002DT,1.0245974819410788,24.513451212573067,23.44,21.8,1.1469426233050355,15.53057951269044,0,10.629999999999999,77.03,24.53,-23.37,False,0
J03WR9,2,0:22:27.640000,DFL-OBJ-0026RH,DFL-OBJ-0028G2,4.095912596723716,13.405063150571785,7.66,18.03,3.347206769023212,6.982556838293548,1,1.0399999999999991,63.0,10.5,-32.96,False,0
J03WR9,2,0:22:27.920000,DFL-OBJ-0026RH,DFL-OBJ-0028G2,2.9156302920637924,18.202133919589393,10.26,17.06,4.121582664516959,6.517583908167197,1,0.6700000000000017,63.6,11.1,-33.33,False,0
J03WR9,2,0:22:45.240000,DFL-OBJ-0002DT,DFL-OBJ-J01KJ5,2.1110187114282057,46.82078691086517,20.46,21.39,0.052790921800818236,2.927456233660888,2,15.23,32.2,20.3,-18.77,False,0
J03WR9,2,0:22:46.040000,DFL-OBJ-0025YM,DFL-OBJ-002GM1,3.304375886608542,13.110455486309702,5.5,13.48,1.6413958665620587,6.626047087064803,1,25.55,23.14,29.36,-8.45,False,0
J03WR9,2,0:22:50.200000,DFL-OBJ-0028FW,DFL-OBJ-0002DT,4.904936289086741,12.319445256636621,1.37,13.6,5.199850577346272,6.660037537431752,2,30.57,99.03999999999999,46.54,-3.43,False,0
J03WR9,2,0:22:50.840000,DFL-OBJ-0028FW,DFL-OBJ-0002DT,3.0714817271147807,25.13745700245436,7.29,2.44,2.4974012732532667,7.21141456303824,2,30.57,98.49000000000001,45.99,-3.43,False,0
J03WR9,2,0:22:55.960000,DFL-OBJ-0028FW,DFL-OBJ-0002DT,3.7316216314090593,165.95340176927465,1.22,12.14,-3.434936248007215,5.3463351933824725,2,33.16,90.07,37.57,-0.84,False,0
J03WR9,2,0:23:13.600000,DFL-OBJ-J0130T,DFL-OBJ-0025YM,4.979477884276624,59.09382564338595,7.79,10.3,1.3036914458995952,16.78672094245925,0,30.88,58.99,6.49,3.12,False,0
J03WR9,2,0:23:24.560000,DFL-OBJ-00028V,DFL-OBJ-0025YM,4.981967482832461,1.923013246301629,15.82,12.06,4.616859905588355,9.201222744831254,0,32.04,61.19,8.69,-1.96,False,0
J03WR9,2,0:23:47.280000,DFL-OBJ-002GPN,DFL-OBJ-002FXT,4.823743359674102,27.707746587732835,17.35,22.95,7.190657834574134,5.514571606208408,2,29.72,74.26,-21.76,-4.28,False,0
J03WR9,2,0:23:47.840000,DFL-OBJ-002GPN,DFL-OBJ-002FXT,1.995294464483878,31.758201893460264,19.34,25.69,4.486598929703499,6.524323719742913,2,28.9,71.58,-19.08,-5.1,False,0
J03WR9,2,0:23:52.840000,DFL-OBJ-00021G,DFL-OBJ-002GM1,4.982057807773812,47.90381886509619,16.21,21.25,3.0848844380674523,18.02499653259329,0,5.879999999999999,74.07,-21.57,28.12,False,0
J03WR9,2,0:24:00.040000,DFL-OBJ-0002DT,DFL-OBJ-00028V,4.9455939987022814,58.220752534656405,6.47,16.05,3.0349800658710735,9.441038078516579,1,5.289999999999999,31.64,20.86,28.71,False,0
J03WR9,2,0:24:02.800000,DFL-OBJ-002GPN,DFL-OBJ-002FXT,4.990761464947005,28.39159897638896,13.95,21.2,1.930928409113608,8.575045189385301,1,19.880000000000003,34.260000000000005,18.24,14.12,False,0
J03WR9,2,0:24:14.600000,DFL-OBJ-00008K,DFL-OBJ-00021G,4.953160607127533,10.260908987168648,25.09,29.16,1.498673500888521,5.347990276730127,0,3.6700000000000017,47.58,-4.92,30.33,False,0
J03WR9,2,0:24:42.120000,DFL-OBJ-002GMO,DFL-OBJ-0025YM,4.9320583938148985,21.190917267869867,13.15,15.76,2.310422651960451,14.345075810186573,2,33.41,53.04,0.54,-0.59,False,0
J03WR9,2,0:24:53.920000,DFL-OBJ-J0130T,DFL-OBJ-0025YM,4.960161287700229,81.84189555655267,12.17,10.79,0.42754478500949933,14.953772099373456,1,24.54,56.82,4.32,9.46,False,0
J03WR9,2,0:24:58.520000,DFL-OBJ-00003W,DFL-OBJ-0026RH,3.179449637909053,148.67442347697082,0.9,12.68,-3.827868702857216,16.337686494727457,0,27.0,91.33,-38.83,7.0,False,0
J03WR9,2,0:25:18.920000,DFL-OBJ-002GPN,DFL-OBJ-002FXT,2.8178892810044895,23.878583218255258,10.07,17.25,6.866153836698057,3.420526275297414,3,32.05,56.41,-3.91,-1.95,False,0
J03WR9,2,0:25:19.360000,DFL-OBJ-0025YM,DFL-OBJ-00028V,2.0508047201037938,18.303255498056423,1.41,8.16,1.1910674173508806,3.571456285606755,4,32.9,52.34,0.16,1.1,False,0
J03WR9,2,0:25:19.760000,DFL-OBJ-002GPN,DFL-OBJ-002FXT,2.3760681808399355,175.56896068708653,12.7,8.16,-4.4491556969749935,4.759254143245558,3,30.96,54.5,-2.0,-3.04,False,0
J03WR9,2,0:25:20.400000,DFL-OBJ-0002DT,DFL-OBJ-0026RH,4.797019908234695,5.602417961664919,7.55,12.89,1.1700155188999584,4.937793029279376,3,24.1,51.92,0.58,-9.9,False,0
J03WR9,2,0:26:38.520000,DFL-OBJ-002GMO,DFL-OBJ-00017G,4.953079849951946,11.710651322542983,14.07,18.83,3.9336457073322473,14.546071634637304,0,5.949999999999999,60.39,7.89,28.05,False,0
J03WR9,2,0:26:48.720000,DFL-OBJ-0000NZ,DFL-OBJ-00265G,4.994156585450641,1.2788855792599545,2.58,15.31,3.133867481662702,6.745146403155382,1,3.6900000000000013,44.11,-8.39,30.31,False,0
J03WR9,2,0:26:50.960000,DFL-OBJ-002GMO,DFL-OBJ-00265G,3.718494318941472,7.643594393928485,16.58,28.02,12.429972454432917,13.748836314394028,0,7.23,56.12,3.62,26.77,False,0
J03WR9,2,0:26:57.800000,DFL-OBJ-0000YE,DFL-OBJ-J01KJ5,4.586294800816885,129.95825721827293,12.26,16.26,-2.8758810661140664,6.970459095353763,0,18.14,34.43,18.07,-15.86,False,0
J03WR9,2,0:27:02.400000,DFL-OBJ-00017G,DFL-OBJ-00028V,3.363004608976918,11.257411396940835,6.39,25.2,5.029750103350363,5.303404566879657,1,33.77,30.32,22.18,0.23,False,0
J03WR9,2,0:27:06.280000,DFL-OBJ-00021G,DFL-OBJ-002GM1,4.991372556722248,61.23287376338552,19.17,24.08,5.244946531152521,9.871372751547783,0,14.59,20.96,31.54,19.41,False,0
J03WR9,2,0:27:40.640000,DFL-OBJ-002GM9,DFL-OBJ-00017G,4.92603288661373,64.6872339707919,20.51,22.64,3.96373837956538,11.777886058202466,1,27.31,55.66,3.16,6.69,False,0
J03WR9,2,0:28:37.760000,DFL-OBJ-00017G,DFL-OBJ-00008K,2.0746083967823896,21.731685420358072,18.02,13.76,5.82372991345031,5.496216880728051,4,16.36,82.83,-30.33,-17.64,False,0
J03WR9,2,0:31:15.920000,DFL-OBJ-002GMO,DFL-OBJ-00265G,4.938117050050556,24.741434182298374,12.01,19.13,5.47339489668621,21.543351642676214,1,20.85,82.18,29.68,13.15,False,0
J03WR9,2,0:31:18.400000,DFL-OBJ-002GM9,DFL-OBJ-0000YE,4.879108525130388,8.996712988654554,6.29,24.87,4.966508456508945,13.549745385061671,1,33.46,86.63,34.13,-0.54,False,0
J03WR9,2,0:31:20.600000,DFL-OBJ-0028FW,DFL-OBJ-0000YE,4.888445560707408,10.961370540697382,14.61,29.79,5.108773576227407,17.007110277763235,0,20.55,96.00999999999999,43.51,13.45,False,0
J03WR9,2,0:31:45.160000,DFL-OBJ-002GMO,DFL-OBJ-0002DT,4.986150820021393,4.434177732358959,8.77,15.99,6.9467486707427835,7.423543628214224,1,12.399999999999999,47.74,-4.76,21.6,False,0
J03WR9,2,0:31:48.120000,DFL-OBJ-00028V,DFL-OBJ-00265G,4.992684648563335,78.90343411543526,14.35,5.45,2.216757686652282,8.397053054494775,2,7.91,37.230000000000004,-15.27,26.09,False,0
J03WR9,2,0:32:05.720000,DFL-OBJ-0002DT,DFL-OBJ-J01KJ5,0.7648529270389169,56.77836793616998,6.61,10.18,1.3158701607165042,4.185271795236242,2,6.379999999999999,52.71,-0.21,-27.62,False,0
J03WR9,2,0:32:13.680000,DFL-OBJ-00028V,DFL-OBJ-0000F9,3.0210097649627015,79.91382019376734,15.63,11.15,3.728903910283594,5.498745311432419,2,27.63,46.03,-6.47,-6.37,False,0
J03WR9,2,0:32:14.400000,DFL-OBJ-0000F8,DFL-OBJ-0000F9,4.830093166803307,32.498797880841735,21.48,15.02,5.374408913126816,7.613724449965338,1,32.58,45.019999999999996,-7.48,1.42,False,0
J03WR9,2,0:32:20.120000,DFL-OBJ-J0130T,DFL-OBJ-00017G,4.96649775999144,49.44636843091741,9.73,13.63,2.3242610187646795,14.159802258506296,1,33.92,45.12,-7.38,0.08,False,0
J03WR9,2,0:32:23.760000,DFL-OBJ-J01KJ5,DFL-OBJ-0028G2,4.989128180353756,28.99615990441438,12.11,13.91,5.466469529491094,14.270588635371704,0,3.370000000000001,35.67,-16.83,-30.63,False,0
J03WR9,2,0:32:25.360000,DFL-OBJ-002G5J,DFL-OBJ-0026WW,0.8982761268117972,12.635738742478596,13.29,17.98,1.4499997403210954,4.22640509180083,2,11.399999999999999,24.48,-28.02,-22.6,False,0
J03WR9,2,0:32:27,DFL-OBJ-002FXT,DFL-OBJ-0028G2,4.923291581858623,24.6918741651476,2.06,12.72,3.0814185396919647,5.59972320744517,0,3.5500000000000007,26.48,-26.02,-30.45,False,0
J03WR9,2,0:32:39.440000,DFL-OBJ-00028V,DFL-OBJ-0001ZY,3.2344705903748734,12.131042740525158,12.92,18.65,1.1842064719242495,7.9081982777368465,1,17.76,33.72,-18.78,-16.24,False,0
J03WR9,2,0:32:48.800000,DFL-OBJ-002GMO,DFL-OBJ-00265G,4.861645811862481,40.46715849504065,21.26,25.57,5.599494258418409,7.560800222198704,0,4.940000000000001,53.29,0.79,29.06,False,0
J03WR9,2,0:32:52.800000,DFL-OBJ-002GPN,DFL-OBJ-0000F8,3.3578862398836544,33.376371651765844,11.37,13.05,1.779393697914905,4.634792336232554,2,11.71,78.01,-25.51,22.29,False,0
J03WR9,2,0:32:54.240000,DFL-OBJ-00021G,DFL-OBJ-002G5J,4.91256552119155,49.42000973534417,20.16,20.18,3.0919600947704406,6.657063917373785,0,1.75,74.61,-22.11,32.25,False,0
J03WR9,2,0:32:56.960000,DFL-OBJ-002GPN,DFL-OBJ-0000F8,4.930415803966234,60.115713188578006,11.58,21.82,2.7209286232333585,8.226007537074107,1,10.3,63.07,-10.57,23.7,False,0
J03WR9,2,0:32:58.960000,DFL-OBJ-002G5J,DFL-OBJ-002GPN,1.7240939649566676,19.030244187477724,7.46,2.37,2.46176626894314,7.665428885587549,3,8.489999999999998,44.04,-8.46,25.51,False,0
J03WR9,2,0:34:26.880000,DFL-OBJ-00028V,DFL-OBJ-002GPN,4.898418112003098,13.299205045115288,3.4,13.0,2.129324280459215,5.300943312279428,1,32.43,54.26,1.76,-1.57,False,0
J03WR9,2,0:34:35.800000,DFL-OBJ-002GM9,DFL-OBJ-00017G,4.917092636914623,32.5988819288138,15.45,10.13,2.856690838948237,11.854804933021883,1,30.240000000000002,46.980000000000004,-5.52,3.76,False,0
J03WR9,2,0:34:40.480000,DFL-OBJ-0000NZ,DFL-OBJ-00265G,4.8095322017842825,28.688221112024056,2.74,16.84,5.018488146474089,15.174985996698645,1,1.3400000000000034,37.81,-14.69,32.66,False,0
J03WR9,2,0:36:00.640000,DFL-OBJ-002GMO,DFL-OBJ-002GPI,4.930649044497083,33.74394405328365,15.3,20.73,5.204367805730317,5.994038705247072,0,14.75,61.56,9.06,19.25,False,0
J03WR9,2,0:36:05.800000,DFL-OBJ-J01KJ5,DFL-OBJ-0028G2,1.1627553482998945,60.12248982070555,25.19,27.92,2.1029145195843824,11.813251034325818,1,3.8299999999999983,18.47,-34.03,-30.17,False,0
J03WR9,2,0:36:06.320000,DFL-OBJ-J01KJ5,DFL-OBJ-0028G2,0.6243396511515225,115.47935918682367,13.94,24.24,0.8330232580265085,11.459410979627183,1,3.9899999999999984,15.560000000000002,-36.94,-30.01,False,0
J03WR9,2,0:36:06.680000,DFL-OBJ-J01KJ5,DFL-OBJ-0028G2,1.5076471735787542,157.69324940435624,7.31,19.38,-2.311379960235563,11.481088798541714,1,3.75,14.57,-37.93,-30.25,False,0
J03WR9,2,0:36:59.800000,DFL-OBJ-002GM9,DFL-OBJ-002GPI,2.88452769097473,7.275004957889281,1.27,7.04,0.12301782508537418,2.9404251393293457,3,7.280000000000001,55.45,2.95,-26.72,False,0
J03WR9,2,0:37:00.480000,DFL-OBJ-002G5J,DFL-OBJ-00017G,4.17455386837923,47.993318450855355,6.75,9.32,-0.21578659647121468,4.584506516518434,2,2.3000000000000007,50.89,-1.61,-31.7,False,0
J03WR9,2,0:37:01.480000,DFL-OBJ-00028V,DFL-OBJ-0001ZY,3.9884834210511646,11.86773189756619,6.84,9.72,3.5791604460377666,5.03508689100794,4,8.71,48.94,-3.56,-25.29,False,0
J03WR9,2,0:37:02.760000,DFL-OBJ-002G5J,DFL-OBJ-002GPN,4.849340161300297,43.82552362828395,17.97,9.39,5.137334693233702,5.885448156257941,2,0.46000000000000085,44.81,-7.69,-33.54,False,0
J03WR9,2,0:37:50.360000,DFL-OBJ-00017G,DFL-OBJ-00008K,4.928539337369644,11.733679578205892,3.23,17.57,3.5749759172343887,11.648059924296406,1,19.15,51.55,0.95,14.85,False,0
J03WR9,2,0:37:52.720000,DFL-OBJ-0000F9,DFL-OBJ-00008K,4.913206692171619,14.483329787092238,8.54,18.36,4.229573163345941,7.711860994597867,1,5.280000000000001,50.9,1.6,28.72,False,0
J03WR9,2,0:38:09.720000,DFL-OBJ-002GM9,DFL-OBJ-002GPI,4.951545213365218,12.949462014928242,6.85,5.95,3.3733788705192347,13.778755386463613,1,25.259999999999998,69.57,17.07,-8.74,False,0
J03WR9,2,0:38:15.960000,DFL-OBJ-002GM9,DFL-OBJ-002GPI,4.980813186619232,19.537635734402496,7.22,11.31,3.3088759539425183,19.186589066324427,1,24.29,70.67,18.17,-9.71,False,0
J03WR9,2,0:38:26.840000,DFL-OBJ-0001ZY,DFL-OBJ-J0130T,2.8699999999999997,24.601283714172613,16.94,19.51,1.1795272158273562,5.241116293310041,3,27.7,71.98,-19.48,6.3,False,0
J03WR9,2,0:39:58.240000,DFL-OBJ-0028G2,DFL-OBJ-00008K,0.9976472322419384,107.78438865951334,4.06,13.46,2.5845751568333064,10.019605780668218,3,20.58,83.61,-31.11,-13.42,False,0
J03WR9,2,0:39:58.880000,DFL-OBJ-0028G2,DFL-OBJ-00008K,2.9869047524151155,97.69605172201653,15.23,4.09,-3.220792759520478,7.718037315276469,4,20.869999999999997,85.31,-32.81,-13.13,False,0
J03WR9,2,0:39:59.520000,DFL-OBJ-00021G,DFL-OBJ-002GMO,2.846910606253733,115.99008455072604,9.16,19.19,-0.6318601835859428,7.220588618665383,1,23.630000000000003,89.34,-36.84,-10.37,False,0
J03WR9,2,0:40:03.040000,DFL-OBJ-J0130T,DFL-OBJ-00017G,3.142005728829915,130.92449643350918,5.22,3.93,-1.1149753755997749,5.434381289530576,0,32.79,40.1,-12.4,1.21,False,0
J03WR9,2,0:40:07,DFL-OBJ-0026WW,DFL-OBJ-J0130T,0.5060632371551999,46.613952018341436,2.7,13.35,3.992455434179202,5.40048146001817,4,33.1,85.25999999999999,-32.76,0.9,False,0
J03WR9,2,0:40:07.760000,DFL-OBJ-0002DT,DFL-OBJ-J0130T,4.15530985607572,162.06346348672568,12.82,9.69,-0.5925804330388929,6.943752587758295,5,33.5,83.12,-30.62,0.5,False,0
J03WR9,2,0:40:09.680000,DFL-OBJ-00265G,DFL-OBJ-0000NZ,2.39741527483246,0.11903179775173219,9.01,12.27,2.45427957847227,12.622899825317479,1,19.369999999999997,67.44,-14.94,14.63,False,0
J03WR9,2,0:40:13.080000,DFL-OBJ-0000NZ,DFL-OBJ-00265G,1.9742846805868701,44.68984904431501,19.32,23.52,0.8910584158448159,19.30640567272945,0,8.030000000000001,50.37,-2.13,25.97,False,0
J03WR9,2,0:40:21.840000,DFL-OBJ-0000NZ,DFL-OBJ-002GPI,4.966135318333563,33.05155648059317,16.24,24.59,4.727626733588508,17.630207032250073,1,3.4800000000000004,51.69,-0.81,30.52,False,0
J03WR9,2,0:40:24,DFL-OBJ-0000F8,DFL-OBJ-00021G,4.971810535408604,23.954454060892033,7.17,11.48,1.8382695669433624,10.067949145680066,2,0.10000000000000142,27.11,-25.39,33.9,False,0
J03WR9,2,0:45:20.040000,DFL-OBJ-002G5J,DFL-OBJ-0001ZY,1.5938004893963358,79.2139902776571,24.8,26.32,1.400315393628081,14.91839468575624,1,6.050000000000001,19.979999999999997,-32.52,-27.95,False,0
J03WR9,2,0:45:20.440000,DFL-OBJ-002G5J,DFL-OBJ-0001ZY,1.8034688796871443,85.43480833886038,20.11,19.87,-0.5241709757270213,15.17142709174058,1,5.25,17.68,-34.82,-28.75,False,0
J03WR9,2,0:45:32.480000,DFL-OBJ-002G5J,DFL-OBJ-0001ZY,3.4100146627250756,18.381517896993216,4.25,10.1,2.3251361528710377,9.659218394880616,1,3.3099999999999987,4.649999999999999,-47.85,-30.69,False,0
J03WR9,2,0:45:34.720000,DFL-OBJ-J01KJ5,DFL-OBJ-002GPI,2.932319900692967,78.78168710253813,15.24,8.14,-1.159799022515161,4.584811882727577,0,3.879999999999999,10.850000000000001,-41.65,-30.12,False,0
J03WR9,2,0:45:40.760000,DFL-OBJ-002FXT,DFL-OBJ-00021G,2.514358765172546,7.1805057532947645,18.1,19.77,0.579414441989109,13.547819012667683,0,12.0,2.3900000000000006,-50.11,22.0,False,0
J03WR9,2,0:45:42.040000,DFL-OBJ-0000NZ,DFL-OBJ-002GPN,4.928143666737001,30.06113122378551,13.28,14.39,4.438985241576341,9.650129532809396,0,7.25,14.740000000000002,-37.76,26.75,False,0
J03WR9,2,0:45:45.160000,DFL-OBJ-J01NQ8,DFL-OBJ-002G0F,4.9163502723056665,5.8453096201358115,8.8,19.85,5.903422876751039,9.755208865011554,0,16.25,23.88,-28.62,17.75,False,0
J03WR9,2,0:45:50.280000,DFL-OBJ-J01NQ8,DFL-OBJ-002G0F,4.8926475450414335,56.187824675081934,6.22,13.49,3.3184615230407366,5.594899462903691,0,10.309999999999999,21.34,-31.16,23.69,False,0
J03WR9,2,0:46:26.480000,DFL-OBJ-002GPI,DFL-OBJ-J01NQ8,4.944461548035338,26.347458482502713,2.63,16.39,3.8667927036467287,7.158058395961854,1,1.1799999999999997,61.19,-8.69,32.82,False,0
J03WR9,2,0:46:27.240000,DFL-OBJ-00017G,DFL-OBJ-J0130T,4.889989775040435,20.053043355659486,5.77,16.97,3.9174579999220716,5.905963088269346,2,8.649999999999999,55.09,-2.59,25.35,False,0
J03WR9,2,0:46:31.360000,DFL-OBJ-J0130T,DFL-OBJ-00017G,1.9801010075246201,84.10890558043464,18.09,8.79,0.8536254950684802,11.060257682350803,3,2.030000000000001,47.33,-5.17,31.97,False,0
J03WR9,2,0:46:37.360000,DFL-OBJ-002G5J,DFL-OBJ-0002DT,4.982710105956397,80.23802514680797,11.4,18.6,0.7318798977857588,10.950967993743749,2,27.35,32.96,-19.54,-6.65,False,0
J03WR9,2,0:46:53.200000,DFL-OBJ-002G5J,DFL-OBJ-00017G,4.028361949974208,23.6796155047403,19.95,23.77,0.511923196993076,9.583579706977973,1,20.17,40.96,-11.54,13.83,False,0
J03WR9,2,0:46:53.560000,DFL-OBJ-002G5J,DFL-OBJ-00017G,3.7259361239828044,33.64617935463006,19.65,24.34,0.8132456395203147,9.755331875441245,1,21.9,41.9,-10.6,12.1,False,0
J03WR9,2,0:46:57.400000,DFL-OBJ-002GM9,DFL-OBJ-00017G,4.997299270606074,16.11309353635269,6.31,12.64,2.9739954370056143,17.146923922383277,0,26.509999999999998,52.99,0.49,-7.49,False,0
J03WR9,2,0:47:05.560000,DFL-OBJ-002GMO,DFL-OBJ-002GPI,4.959647164869695,28.193458862993054,19.04,22.06,5.5059267680269315,20.282430820786743,0,6.129999999999999,59.94,7.44,27.87,False,0
J03WR9,2,0:47:10.360000,DFL-OBJ-00028V,DFL-OBJ-0000F9,1.586852230045384,19.645517914372537,5.2,6.39,1.6712424171601103,2.0225231766286385,1,20.34,12.270000000000003,-40.23,13.66,False,0
J03WR9,2,0:47:10.720000,DFL-OBJ-0000F8,DFL-OBJ-0000F9,4.38353738435068,37.458994729546184,15.1,10.96,4.239182726757007,5.351569863133619,1,19.490000000000002,15.96,-36.54,14.51,False,0
J03WR9,2,0:47:20.600000,DFL-OBJ-J01NQ8,DFL-OBJ-00017G,1.7438463235044532,97.17242979789594,15.0,8.2,-2.266472239867685,1.9795959183631398,1,22.66,42.24,-10.26,11.34,False,0
J03WR9,2,0:47:21.480000,DFL-OBJ-J0130T,DFL-OBJ-002G0F,1.3112589370524799,80.760846652984,11.25,6.98,0.7747065900932465,4.459820624195553,3,21.54,39.04,-13.46,12.46,False,0
J03WR9,2,0:47:29.520000,DFL-OBJ-002G5J,DFL-OBJ-0028G2,4.307690796703032,42.31493583211694,2.43,16.98,3.4483897213205994,8.030840553765216,3,27.13,40.47,-12.03,-6.87,False,0
J03WR9,2,0:47:33.360000,DFL-OBJ-J01KJ5,DFL-OBJ-0001ZY,4.951494723818254,6.6893250720459,7.64,9.87,4.804121654633131,12.582972621761522,0,3.379999999999999,36.11,-16.39,-30.62,False,0
J03WR9,2,0:47:37.120000,DFL-OBJ-00017G,DFL-OBJ-J01KJ5,1.2376186811776881,17.953218758489953,16.91,13.6,5.937737450809674,6.193972876918336,4,20.64,75.89,-23.39,-13.36,False,0
J03WR9,2,0:47:37.480000,DFL-OBJ-0002DT,DFL-OBJ-00028V,2.590926475220785,33.88426050672755,2.97,8.84,1.882147012417309,3.3626477662699084,4,23.17,77.61,-25.11,-10.83,False,0
J03WR9,2,0:48:55.120000,DFL-OBJ-0001ZY,DFL-OBJ-0000F8,1.028591269649901,79.18612248637496,4.99,12.34,1.47705551105066,7.127818740680772,1,3.9200000000000017,63.41,-10.91,-30.08,False,0
J03WR9,2,0:48:58.520000,DFL-OBJ-J01KJ5,DFL-OBJ-00017G,4.056229776528936,9.142782350584383,13.28,14.14,5.341713826243272,4.334166586553868,2,4.850000000000001,52.24,-0.26,-29.15,False,0
J03WR9,2,0:49:00.760000,DFL-OBJ-0000F9,DFL-OBJ-0000F8,4.431568571059236,43.43307915140294,14.7,19.2,2.7043338119533322,6.8589940953466355,3,14.34,65.03,-12.53,-19.66,False,0
J03WR9,2,0:49:03.160000,DFL-OBJ-002GPN,DFL-OBJ-0000F8,4.831035085776133,7.403582058858794,6.89,22.9,6.396752598545139,6.367432763681136,0,27.03,73.58,-21.08,-6.97,False,0
J03WR9,2,0:49:14.520000,DFL-OBJ-0028G2,DFL-OBJ-002GM9,4.852793010215869,24.12047844642858,9.71,3.84,-2.849169105029703,8.22652417488699,1,6.609999999999999,18.009999999999998,34.49,-27.39,False,0
J03WR9,2,0:49:16.240000,DFL-OBJ-J01KJ5,DFL-OBJ-002GPI,3.950354414479794,98.37241793557232,27.57,28.87,0.8073367921421537,6.627216610312359,0,14.43,89.56,37.06,-19.57,False,0
J03WR9,2,0:49:17.640000,DFL-OBJ-J0130T,DFL-OBJ-002GPI,3.476391807607421,118.63198142050845,22.7,21.46,0.33266996442216645,12.355019222971691,3,22.17,96.32,43.82,-11.83,False,0
